fir_number,person_id,name,role,age,gender,district,is_synthetic
FIR-2025-UDU-0001,P0061,Urvashi Ray,accused,39,male,Raichur,True
FIR-2025-UDU-0001,V00010,Ethan Buch,victim,74,male,Udupi,True
FIR-2025-UDU-0001,V00011,Manbir Bhatti,victim,57,male,Udupi,True
FIR-2025-SHI-0002,P0293,Lajita Nadig,accused,37,male,Raichur,True
FIR-2025-SHI-0002,V00020,Anvi Nair,victim,23,male,Shivamogga,True
FIR-2025-SHI-0002,V00021,Chaitaly Setty,victim,31,male,Shivamogga,True
FIR-2025-KAL-0003,P0124,Pranav Lanka,accused,39,female,Ballari,True
FIR-2025-KAL-0003,V00030,Hardik Contractor,victim,18,female,Kalaburagi,True
FIR-2025-KAL-0003,V00031,Qushi Seth,victim,29,female,Kalaburagi,True
FIR-2024-MAN-0004,P0087,Advika Jayaraman,accused,21,male,Hassan,True
FIR-2024-MAN-0004,V00040,Odika Nori,victim,19,female,Mandya,True
FIR-2024-MAN-0004,V00041,Mohini Sagar,victim,33,male,Mandya,True
FIR-2024-VIJ-0005,P0009,Arunima Dugal,accused,28,female,Hassan,True
FIR-2024-VIJ-0005,V00050,Dhriti Sane,victim,53,male,Vijayapur,True
FIR-2025-KAL-0006,P0015,Janaki Handa,accused,23,male,Mandya,True
FIR-2025-KAL-0006,V00060,Aadhya Prasad,victim,16,female,Kalaburagi,True
FIR-2025-DAK-0007,P0054,Devansh Nigam,accused,60,female,Raichur,True
FIR-2025-DAK-0007,P0042,Kashvi Edwin,accused,25,male,Dharwad,True
FIR-2025-DAK-0007,V00070,Urvi Bhavsar,victim,65,female,Dakshina Kannada,True
FIR-2025-DAK-0007,V00071,Frederick Chander,victim,48,male,Dakshina Kannada,True
FIR-2025-BAL-0008,P0059,Arya Sunder,accused,51,female,Belagavi,True
FIR-2025-BAL-0008,V00080,Gopal Pradhan,victim,46,female,Ballari,True
FIR-2025-BAG-0009,P0120,Mohini Narasimhan,accused,31,male,Belagavi,True
FIR-2025-BAG-0009,P0144,Aryan Batra,accused,38,female,Shivamogga,True
FIR-2025-BAG-0009,V00090,Darpan Narayan,victim,40,female,Bagalkot,True
FIR-2025-BAG-0009,V00091,Nirja Pandya,victim,45,female,Bagalkot,True
FIR-2025-RAI-0010,P0053,Jai Kota,accused,52,male,Kalaburagi,True
FIR-2025-RAI-0010,V00100,Charan Mani,victim,42,male,Raichur,True
FIR-2025-RAI-0010,V00101,Indira Chawla,victim,36,female,Raichur,True
FIR-2025-KAL-0011,P0012,Hemangini Lalla,accused,42,male,Mandya,True
FIR-2025-KAL-0011,P0036,Advay Contractor,accused,49,male,Mysuru,True
FIR-2025-KAL-0011,P0024,Daksh Karnik,accused,33,male,Bagalkot,True
FIR-2025-KAL-0011,V00110,Mohammed Subramaniam,victim,58,male,Kalaburagi,True
FIR-2025-KAL-0011,V00111,Hritik Palla,victim,42,female,Kalaburagi,True
FIR-2024-SHI-0012,P0062,Girindra Chatterjee,accused,32,male,Bengaluru City,True
FIR-2024-SHI-0012,V00120,Ishwar Mallick,victim,70,female,Shivamogga,True
FIR-2024-SHI-0012,V00121,Pushti Bal,victim,23,female,Shivamogga,True
FIR-2024-DHA-0013,P0004,Ayushman Chander,accused,23,female,Mysuru,True
FIR-2024-DHA-0013,P0040,Yashica Cherian,accused,34,male,Belagavi,True
FIR-2024-DHA-0013,P0064,Unni Bhagat,accused,22,male,Hassan,True
FIR-2024-DHA-0013,V00130,Ayush Gole,victim,27,male,Dharwad,True
FIR-2025-KAL-0014,P0049,Alka Wable,accused,49,male,Belagavi,True
FIR-2025-KAL-0014,P0025,Diya Rattan,accused,42,male,Raichur,True
FIR-2025-KAL-0014,V00140,Dayamai Nori,victim,62,female,Kalaburagi,True
FIR-2025-KAL-0014,V00141,Abeer Golla,victim,65,male,Kalaburagi,True
FIR-2024-DAK-0015,P0057,Ekansh Balay,accused,52,male,Shivamogga,True
FIR-2024-DAK-0015,P0045,Wriddhish Bhardwaj,accused,24,male,Kolar,True
FIR-2024-DAK-0015,P0033,Michael Dutta,accused,53,male,Dharwad,True
FIR-2024-DAK-0015,V00150,Nandini Boase,victim,64,male,Dakshina Kannada,True
FIR-2025-BEL-0016,P0078,Mohammed Gupta,accused,46,male,Mysuru,True
FIR-2025-BEL-0016,V00160,Azaan Chand,victim,41,male,Belagavi,True
FIR-2024-KAL-0017,P0056,Ekavir Bhargava,accused,56,female,Vijayapur,True
FIR-2024-KAL-0017,P0068,Logan Sami,accused,33,female,Dharwad,True
FIR-2024-KAL-0017,V00170,Krisha Saini,victim,20,female,Kalaburagi,True
FIR-2024-KAL-0017,V00171,Harita Dugar,victim,71,male,Kalaburagi,True
FIR-2024-BAG-0018,P0055,Victor Kannan,accused,28,male,Kolar,True
FIR-2024-BAG-0018,P0031,Theodore Devi,accused,59,female,Kalaburagi,True
FIR-2024-BAG-0018,P0007,Saumya Mall,accused,30,female,Ballari,True
FIR-2024-BAG-0018,V00180,Devika Nair,victim,17,female,Bagalkot,True
FIR-2024-BAG-0018,V00181,Charles Dugal,victim,26,female,Bagalkot,True
FIR-2024-UDU-0019,P0190,Faqid Kibe,accused,47,male,Mysuru,True
FIR-2024-UDU-0019,V00190,Chandran Bumb,victim,20,male,Udupi,True
FIR-2025-VIJ-0020,P0226,Harini Gour,accused,53,male,Chickballapura,True
FIR-2025-VIJ-0020,V00200,Saanvi Samra,victim,32,male,Vijayapur,True
FIR-2025-TUM-0021,P0060,Kevin Solanki,accused,33,male,Tumakuru,True
FIR-2025-TUM-0021,P0072,Girik Khalsa,accused,21,male,Mysuru,True
FIR-2025-TUM-0021,P0036,Advay Contractor,accused,49,male,Mysuru,True
FIR-2025-TUM-0021,V00210,Riya Sachdeva,victim,25,female,Tumakuru,True
FIR-2025-TUM-0021,V00211,Tanveer Vala,victim,20,female,Tumakuru,True
FIR-2025-SHI-0022,P0068,Logan Sami,accused,33,female,Dharwad,True
FIR-2025-SHI-0022,P0008,Nathaniel Sami,accused,46,male,Bengaluru City,True
FIR-2025-SHI-0022,P0056,Ekavir Bhargava,accused,56,female,Vijayapur,True
FIR-2025-SHI-0022,V00220,Hemani Sani,victim,69,female,Shivamogga,True
FIR-2025-SHI-0022,V00221,Bhanumati Sur,victim,20,male,Shivamogga,True
FIR-2024-BAG-0023,P0065,Darsh Rau,accused,22,male,Davanagere,True
FIR-2024-BAG-0023,V00230,Chakradev Kannan,victim,22,female,Bagalkot,True
FIR-2024-BAG-0023,V00231,Christopher Amble,victim,61,male,Bagalkot,True
FIR-2025-DAK-0024,P0316,Indira Kanda,accused,44,male,Tumakuru,True
FIR-2025-DAK-0024,V00240,Charvi Kakar,victim,39,female,Dakshina Kannada,True
FIR-2025-DHA-0025,P0213,Pavani Narayanan,accused,27,female,Dakshina Kannada,True
FIR-2025-DHA-0025,V00250,Aadhya Mann,victim,37,male,Dharwad,True
FIR-2025-UDU-0026,P0302,Pranit Garde,accused,50,male,Bengaluru City,True
FIR-2025-UDU-0026,V00260,Jagdish Amble,victim,37,male,Udupi,True
FIR-2025-MAN-0027,P0017,Fariq Kaul,accused,20,male,Shivamogga,True
FIR-2025-MAN-0027,V00270,Qushi Gill,victim,35,female,Mandya,True
FIR-2025-KOL-0028,P0024,Daksh Karnik,accused,33,male,Bagalkot,True
FIR-2025-KOL-0028,P0036,Advay Contractor,accused,49,male,Mysuru,True
FIR-2025-KOL-0028,P0072,Girik Khalsa,accused,21,male,Mysuru,True
FIR-2025-KOL-0028,V00280,Lajita Walia,victim,25,male,Kolar,True
FIR-2025-HAS-0029,P0021,Ekbal Garg,accused,41,male,Vijayapur,True
FIR-2025-HAS-0029,V00290,Xiti Pandya,victim,62,female,Hassan,True
FIR-2025-MAN-0030,P0037,Harini Choudhury,accused,25,male,Dakshina Kannada,True
FIR-2025-MAN-0030,V00300,Mekhala Basak,victim,30,male,Mandya,True
FIR-2025-MAN-0030,V00301,Anirudh Sharaf,victim,35,female,Mandya,True
FIR-2025-SHI-0031,P0303,Farhan Raja,accused,36,male,Chickballapura,True
FIR-2025-SHI-0031,V00310,Dhriti Sanghvi,victim,71,female,Shivamogga,True
FIR-2025-CHI-0032,P0173,Avi Ramesh,accused,33,male,Hassan,True
FIR-2025-CHI-0032,V00320,Omisha Mann,victim,34,male,Chickballapura,True
FIR-2024-BAG-0033,P0293,Lajita Nadig,accused,37,male,Raichur,True
FIR-2024-BAG-0033,V00330,Nidhi Bail,victim,72,female,Bagalkot,True
FIR-2024-BAG-0033,V00331,Onveer Sharma,victim,75,male,Bagalkot,True
FIR-2024-UDU-0034,P0029,Liam Koshy,accused,31,male,Vijayapur,True
FIR-2024-UDU-0034,P0041,Yashica Issac,accused,52,male,Hassan,True
FIR-2024-UDU-0034,V00340,Gaurang Sarkar,victim,24,male,Udupi,True
FIR-2025-KAL-0035,P0272,Mitesh Tara,accused,23,male,Dharwad,True
FIR-2025-KAL-0035,P0128,Chaitanya Sarin,accused,40,male,Ballari,True
FIR-2025-KAL-0035,V00350,Yagnesh Sarin,victim,51,female,Kalaburagi,True
FIR-2024-SHI-0036,P0009,Arunima Dugal,accused,28,female,Hassan,True
FIR-2024-SHI-0036,V00360,Farhan Randhawa,victim,54,male,Shivamogga,True
FIR-2024-SHI-0036,V00361,Harinakshi Kant,victim,56,male,Shivamogga,True
FIR-2024-DHA-0037,P0101,Zayan Behl,accused,34,male,Mandya,True
FIR-2024-DHA-0037,P0245,Ekbal Bhasin,accused,48,female,Bagalkot,True
FIR-2024-DHA-0037,V00370,Om Bose,victim,49,female,Dharwad,True
FIR-2025-BEN-0038,P0031,Theodore Devi,accused,59,female,Kalaburagi,True
FIR-2025-BEN-0038,V00380,Yashvi Hari,victim,65,female,Bengaluru City,True
FIR-2024-HAS-0039,P0311,Vasudha Chhabra,accused,60,male,Chickballapura,True
FIR-2024-HAS-0039,V00390,Indali Divan,victim,67,male,Hassan,True
FIR-2025-VIJ-0040,P0041,Yashica Issac,accused,52,male,Hassan,True
FIR-2025-VIJ-0040,P0065,Darsh Rau,accused,22,male,Davanagere,True
FIR-2025-VIJ-0040,P0053,Jai Kota,accused,52,male,Kalaburagi,True
FIR-2025-VIJ-0040,V00400,Harshil Dhingra,victim,18,male,Vijayapur,True
FIR-2025-VIJ-0040,V00401,Rudra Ghose,victim,34,female,Vijayapur,True
FIR-2025-HAS-0041,P0056,Ekavir Bhargava,accused,56,female,Vijayapur,True
FIR-2025-HAS-0041,P0044,Isaac Patil,accused,34,male,Kolar,True
FIR-2025-HAS-0041,P0032,Gavin Batta,accused,34,male,Ballari,True
FIR-2025-HAS-0041,V00410,Faqid Goel,victim,47,female,Hassan,True
FIR-2025-TUM-0042,P0088,William Lanka,accused,21,male,Chickballapura,True
FIR-2025-TUM-0042,V00420,Ucchal Sen,victim,36,female,Tumakuru,True
FIR-2024-BAG-0043,P0254,Arunima Golla,accused,37,female,Shivamogga,True
FIR-2024-BAG-0043,V00430,Diya Dora,victim,33,male,Bagalkot,True
FIR-2024-BAG-0043,V00431,Ekansh Singh,victim,20,female,Bagalkot,True
FIR-2024-BAG-0044,P0047,Ekapad Walia,accused,41,male,Raichur,True
FIR-2024-BAG-0044,V00440,Chavvi Maharaj,victim,54,male,Bagalkot,True
FIR-2025-MAN-0045,P0080,Dipta Bhandari,accused,33,male,Dharwad,True
FIR-2025-MAN-0045,V00450,Indira Tripathi,victim,31,male,Mandya,True
FIR-2025-MAN-0045,V00451,Dayita Shenoy,victim,17,male,Mandya,True
FIR-2024-DAV-0046,P0319,Bahadurjit Patla,accused,39,female,Hassan,True
FIR-2024-DAV-0046,V00460,Baljiwan Bhandari,victim,28,male,Davanagere,True
FIR-2024-DAV-0046,V00461,Bhavini Bose,victim,24,male,Davanagere,True
FIR-2024-BAG-0047,P0150,Zarna Shetty,accused,55,male,Bagalkot,True
FIR-2024-BAG-0047,V00470,Yashica Rajagopalan,victim,73,female,Bagalkot,True
FIR-2024-BAG-0047,V00471,Benjamin Sengupta,victim,70,male,Bagalkot,True
FIR-2025-VIJ-0048,P0004,Ayushman Chander,accused,23,female,Mysuru,True
FIR-2025-VIJ-0048,P0052,Raksha Varughese,accused,23,female,Tumakuru,True
FIR-2025-VIJ-0048,P0028,Tara Dhar,accused,43,male,Tumakuru,True
FIR-2025-VIJ-0048,V00480,Ekanta Soni,victim,20,female,Vijayapur,True
FIR-2025-DHA-0049,P0017,Fariq Kaul,accused,20,male,Shivamogga,True
FIR-2025-DHA-0049,P0053,Jai Kota,accused,52,male,Kalaburagi,True
FIR-2025-DHA-0049,V00490,David Seshadri,victim,59,female,Dharwad,True
FIR-2025-DHA-0049,V00491,Hemal Chad,victim,24,male,Dharwad,True
FIR-2024-BEL-0050,P0042,Kashvi Edwin,accused,25,male,Dharwad,True
FIR-2024-BEL-0050,V00500,Balveer Kota,victim,49,female,Belagavi,True
FIR-2024-BEL-0050,V00501,Reva Viswanathan,victim,70,male,Belagavi,True
FIR-2024-RAI-0051,P0066,Ikbal Kothari,accused,60,female,Vijayapur,True
FIR-2024-RAI-0051,P0018,Lajita Mall,accused,23,male,Belagavi,True
FIR-2024-RAI-0051,V00510,Januja Pradhan,victim,69,male,Raichur,True
FIR-2024-RAI-0051,V00511,Lila Rege,victim,68,male,Raichur,True
FIR-2025-VIJ-0052,P0064,Unni Bhagat,accused,22,male,Hassan,True
FIR-2025-VIJ-0052,V00520,Charles Natt,victim,57,female,Vijayapur,True
FIR-2025-VIJ-0052,V00521,Forum Chandra,victim,46,male,Vijayapur,True
FIR-2024-BAG-0053,P0057,Ekansh Balay,accused,52,male,Shivamogga,True
FIR-2024-BAG-0053,P0033,Michael Dutta,accused,53,male,Dharwad,True
FIR-2024-BAG-0053,V00530,Bhanumati Krishnan,victim,36,female,Bagalkot,True
FIR-2024-BEL-0054,P0013,Tripti Yadav,accused,40,male,Mysuru,True
FIR-2024-BEL-0054,P0061,Urvashi Ray,accused,39,male,Raichur,True
FIR-2024-BEL-0054,P0049,Alka Wable,accused,49,male,Belagavi,True
FIR-2024-BEL-0054,V00540,Gauri Bumb,victim,71,male,Belagavi,True
FIR-2025-SHI-0055,P0067,Ranveer Yadav,accused,52,male,Chickballapura,True
FIR-2025-SHI-0055,V00550,Inaya Mukherjee,victim,53,female,Shivamogga,True
FIR-2025-CHI-0056,P0056,Ekavir Bhargava,accused,56,female,Vijayapur,True
FIR-2025-CHI-0056,V00560,Kai Chad,victim,64,female,Chickballapura,True
FIR-2025-CHI-0056,V00561,Krisha Narasimhan,victim,39,male,Chickballapura,True
FIR-2024-RAI-0057,P0010,Gayathri Chaudry,accused,35,male,Vijayapur,True
FIR-2024-RAI-0057,P0070,Faqid Savant,accused,60,female,Mandya,True
FIR-2024-RAI-0057,P0022,Nihal Shere,accused,60,male,Tumakuru,True
FIR-2024-RAI-0057,V00570,Girik Sampath,victim,22,female,Raichur,True
FIR-2025-KAL-0058,P0065,Darsh Rau,accused,22,male,Davanagere,True
FIR-2025-KAL-0058,P0029,Liam Koshy,accused,31,male,Vijayapur,True
FIR-2025-KAL-0058,V00580,Andrew Patil,victim,49,female,Kalaburagi,True
FIR-2025-KAL-0058,V00581,Pranit Kala,victim,25,male,Kalaburagi,True
FIR-2025-UDU-0059,P0171,Lopa Nayar,accused,49,male,Davanagere,True
FIR-2025-UDU-0059,V00590,Vedika Handa,victim,39,female,Udupi,True
FIR-2025-CHI-0060,P0178,Geetika Raghavan,accused,52,female,Dharwad,True
FIR-2025-CHI-0060,V00600,Laksh Dubey,victim,49,female,Chickballapura,True
FIR-2025-BAL-0061,P0025,Diya Rattan,accused,42,male,Raichur,True
FIR-2025-BAL-0061,P0013,Tripti Yadav,accused,40,male,Mysuru,True
FIR-2025-BAL-0061,P0049,Alka Wable,accused,49,male,Belagavi,True
FIR-2025-BAL-0061,V00610,Chakrika Chaudhuri,victim,42,female,Ballari,True
FIR-2025-KAL-0062,P0062,Girindra Chatterjee,accused,32,male,Bengaluru City,True
FIR-2025-KAL-0062,P0038,Radhika Dugar,accused,45,male,Udupi,True
FIR-2025-KAL-0062,V00620,Gayathri Deep,victim,50,female,Kalaburagi,True
FIR-2025-KAL-0062,V00621,Mitesh Gaba,victim,59,female,Kalaburagi,True
FIR-2025-BAL-0063,P0291,Upasna Lanka,accused,46,female,Belagavi,True
FIR-2025-BAL-0063,V00630,Noah Sarma,victim,61,male,Ballari,True
FIR-2025-BAL-0063,V00631,Nirja Patla,victim,60,female,Ballari,True
FIR-2025-DAV-0064,P0267,Bhavna Sarma,accused,21,male,Shivamogga,True
FIR-2025-DAV-0064,V00640,Sachi Mane,victim,65,male,Davanagere,True
FIR-2025-DAV-0064,V00641,Vivaan Walla,victim,34,male,Davanagere,True
FIR-2025-DAV-0065,P0286,Libni Doshi,accused,18,female,Dharwad,True
FIR-2025-DAV-0065,V00650,Dayamai Singh,victim,22,male,Davanagere,True
FIR-2024-BAL-0066,P0157,William Maharaj,accused,20,male,Chickballapura,True
FIR-2024-BAL-0066,P0320,Gautam Merchant,accused,58,female,Raichur,True
FIR-2024-BAL-0066,V00660,Jhalak Sastry,victim,42,female,Ballari,True
FIR-2025-VIJ-0067,P0273,Yashodhara Mahajan,accused,38,male,Bengaluru City,True
FIR-2025-VIJ-0067,P0219,Harish Hari,accused,54,female,Hassan,True
FIR-2025-VIJ-0067,V00670,Baghyawati Raja,victim,50,male,Vijayapur,True
FIR-2024-MYS-0068,P0037,Harini Choudhury,accused,25,male,Dakshina Kannada,True
FIR-2024-MYS-0068,V00680,Neel Iyengar,victim,72,male,Mysuru,True
FIR-2024-MYS-0068,V00681,Zashil Ben,victim,70,female,Mysuru,True
FIR-2024-BEL-0069,P0024,Daksh Karnik,accused,33,male,Bagalkot,True
FIR-2024-BEL-0069,V00690,Kamya Chauhan,victim,52,male,Belagavi,True
FIR-2024-BEL-0069,V00691,Bhavani Chacko,victim,27,female,Belagavi,True
FIR-2025-HAS-0070,P0024,Daksh Karnik,accused,33,male,Bagalkot,True
FIR-2025-HAS-0070,P0036,Advay Contractor,accused,49,male,Mysuru,True
FIR-2025-HAS-0070,P0012,Hemangini Lalla,accused,42,male,Mandya,True
FIR-2025-HAS-0070,V00700,Anjali Sengupta,victim,40,male,Hassan,True
FIR-2025-HAS-0070,V00701,Rajeshri Chand,victim,44,female,Hassan,True
FIR-2024-MAN-0071,P0052,Raksha Varughese,accused,23,female,Tumakuru,True
FIR-2024-MAN-0071,P0004,Ayushman Chander,accused,23,female,Mysuru,True
FIR-2024-MAN-0071,P0028,Tara Dhar,accused,43,male,Tumakuru,True
FIR-2024-MAN-0071,V00710,Shravya Palla,victim,55,male,Mandya,True
FIR-2024-MAN-0071,V00711,Oeshi Bera,victim,30,male,Mandya,True
FIR-2024-BAG-0072,P0196,Tripti Dua,accused,21,male,Ballari,True
FIR-2024-BAG-0072,V00720,Yadavi Prakash,victim,64,male,Bagalkot,True
FIR-2025-MAN-0073,P0008,Nathaniel Sami,accused,46,male,Bengaluru City,True
FIR-2025-MAN-0073,P0068,Logan Sami,accused,33,female,Dharwad,True
FIR-2025-MAN-0073,V00730,Libni Bumb,victim,26,female,Mandya,True
FIR-2025-KOL-0074,P0017,Fariq Kaul,accused,20,male,Shivamogga,True
FIR-2025-KOL-0074,P0065,Darsh Rau,accused,22,male,Davanagere,True
FIR-2025-KOL-0074,V00740,Udarsh Bala,victim,59,female,Kolar,True
FIR-2025-KOL-0074,V00741,Hardik Nayak,victim,62,male,Kolar,True
FIR-2024-BEN-0075,P0055,Victor Kannan,accused,28,male,Kolar,True
FIR-2024-BEN-0075,V00750,Laksh Barad,victim,75,male,Bengaluru City,True
FIR-2024-KAL-0076,P0058,Ekavir Varkey,accused,43,male,Bagalkot,True
FIR-2024-KAL-0076,V00760,Urmi Dewan,victim,40,male,Kalaburagi,True
FIR-2024-KAL-0076,V00761,Saumya Ahluwalia,victim,59,male,Kalaburagi,True
FIR-2025-KOL-0077,P0236,Aishani Bumb,accused,52,male,Vijayapur,True
FIR-2025-KOL-0077,V00770,Anirudh Kunda,victim,45,female,Kolar,True
FIR-2025-KOL-0077,V00771,Mason Wable,victim,50,female,Kolar,True
FIR-2024-KAL-0078,P0005,Viraj Tiwari,accused,19,male,Vijayapur,True
FIR-2024-KAL-0078,V00780,Indrajit Mani,victim,31,male,Kalaburagi,True
FIR-2025-MYS-0079,P0057,Ekansh Balay,accused,52,male,Shivamogga,True
FIR-2025-MYS-0079,P0021,Ekbal Garg,accused,41,male,Vijayapur,True
FIR-2025-MYS-0079,V00790,Charvi Dara,victim,30,female,Mysuru,True
FIR-2025-MYS-0079,V00791,William Saini,victim,52,female,Mysuru,True
FIR-2024-KAL-0080,P0008,Nathaniel Sami,accused,46,male,Bengaluru City,True
FIR-2024-KAL-0080,V00800,Dev Choudhry,victim,56,female,Kalaburagi,True
FIR-2025-MYS-0081,P0049,Alka Wable,accused,49,male,Belagavi,True
FIR-2025-MYS-0081,P0037,Harini Choudhury,accused,25,male,Dakshina Kannada,True
FIR-2025-MYS-0081,P0013,Tripti Yadav,accused,40,male,Mysuru,True
FIR-2025-MYS-0081,V00810,Amol Varma,victim,40,male,Mysuru,True
FIR-2025-MYS-0081,V00811,Maanas Manne,victim,64,female,Mysuru,True
FIR-2024-KAL-0082,P0053,Jai Kota,accused,52,male,Kalaburagi,True
FIR-2024-KAL-0082,P0041,Yashica Issac,accused,52,male,Hassan,True
FIR-2024-KAL-0082,V00820,Aarav Pandit,victim,32,male,Kalaburagi,True
FIR-2025-BAG-0083,P0007,Saumya Mall,accused,30,female,Ballari,True
FIR-2025-BAG-0083,P0019,Janya Gaba,accused,42,male,Bagalkot,True
FIR-2025-BAG-0083,V00830,Omaja Grover,victim,67,male,Bagalkot,True
FIR-2024-VIJ-0084,P0191,Charvi Dara,accused,34,female,Hassan,True
FIR-2024-VIJ-0084,V00840,Jalsa Bir,victim,60,male,Vijayapur,True
FIR-2024-SHI-0085,P0046,Farhan Chada,accused,56,male,Kalaburagi,True
FIR-2024-SHI-0085,P0058,Ekavir Varkey,accused,43,male,Bagalkot,True
FIR-2024-SHI-0085,P0010,Gayathri Chaudry,accused,35,male,Vijayapur,True
FIR-2024-SHI-0085,V00850,Madhavi Singhal,victim,64,female,Shivamogga,True
FIR-2024-SHI-0085,V00851,Lila Prakash,victim,74,male,Shivamogga,True
FIR-2024-BAL-0086,P0038,Radhika Dugar,accused,45,male,Udupi,True
FIR-2024-BAL-0086,P0050,Siddharth Zacharia,accused,41,male,Ballari,True
FIR-2024-BAL-0086,V00860,Amol Parikh,victim,47,female,Ballari,True
FIR-2025-CHI-0087,P0022,Nihal Shere,accused,60,male,Tumakuru,True
FIR-2025-CHI-0087,V00870,Hemani Khosla,victim,27,male,Chickballapura,True
FIR-2025-CHI-0087,V00871,Gaurangi Deol,victim,49,male,Chickballapura,True
FIR-2024-DHA-0088,P0009,Arunima Dugal,accused,28,female,Hassan,True
FIR-2024-DHA-0088,P0069,Arya Shere,accused,30,male,Belagavi,True
FIR-2024-DHA-0088,V00880,Indira Nigam,victim,39,male,Dharwad,True
FIR-2024-DHA-0088,V00881,Ucchal Srinivas,victim,55,female,Dharwad,True
FIR-2024-BEN-0089,P0003,Gagan Sami,accused,26,male,Raichur,True
FIR-2024-BEN-0089,V00890,Krishna Bhatnagar,victim,67,male,Bengaluru City,True
FIR-2024-BEN-0089,V00891,Balhaar Memon,victim,22,male,Bengaluru City,True
FIR-2024-UDU-0090,P0059,Arya Sunder,accused,51,female,Belagavi,True
FIR-2024-UDU-0090,P0035,Upadhriti Wadhwa,accused,32,male,Kolar,True
FIR-2024-UDU-0090,V00900,Caleb Iyengar,victim,57,male,Udupi,True
FIR-2025-RAI-0091,P0168,Oni Yohannan,accused,46,male,Chickballapura,True
FIR-2025-RAI-0091,P0290,Nimrat Dubey,accused,53,male,Shivamogga,True
FIR-2025-RAI-0091,V00910,Diya Mukherjee,victim,57,female,Raichur,True
FIR-2025-RAI-0091,V00911,Urvashi Kulkarni,victim,52,male,Raichur,True
FIR-2024-BAL-0092,P0263,Turvi Sachdev,accused,22,male,Davanagere,True
FIR-2024-BAL-0092,V00920,Rayaan Mangal,victim,75,male,Ballari,True
FIR-2025-MYS-0093,P0003,Gagan Sami,accused,26,male,Raichur,True
FIR-2025-MYS-0093,P0051,Devika Rastogi,accused,21,male,Tumakuru,True
FIR-2025-MYS-0093,V00930,Champak Narula,victim,35,male,Mysuru,True
FIR-2024-UDU-0094,P0213,Pavani Narayanan,accused,27,female,Dakshina Kannada,True
FIR-2024-UDU-0094,V00940,Jeet Pillai,victim,48,female,Udupi,True
FIR-2024-DHA-0095,P0118,Inaya Mody,accused,26,male,Shivamogga,True
FIR-2024-DHA-0095,V00950,Mugdha Sarraf,victim,65,female,Dharwad,True
FIR-2024-DHA-0095,V00951,Harinakshi Grover,victim,17,female,Dharwad,True
FIR-2025-BAL-0096,P0056,Ekavir Bhargava,accused,56,female,Vijayapur,True
FIR-2025-BAL-0096,V00960,Widisha Pillai,victim,21,female,Ballari,True
FIR-2025-BAL-0096,V00961,Fitan Samra,victim,67,male,Ballari,True
FIR-2024-UDU-0097,P0047,Ekapad Walia,accused,41,male,Raichur,True
FIR-2024-UDU-0097,P0059,Arya Sunder,accused,51,female,Belagavi,True
FIR-2024-UDU-0097,P0035,Upadhriti Wadhwa,accused,32,male,Kolar,True
FIR-2024-UDU-0097,V00970,Qushi Gole,victim,22,male,Udupi,True
FIR-2024-UDU-0097,V00971,Ekani Chauhan,victim,21,male,Udupi,True
FIR-2025-RAI-0098,P0046,Farhan Chada,accused,56,male,Kalaburagi,True
FIR-2025-RAI-0098,P0058,Ekavir Varkey,accused,43,male,Bagalkot,True
FIR-2025-RAI-0098,P0010,Gayathri Chaudry,accused,35,male,Vijayapur,True
FIR-2025-RAI-0098,V00980,Falak Merchant,victim,42,female,Raichur,True
FIR-2025-RAI-0098,V00981,Sanaya Sandhu,victim,65,male,Raichur,True
FIR-2024-UDU-0099,P0009,Arunima Dugal,accused,28,female,Hassan,True
FIR-2024-UDU-0099,P0045,Wriddhish Bhardwaj,accused,24,male,Kolar,True
FIR-2024-UDU-0099,P0057,Ekansh Balay,accused,52,male,Shivamogga,True
FIR-2024-UDU-0099,V00990,Sachi Panchal,victim,39,female,Udupi,True
FIR-2025-CHI-0100,P0039,Aarush Lall,accused,42,female,Kolar,True
FIR-2025-CHI-0100,V01000,Brijesh Pandit,victim,69,female,Chickballapura,True
FIR-2025-CHI-0100,V01001,Anvi Bhandari,victim,67,female,Chickballapura,True
FIR-2024-DHA-0101,P0062,Girindra Chatterjee,accused,32,male,Bengaluru City,True
FIR-2024-DHA-0101,P0026,Dominic Kakar,accused,32,male,Mysuru,True
FIR-2024-DHA-0101,P0050,Siddharth Zacharia,accused,41,male,Ballari,True
FIR-2024-DHA-0101,V01010,Nidra Patla,victim,52,male,Dharwad,True
FIR-2024-DHA-0101,V01011,Azaan Dhar,victim,36,female,Dharwad,True
FIR-2025-BEL-0102,P0024,Daksh Karnik,accused,33,male,Bagalkot,True
FIR-2025-BEL-0102,V01020,Bakhshi Date,victim,62,female,Belagavi,True
FIR-2025-TUM-0103,P0133,Nilima Narain,accused,39,male,Belagavi,True
FIR-2025-TUM-0103,V01030,Warinder Peri,victim,61,female,Tumakuru,True
FIR-2024-BAG-0104,P0068,Logan Sami,accused,33,female,Dharwad,True
FIR-2024-BAG-0104,V01040,Leela Bali,victim,50,male,Bagalkot,True
FIR-2024-BAG-0104,V01041,Shivani Prabhakar,victim,66,female,Bagalkot,True
FIR-2025-MAN-0105,P0097,Krish Lalla,accused,60,male,Bagalkot,True
FIR-2025-MAN-0105,V01050,Sachi Bose,victim,64,female,Mandya,True
FIR-2025-MAN-0105,V01051,Jeevika Rao,victim,66,female,Mandya,True
FIR-2024-BAL-0106,P0060,Kevin Solanki,accused,33,male,Tumakuru,True
FIR-2024-BAL-0106,V01060,Arya Krish,victim,38,male,Ballari,True
FIR-2024-SHI-0107,P0015,Janaki Handa,accused,23,male,Mandya,True
FIR-2024-SHI-0107,V01070,Atharv Grewal,victim,38,female,Shivamogga,True
FIR-2025-CHI-0108,P0058,Ekavir Varkey,accused,43,male,Bagalkot,True
FIR-2025-CHI-0108,P0010,Gayathri Chaudry,accused,35,male,Vijayapur,True
FIR-2025-CHI-0108,V01080,Zarna Ram,victim,70,female,Chickballapura,True
FIR-2025-DAK-0109,P0021,Ekbal Garg,accused,41,male,Vijayapur,True
FIR-2025-DAK-0109,P0033,Michael Dutta,accused,53,male,Dharwad,True
FIR-2025-DAK-0109,P0057,Ekansh Balay,accused,52,male,Shivamogga,True
FIR-2025-DAK-0109,V01090,Adweta Lad,victim,27,female,Dakshina Kannada,True
FIR-2024-VIJ-0110,P0001,Aryan Maharaj,accused,58,male,Bengaluru City,True
FIR-2024-VIJ-0110,P0013,Tripti Yadav,accused,40,male,Mysuru,True
FIR-2024-VIJ-0110,P0061,Urvashi Ray,accused,39,male,Raichur,True
FIR-2024-VIJ-0110,V01100,Tanish Mangal,victim,39,female,Vijayapur,True
FIR-2025-HAS-0111,P0015,Janaki Handa,accused,23,male,Mandya,True
FIR-2025-HAS-0111,P0063,Irya Sampath,accused,22,male,Ballari,True
FIR-2025-HAS-0111,P0027,Simon Tata,accused,32,male,Hassan,True
FIR-2025-HAS-0111,V01110,Ryan Das,victim,74,male,Hassan,True
FIR-2025-HAS-0111,V01111,Ethan Seth,victim,59,male,Hassan,True
FIR-2024-BEL-0112,P0070,Faqid Savant,accused,60,female,Mandya,True
FIR-2024-BEL-0112,P0058,Ekavir Varkey,accused,43,male,Bagalkot,True
FIR-2024-BEL-0112,V01120,Sai Chahal,victim,43,male,Belagavi,True
FIR-2024-BEL-0112,V01121,Idika Bhattacharyya,victim,47,male,Belagavi,True
FIR-2024-DAK-0113,P0007,Saumya Mall,accused,30,female,Ballari,True
FIR-2024-DAK-0113,P0055,Victor Kannan,accused,28,male,Kolar,True
FIR-2024-DAK-0113,V01130,Charita Dugar,victim,28,female,Dakshina Kannada,True
FIR-2025-CHI-0114,P0172,Noah Sibal,accused,46,male,Shivamogga,True
FIR-2025-CHI-0114,V01140,Janaki Trivedi,victim,21,male,Chickballapura,True
FIR-2024-MYS-0115,P0189,Keya Ranganathan,accused,23,female,Kalaburagi,True
FIR-2024-MYS-0115,V01150,Jairaj Iyer,victim,52,male,Mysuru,True
FIR-2025-MAN-0116,P0088,William Lanka,accused,21,male,Chickballapura,True
FIR-2025-MAN-0116,V01160,Warjas Tak,victim,63,male,Mandya,True
FIR-2024-BAG-0117,P0057,Ekansh Balay,accused,52,male,Shivamogga,True
FIR-2024-BAG-0117,V01170,Jalsa Pillay,victim,29,female,Bagalkot,True
FIR-2025-KAL-0118,P0100,Samar Lalla,accused,52,male,Kolar,True
FIR-2025-KAL-0118,V01180,Kai Chadha,victim,36,female,Kalaburagi,True
FIR-2025-DAV-0119,P0279,Aarnav Mandal,accused,44,male,Hassan,True
FIR-2025-DAV-0119,V01190,Dayamai Rao,victim,60,male,Davanagere,True
FIR-2024-HAS-0120,P0051,Devika Rastogi,accused,21,male,Tumakuru,True
FIR-2024-HAS-0120,P0039,Aarush Lall,accused,42,female,Kolar,True
FIR-2024-HAS-0120,P0063,Irya Sampath,accused,22,male,Ballari,True
FIR-2024-HAS-0120,V01200,Nirja Rout,victim,20,male,Hassan,True
FIR-2024-HAS-0120,V01201,Jeremiah Nadig,victim,41,female,Hassan,True
FIR-2025-TUM-0121,P0231,Yuvraj Dani,accused,53,male,Dharwad,True
FIR-2025-TUM-0121,V01210,Shivani Shukla,victim,69,female,Tumakuru,True
FIR-2025-TUM-0121,V01211,Kabir Gopal,victim,37,male,Tumakuru,True
FIR-2024-BEL-0122,P0057,Ekansh Balay,accused,52,male,Shivamogga,True
FIR-2024-BEL-0122,P0021,Ekbal Garg,accused,41,male,Vijayapur,True
FIR-2024-BEL-0122,P0069,Arya Shere,accused,30,male,Belagavi,True
FIR-2024-BEL-0122,V01220,Rachita Thakkar,victim,26,female,Belagavi,True
FIR-2024-BEL-0122,V01221,Jeet Vasa,victim,21,female,Belagavi,True
FIR-2024-MAN-0123,P0167,Indira Misra,accused,57,female,Raichur,True
FIR-2024-MAN-0123,V01230,Daksha Gala,victim,61,male,Mandya,True
FIR-2024-CHI-0124,P0002,Udant Dewan,accused,35,male,Ballari,True
FIR-2024-CHI-0124,V01240,Ekantika Kar,victim,71,female,Chickballapura,True
FIR-2025-UDU-0125,P0014,Kritika Brar,accused,47,male,Udupi,True
FIR-2025-UDU-0125,P0026,Dominic Kakar,accused,32,male,Mysuru,True
FIR-2025-UDU-0125,P0050,Siddharth Zacharia,accused,41,male,Ballari,True
FIR-2025-UDU-0125,V01250,Zilmil Mander,victim,57,male,Udupi,True
FIR-2025-VIJ-0126,P0160,Faris Devi,accused,49,female,Ballari,True
FIR-2025-VIJ-0126,V01260,Zashil Hegde,victim,73,male,Vijayapur,True
FIR-2025-DHA-0127,P0036,Advay Contractor,accused,49,male,Mysuru,True
FIR-2025-DHA-0127,P0012,Hemangini Lalla,accused,42,male,Mandya,True
FIR-2025-DHA-0127,P0048,Kabir Soman,accused,51,male,Hassan,True
FIR-2025-DHA-0127,V01270,Jeremiah Mitter,victim,49,male,Dharwad,True
FIR-2024-MYS-0128,P0031,Theodore Devi,accused,59,female,Kalaburagi,True
FIR-2024-MYS-0128,V01280,Yadavi Ganguly,victim,49,male,Mysuru,True
FIR-2025-RAI-0129,P0003,Gagan Sami,accused,26,male,Raichur,True
FIR-2025-RAI-0129,P0027,Simon Tata,accused,32,male,Hassan,True
FIR-2025-RAI-0129,P0015,Janaki Handa,accused,23,male,Mandya,True
FIR-2025-RAI-0129,V01290,Onveer Nazareth,victim,66,female,Raichur,True
FIR-2024-KOL-0130,P0011,Lajita Chatterjee,accused,39,male,Tumakuru,True
FIR-2024-KOL-0130,P0047,Ekapad Walia,accused,41,male,Raichur,True
FIR-2024-KOL-0130,V01300,Ayush Bumb,victim,35,male,Kolar,True
FIR-2024-KAL-0131,P0199,Amrita Naidu,accused,19,male,Ballari,True
FIR-2024-KAL-0131,V01310,Alka Kade,victim,35,female,Kalaburagi,True
FIR-2024-DHA-0132,P0008,Nathaniel Sami,accused,46,male,Bengaluru City,True
FIR-2024-DHA-0132,V01320,Azaan Tank,victim,23,male,Dharwad,True
FIR-2025-CHI-0133,P0022,Nihal Shere,accused,60,male,Tumakuru,True
FIR-2025-CHI-0133,P0010,Gayathri Chaudry,accused,35,male,Vijayapur,True
FIR-2025-CHI-0133,P0070,Faqid Savant,accused,60,female,Mandya,True
FIR-2025-CHI-0133,V01330,Chasmum Subramanian,victim,67,female,Chickballapura,True
FIR-2025-CHI-0133,V01331,Nidra Mishra,victim,33,male,Chickballapura,True
FIR-2025-TUM-0134,P0008,Nathaniel Sami,accused,46,male,Bengaluru City,True
FIR-2025-TUM-0134,V01340,Elijah Bhasin,victim,39,male,Tumakuru,True
FIR-2024-BEL-0135,P0006,Rushil Saini,accused,32,male,Raichur,True
FIR-2024-BEL-0135,V01350,Ria Sagar,victim,18,female,Belagavi,True
FIR-2025-KAL-0136,P0092,Tanay Toor,accused,43,male,Ballari,True
FIR-2025-KAL-0136,V01360,Ucchal Jani,victim,30,female,Kalaburagi,True
FIR-2025-KAL-0136,V01361,Maanas Munshi,victim,31,female,Kalaburagi,True
FIR-2025-KOL-0137,P0311,Vasudha Chhabra,accused,60,male,Chickballapura,True
FIR-2025-KOL-0137,V01370,Hemani Rastogi,victim,72,female,Kolar,True
FIR-2024-HAS-0138,P0048,Kabir Soman,accused,51,male,Hassan,True
FIR-2024-HAS-0138,P0072,Girik Khalsa,accused,21,male,Mysuru,True
FIR-2024-HAS-0138,P0024,Daksh Karnik,accused,33,male,Bagalkot,True
FIR-2024-HAS-0138,V01380,Kamala Varma,victim,39,female,Hassan,True
FIR-2024-HAS-0138,V01381,Eiravati Khurana,victim,65,male,Hassan,True
FIR-2024-KAL-0139,P0030,Priya Rastogi,accused,59,female,Udupi,True
FIR-2024-KAL-0139,P0042,Kashvi Edwin,accused,25,male,Dharwad,True
FIR-2024-KAL-0139,V01390,Jason Loke,victim,64,female,Kalaburagi,True
FIR-2024-VIJ-0140,P0306,Aadhya Andra,accused,53,female,Bagalkot,True
FIR-2024-VIJ-0140,P0144,Aryan Batra,accused,38,female,Shivamogga,True
FIR-2024-VIJ-0140,V01400,Yug Dhaliwal,victim,18,male,Vijayapur,True
FIR-2025-MAN-0141,P0106,Faqid Dixit,accused,26,male,Belagavi,True
FIR-2025-MAN-0141,V01410,Chandresh Mannan,victim,20,male,Mandya,True
FIR-2025-MAN-0141,V01411,Omya Kothari,victim,43,male,Mandya,True
FIR-2024-DAV-0142,P0167,Indira Misra,accused,57,female,Raichur,True
FIR-2024-DAV-0142,V01420,Falak Munshi,victim,44,female,Davanagere,True
FIR-2024-DAV-0142,V01421,Nathaniel Tara,victim,30,male,Davanagere,True
FIR-2024-BEL-0143,P0016,Chakradev Kari,accused,54,male,Tumakuru,True
FIR-2024-BEL-0143,P0052,Raksha Varughese,accused,23,female,Tumakuru,True
FIR-2024-BEL-0143,V01430,Wishi Morar,victim,45,female,Belagavi,True
FIR-2024-BEL-0143,V01431,Arin Chana,victim,70,male,Belagavi,True
FIR-2024-MYS-0144,P0019,Janya Gaba,accused,42,male,Bagalkot,True
FIR-2024-MYS-0144,V01440,Yashasvi Shankar,victim,41,male,Mysuru,True
FIR-2024-MYS-0144,V01441,Tanveer Pandit,victim,59,female,Mysuru,True
FIR-2024-BEN-0145,P0192,Idika Walia,accused,31,female,Hassan,True
FIR-2024-BEN-0145,V01450,Chandresh Manda,victim,22,male,Bengaluru City,True
FIR-2024-BEN-0145,V01451,Upma Mangal,victim,23,male,Bengaluru City,True
FIR-2024-KAL-0146,P0160,Faris Devi,accused,49,female,Ballari,True
FIR-2024-KAL-0146,V01460,Hritik Sankar,victim,53,female,Kalaburagi,True
FIR-2024-BEL-0147,P0022,Nihal Shere,accused,60,male,Tumakuru,True
FIR-2024-BEL-0147,P0058,Ekavir Varkey,accused,43,male,Bagalkot,True
FIR-2024-BEL-0147,P0010,Gayathri Chaudry,accused,35,male,Vijayapur,True
FIR-2024-BEL-0147,V01470,Aishani Pau,victim,59,female,Belagavi,True
FIR-2024-BEL-0147,V01471,Jasmit Bath,victim,27,female,Belagavi,True
FIR-2024-BAG-0148,P0140,Yasti Solanki,accused,51,male,Mandya,True
FIR-2024-BAG-0148,V01480,Charan Hayer,victim,19,male,Bagalkot,True
FIR-2024-BAG-0148,V01481,Bhavya Borah,victim,33,female,Bagalkot,True
FIR-2025-KOL-0149,P0315,Watika Mangat,accused,47,male,Kalaburagi,True
FIR-2025-KOL-0149,V01490,Yamini Seshadri,victim,46,female,Kolar,True
FIR-2025-KOL-0149,V01491,Jagat Dave,victim,38,female,Kolar,True
FIR-2024-DAK-0150,P0004,Ayushman Chander,accused,23,female,Mysuru,True
FIR-2024-DAK-0150,V01500,Meera Prakash,victim,19,female,Dakshina Kannada,True
FIR-2024-DAK-0150,V01501,Jasmit Dhawan,victim,49,female,Dakshina Kannada,True
FIR-2025-DAK-0151,P0221,Chasmum Atwal,accused,29,female,Vijayapur,True
FIR-2025-DAK-0151,V01510,Yashodhara Ratti,victim,61,female,Dakshina Kannada,True
FIR-2025-VIJ-0152,P0063,Irya Sampath,accused,22,male,Ballari,True
FIR-2025-VIJ-0152,P0051,Devika Rastogi,accused,21,male,Tumakuru,True
FIR-2025-VIJ-0152,V01520,Chakradev Barad,victim,17,female,Vijayapur,True
FIR-2024-VIJ-0153,P0279,Aarnav Mandal,accused,44,male,Hassan,True
FIR-2024-VIJ-0153,V01530,Gauri Som,victim,19,male,Vijayapur,True
FIR-2024-VIJ-0153,V01531,Manthan Varma,victim,25,male,Vijayapur,True
FIR-2024-UDU-0154,P0018,Lajita Mall,accused,23,male,Belagavi,True
FIR-2024-UDU-0154,P0054,Devansh Nigam,accused,60,female,Raichur,True
FIR-2024-UDU-0154,P0042,Kashvi Edwin,accused,25,male,Dharwad,True
FIR-2024-UDU-0154,V01540,Falak Nagar,victim,61,female,Udupi,True
FIR-2025-DAK-0155,P0038,Radhika Dugar,accused,45,male,Udupi,True
FIR-2025-DAK-0155,P0062,Girindra Chatterjee,accused,32,male,Bengaluru City,True
FIR-2025-DAK-0155,V01550,Maya Mistry,victim,70,male,Dakshina Kannada,True
FIR-2025-DAK-0155,V01551,Yashica Upadhyay,victim,27,female,Dakshina Kannada,True
FIR-2024-BEL-0156,P0045,Wriddhish Bhardwaj,accused,24,male,Kolar,True
FIR-2024-BEL-0156,P0033,Michael Dutta,accused,53,male,Dharwad,True
FIR-2024-BEL-0156,V01560,Chandani Soman,victim,16,female,Belagavi,True
FIR-2024-BEL-0156,V01561,Jyoti Narula,victim,29,male,Belagavi,True
FIR-2024-DAV-0157,P0050,Siddharth Zacharia,accused,41,male,Ballari,True
FIR-2024-DAV-0157,V01570,Omaja Morar,victim,72,female,Davanagere,True
FIR-2025-MAN-0158,P0212,Jyoti Solanki,accused,45,male,Bagalkot,True
FIR-2025-MAN-0158,V01580,Urvi Lanka,victim,26,female,Mandya,True
FIR-2024-BEN-0159,P0263,Turvi Sachdev,accused,22,male,Davanagere,True
FIR-2024-BEN-0159,P0092,Tanay Toor,accused,43,male,Ballari,True
FIR-2024-BEN-0159,V01590,Charan Srinivasan,victim,37,female,Bengaluru City,True
FIR-2025-DAK-0160,P0043,Ekiya Suresh,accused,28,female,Bengaluru City,True
FIR-2025-DAK-0160,V01600,Lajita Divan,victim,60,female,Dakshina Kannada,True
FIR-2025-DAK-0160,V01601,Azad Choudhary,victim,58,female,Dakshina Kannada,True
FIR-2024-BEL-0161,P0239,Shravya Singhal,accused,30,male,Ballari,True
FIR-2024-BEL-0161,P0165,Osha Ramachandran,accused,47,male,Bagalkot,True
FIR-2024-BEL-0161,V01610,Anirudh Sastry,victim,43,male,Belagavi,True
FIR-2025-CHI-0162,P0022,Nihal Shere,accused,60,male,Tumakuru,True
FIR-2025-CHI-0162,P0058,Ekavir Varkey,accused,43,male,Bagalkot,True
FIR-2025-CHI-0162,V01620,Omya Doshi,victim,35,female,Chickballapura,True
FIR-2025-DAV-0163,P0024,Daksh Karnik,accused,33,male,Bagalkot,True
FIR-2025-DAV-0163,V01630,Samar Roy,victim,27,female,Davanagere,True
FIR-2025-DAV-0163,V01631,David Devi,victim,18,female,Davanagere,True
FIR-2024-MYS-0164,P0013,Tripti Yadav,accused,40,male,Mysuru,True
FIR-2024-MYS-0164,V01640,Ekta Sridhar,victim,64,male,Mysuru,True
FIR-2024-MYS-0164,V01641,Dipta Ghose,victim,51,male,Mysuru,True
FIR-2025-DHA-0165,P0061,Urvashi Ray,accused,39,male,Raichur,True
FIR-2025-DHA-0165,P0049,Alka Wable,accused,49,male,Belagavi,True
FIR-2025-DHA-0165,V01650,Hema Pandya,victim,23,female,Dharwad,True
FIR-2024-DHA-0166,P0026,Dominic Kakar,accused,32,male,Mysuru,True
FIR-2024-DHA-0166,V01660,Veda Handa,victim,69,female,Dharwad,True
FIR-2024-TUM-0167,P0247,Jeet Sidhu,accused,34,female,Belagavi,True
FIR-2024-TUM-0167,V01670,Arya Misra,victim,66,female,Tumakuru,True
FIR-2024-RAI-0168,P0050,Siddharth Zacharia,accused,41,male,Ballari,True
FIR-2024-RAI-0168,P0002,Udant Dewan,accused,35,male,Ballari,True
FIR-2024-RAI-0168,P0014,Kritika Brar,accused,47,male,Udupi,True
FIR-2024-RAI-0168,V01680,Chameli Mani,victim,41,male,Raichur,True
FIR-2024-RAI-0168,V01681,Vrinda Nadig,victim,55,female,Raichur,True
FIR-2025-HAS-0169,P0280,Vrishti Dixit,accused,60,male,Dakshina Kannada,True
FIR-2025-HAS-0169,V01690,Ikshita Mahal,victim,37,female,Hassan,True
FIR-2024-CHI-0170,P0018,Lajita Mall,accused,23,male,Belagavi,True
FIR-2024-CHI-0170,V01700,Jairaj Raghavan,victim,65,female,Chickballapura,True
FIR-2024-CHI-0170,V01701,Hemani Dhingra,victim,33,female,Chickballapura,True
FIR-2025-BAG-0171,P0188,Hritik Bal,accused,19,female,Bengaluru City,True
FIR-2025-BAG-0171,V01710,Brijesh Mani,victim,68,male,Bagalkot,True
FIR-2025-BAG-0171,V01711,Hiral Sathe,victim,48,male,Bagalkot,True
FIR-2024-KOL-0172,P0004,Ayushman Chander,accused,23,female,Mysuru,True
FIR-2024-KOL-0172,P0016,Chakradev Kari,accused,54,male,Tumakuru,True
FIR-2024-KOL-0172,V01720,Varenya Kala,victim,18,female,Kolar,True
FIR-2025-VIJ-0173,P0067,Ranveer Yadav,accused,52,male,Chickballapura,True
FIR-2025-VIJ-0173,V01730,Anika Magar,victim,59,male,Vijayapur,True
FIR-2025-BAG-0174,P0109,Janya Baral,accused,31,male,Kolar,True
FIR-2025-BAG-0174,V01740,Ikbal Khatri,victim,69,female,Bagalkot,True
FIR-2024-BEN-0175,P0247,Jeet Sidhu,accused,34,female,Belagavi,True
FIR-2024-BEN-0175,V01750,Chandresh Wali,victim,33,female,Bengaluru City,True
FIR-2024-BEN-0176,P0023,Anamika Kanda,accused,56,male,Raichur,True
FIR-2024-BEN-0176,V01760,Viraj Ben,victim,32,female,Bengaluru City,True
FIR-2025-UDU-0177,P0060,Kevin Solanki,accused,33,male,Tumakuru,True
FIR-2025-UDU-0177,V01770,Odika Narayanan,victim,53,male,Udupi,True
FIR-2025-UDU-0177,V01771,Harish Devan,victim,16,female,Udupi,True
FIR-2025-SHI-0178,P0009,Arunima Dugal,accused,28,female,Hassan,True
FIR-2025-SHI-0178,V01780,Nakul Ray,victim,71,female,Shivamogga,True
FIR-2025-SHI-0178,V01781,Vansha Iyengar,victim,32,female,Shivamogga,True
FIR-2025-HAS-0179,P0064,Unni Bhagat,accused,22,male,Hassan,True
FIR-2025-HAS-0179,P0040,Yashica Cherian,accused,34,male,Belagavi,True
FIR-2025-HAS-0179,P0052,Raksha Varughese,accused,23,female,Tumakuru,True
FIR-2025-HAS-0179,V01790,Ekani Mangal,victim,53,male,Hassan,True
FIR-2025-RAI-0180,P0068,Logan Sami,accused,33,female,Dharwad,True
FIR-2025-RAI-0180,V01800,Gaurav Kata,victim,34,male,Raichur,True
FIR-2025-DAK-0181,P0046,Farhan Chada,accused,56,male,Kalaburagi,True
FIR-2025-DAK-0181,V01810,Parth Sahni,victim,42,female,Dakshina Kannada,True
FIR-2025-DAK-0181,V01811,Balhaar Ranganathan,victim,39,female,Dakshina Kannada,True
FIR-2024-BEL-0182,P0061,Urvashi Ray,accused,39,male,Raichur,True
FIR-2024-BEL-0182,P0037,Harini Choudhury,accused,25,male,Dakshina Kannada,True
FIR-2024-BEL-0182,V01820,Quincy Mann,victim,42,male,Belagavi,True
FIR-2024-BEL-0182,V01821,Aditya Misra,victim,71,male,Belagavi,True
FIR-2024-BAG-0183,P0207,Frederick Khurana,accused,24,male,Belagavi,True
FIR-2024-BAG-0183,V01830,Gautami Mane,victim,36,male,Bagalkot,True
FIR-2025-DAV-0184,P0104,Adweta Edwin,accused,52,male,Kolar,True
FIR-2025-DAV-0184,P0275,Tanmayi Dhillon,accused,35,male,Dakshina Kannada,True
FIR-2025-DAV-0184,V01840,Wakeeta Desai,victim,24,female,Davanagere,True
FIR-2025-DHA-0185,P0082,Dakshesh Trivedi,accused,43,male,Dakshina Kannada,True
FIR-2025-DHA-0185,V01850,Anjali Hans,victim,73,female,Dharwad,True
FIR-2025-BAL-0186,P0040,Yashica Cherian,accused,34,male,Belagavi,True
FIR-2025-BAL-0186,P0016,Chakradev Kari,accused,54,male,Tumakuru,True
FIR-2025-BAL-0186,P0004,Ayushman Chander,accused,23,female,Mysuru,True
FIR-2025-BAL-0186,V01860,Ganga Gaba,victim,35,female,Ballari,True
FIR-2025-KOL-0187,P0044,Isaac Patil,accused,34,male,Kolar,True
FIR-2025-KOL-0187,V01870,Aarini Grewal,victim,64,male,Kolar,True
FIR-2025-KOL-0187,V01871,Geetika Merchant,victim,26,female,Kolar,True
FIR-2024-VIJ-0188,P0016,Chakradev Kari,accused,54,male,Tumakuru,True
FIR-2024-VIJ-0188,V01880,Parth Ravi,victim,40,female,Vijayapur,True
FIR-2025-MYS-0189,P0237,Wriddhish Ghose,accused,31,female,Davanagere,True
FIR-2025-MYS-0189,P0102,Pallavi Malhotra,accused,22,male,Mandya,True
FIR-2025-MYS-0189,V01890,Yutika Narang,victim,44,female,Mysuru,True
FIR-2025-MYS-0189,V01891,Nandini Chandran,victim,23,female,Mysuru,True
FIR-2025-KAL-0190,P0039,Aarush Lall,accused,42,female,Kolar,True
FIR-2025-KAL-0190,V01900,Logan Sood,victim,55,male,Kalaburagi,True
FIR-2025-KAL-0190,V01901,Yuvraj Ahuja,victim,42,male,Kalaburagi,True
FIR-2024-VIJ-0191,P0046,Farhan Chada,accused,56,male,Kalaburagi,True
FIR-2024-VIJ-0191,P0010,Gayathri Chaudry,accused,35,male,Vijayapur,True
FIR-2024-VIJ-0191,V01910,Leela Keer,victim,74,male,Vijayapur,True
FIR-2024-VIJ-0191,V01911,Amara Narayan,victim,60,female,Vijayapur,True
FIR-2024-TUM-0192,P0020,Isha Kadakia,accused,58,male,Dakshina Kannada,True
FIR-2024-TUM-0192,P0008,Nathaniel Sami,accused,46,male,Bengaluru City,True
FIR-2024-TUM-0192,V01920,Advay Lal,victim,57,male,Tumakuru,True
FIR-2024-TUM-0192,V01921,Warinder Bhatia,victim,45,female,Tumakuru,True
FIR-2024-MAN-0193,P0013,Tripti Yadav,accused,40,male,Mysuru,True
FIR-2024-MAN-0193,V01930,Udyati Mohanty,victim,16,male,Mandya,True
FIR-2024-BAG-0194,P0048,Kabir Soman,accused,51,male,Hassan,True
FIR-2024-BAG-0194,P0060,Kevin Solanki,accused,33,male,Tumakuru,True
FIR-2024-BAG-0194,V01940,Nidra Thakkar,victim,45,female,Bagalkot,True
FIR-2024-BAG-0194,V01941,Jacob Merchant,victim,69,female,Bagalkot,True
FIR-2025-DAK-0195,P0311,Vasudha Chhabra,accused,60,male,Chickballapura,True
FIR-2025-DAK-0195,V01950,Timothy Kanda,victim,42,female,Dakshina Kannada,True
FIR-2025-BEN-0196,P0015,Janaki Handa,accused,23,male,Mandya,True
FIR-2025-BEN-0196,P0003,Gagan Sami,accused,26,male,Raichur,True
FIR-2025-BEN-0196,V01960,Vanya Dua,victim,57,female,Bengaluru City,True
FIR-2025-BEN-0196,V01961,Kashvi Sagar,victim,16,male,Bengaluru City,True
FIR-2024-BAL-0197,P0020,Isha Kadakia,accused,58,male,Dakshina Kannada,True
FIR-2024-BAL-0197,V01970,Tejas Kota,victim,16,male,Ballari,True
FIR-2025-CHI-0198,P0042,Kashvi Edwin,accused,25,male,Dharwad,True
FIR-2025-CHI-0198,P0006,Rushil Saini,accused,32,male,Raichur,True
FIR-2025-CHI-0198,P0018,Lajita Mall,accused,23,male,Belagavi,True
FIR-2025-CHI-0198,V01980,Sanya Wable,victim,41,male,Chickballapura,True
FIR-2025-CHI-0198,V01981,Faras Choudhury,victim,21,female,Chickballapura,True
FIR-2025-BAG-0199,P0041,Yashica Issac,accused,52,male,Hassan,True
FIR-2025-BAG-0199,V01990,Yashasvi Jain,victim,22,female,Bagalkot,True
FIR-2024-TUM-0200,P0027,Simon Tata,accused,32,male,Hassan,True
FIR-2024-TUM-0200,V02000,Nitesh Narang,victim,39,male,Tumakuru,True
FIR-2024-TUM-0200,V02001,Jackson Jha,victim,68,male,Tumakuru,True
FIR-2024-RAI-0201,P0175,Triya Gopal,accused,27,male,Udupi,True
FIR-2024-RAI-0201,P0268,Jairaj Balakrishnan,accused,56,male,Bagalkot,True
FIR-2024-RAI-0201,V02010,Gavin Uppal,victim,16,female,Raichur,True
FIR-2025-KOL-0202,P0268,Jairaj Balakrishnan,accused,56,male,Bagalkot,True
FIR-2025-KOL-0202,V02020,Christopher Setty,victim,22,female,Kolar,True
FIR-2025-KOL-0202,V02021,Yochana Sagar,victim,55,male,Kolar,True
FIR-2024-UDU-0203,P0175,Triya Gopal,accused,27,male,Udupi,True
FIR-2024-UDU-0203,P0180,Upma Bahl,accused,42,male,Udupi,True
FIR-2024-UDU-0203,V02030,Dalbir Shere,victim,75,male,Udupi,True
FIR-2025-KOL-0204,P0080,Dipta Bhandari,accused,33,male,Dharwad,True
FIR-2025-KOL-0204,P0313,Chakrika Bains,accused,55,male,Belagavi,True
FIR-2025-KOL-0204,V02040,Anthony Randhawa,victim,69,female,Kolar,True
FIR-2025-KOL-0204,V02041,Aarush Kamdar,victim,75,male,Kolar,True
FIR-2024-HAS-0205,P0036,Advay Contractor,accused,49,male,Mysuru,True
FIR-2024-HAS-0205,V02050,Chakradev Sampath,victim,44,male,Hassan,True
FIR-2024-HAS-0205,V02051,Devansh Bhasin,victim,24,female,Hassan,True
FIR-2025-RAI-0206,P0026,Dominic Kakar,accused,32,male,Mysuru,True
FIR-2025-RAI-0206,V02060,Urmi Balay,victim,59,female,Raichur,True
FIR-2025-RAI-0206,V02061,Nilima Gole,victim,74,male,Raichur,True
FIR-2025-HAS-0207,P0107,Kala Divan,accused,24,male,Davanagere,True
FIR-2025-HAS-0207,V02070,Osha Prasad,victim,59,female,Hassan,True
FIR-2025-HAS-0207,V02071,Saumya Purohit,victim,72,female,Hassan,True
FIR-2025-BEL-0208,P0152,Kiaan Shetty,accused,50,female,Dakshina Kannada,True
FIR-2025-BEL-0208,P0266,Samar Loke,accused,35,male,Tumakuru,True
FIR-2025-BEL-0208,V02080,Faris Zacharia,victim,34,female,Belagavi,True
FIR-2024-VIJ-0209,P0014,Kritika Brar,accused,47,male,Udupi,True
FIR-2024-VIJ-0209,V02090,Ijaya Dani,victim,63,female,Vijayapur,True
FIR-2025-MYS-0210,P0041,Yashica Issac,accused,52,male,Hassan,True
FIR-2025-MYS-0210,P0029,Liam Koshy,accused,31,male,Vijayapur,True
FIR-2025-MYS-0210,V02100,Maya Wadhwa,victim,55,female,Mysuru,True
FIR-2025-MAN-0211,P0038,Radhika Dugar,accused,45,male,Udupi,True
FIR-2025-MAN-0211,P0014,Kritika Brar,accused,47,male,Udupi,True
FIR-2025-MAN-0211,V02110,Udant Aggarwal,victim,63,male,Mandya,True
FIR-2024-DHA-0212,P0021,Ekbal Garg,accused,41,male,Vijayapur,True
FIR-2024-DHA-0212,V02120,Chanchal Sheth,victim,37,female,Dharwad,True
FIR-2024-MYS-0213,P0010,Gayathri Chaudry,accused,35,male,Vijayapur,True
FIR-2024-MYS-0213,V02130,Ladli Karpe,victim,27,male,Mysuru,True
FIR-2024-DHA-0214,P0043,Ekiya Suresh,accused,28,female,Bengaluru City,True
FIR-2024-DHA-0214,P0067,Ranveer Yadav,accused,52,male,Chickballapura,True
FIR-2024-DHA-0214,V02140,Triveni Pal,victim,51,male,Dharwad,True
FIR-2024-DHA-0214,V02141,Anya Gulati,victim,23,female,Dharwad,True
FIR-2024-BAL-0215,P0049,Alka Wable,accused,49,male,Belagavi,True
FIR-2024-BAL-0215,V02150,Azad Saini,victim,40,female,Ballari,True
FIR-2025-KOL-0216,P0268,Jairaj Balakrishnan,accused,56,male,Bagalkot,True
FIR-2025-KOL-0216,P0204,Simon Pant,accused,37,male,Bengaluru City,True
FIR-2025-KOL-0216,V02160,Wridesh Jhaveri,victim,22,male,Kolar,True
FIR-2025-BEN-0217,P0205,Harini Mammen,accused,37,female,Udupi,True
FIR-2025-BEN-0217,V02170,Harrison Bandi,victim,69,male,Bengaluru City,True
FIR-2025-BEN-0217,V02171,Chanakya Konda,victim,29,female,Bengaluru City,True
FIR-2025-KAL-0218,P0005,Viraj Tiwari,accused,19,male,Vijayapur,True
FIR-2025-KAL-0218,P0041,Yashica Issac,accused,52,male,Hassan,True
FIR-2025-KAL-0218,V02180,Neelima Sarna,victim,52,male,Kalaburagi,True
FIR-2025-UDU-0219,P0041,Yashica Issac,accused,52,male,Hassan,True
FIR-2025-UDU-0219,P0065,Darsh Rau,accused,22,male,Davanagere,True
FIR-2025-UDU-0219,V02190,Teerth Bhalla,victim,57,male,Udupi,True
FIR-2024-KOL-0220,P0037,Harini Choudhury,accused,25,male,Dakshina Kannada,True
FIR-2024-KOL-0220,V02200,Yahvi Mann,victim,41,male,Kolar,True
FIR-2024-KOL-0220,V02201,Eiravati Nagi,victim,46,male,Kolar,True
FIR-2024-KAL-0221,P0038,Radhika Dugar,accused,45,male,Udupi,True
FIR-2024-KAL-0221,V02210,Chasmum Dhar,victim,59,female,Kalaburagi,True
FIR-2024-KAL-0221,V02211,Odika Mital,victim,16,male,Kalaburagi,True
FIR-2024-UDU-0222,P0188,Hritik Bal,accused,19,female,Bengaluru City,True
FIR-2024-UDU-0222,V02220,Darsh Gill,victim,42,male,Udupi,True
FIR-2024-DAV-0223,P0244,Manthan Lata,accused,24,male,Shivamogga,True
FIR-2024-DAV-0223,V02230,Warhi Batta,victim,57,male,Davanagere,True
FIR-2024-DAV-0223,V02231,Lakshmi Vohra,victim,34,male,Davanagere,True
FIR-2024-VIJ-0224,P0017,Fariq Kaul,accused,20,male,Shivamogga,True
FIR-2024-VIJ-0224,V02240,Omaja Rege,victim,34,male,Vijayapur,True
FIR-2024-CHI-0225,P0040,Yashica Cherian,accused,34,male,Belagavi,True
FIR-2024-CHI-0225,P0028,Tara Dhar,accused,43,male,Tumakuru,True
FIR-2024-CHI-0225,P0052,Raksha Varughese,accused,23,female,Tumakuru,True
FIR-2024-CHI-0225,V02250,Charita Puri,victim,16,female,Chickballapura,True
FIR-2025-DHA-0226,P0156,Aradhana Verma,accused,30,male,Bengaluru City,True
FIR-2025-DHA-0226,V02260,Urvashi Khosla,victim,45,female,Dharwad,True
FIR-2025-DHA-0226,V02261,Charita Dhawan,victim,38,female,Dharwad,True
FIR-2025-BEL-0227,P0239,Shravya Singhal,accused,30,male,Ballari,True
FIR-2025-BEL-0227,V02270,Dalbir Sachar,victim,73,male,Belagavi,True
FIR-2025-MYS-0228,P0061,Urvashi Ray,accused,39,male,Raichur,True
FIR-2025-MYS-0228,V02280,Krish Rama,victim,41,male,Mysuru,True
FIR-2025-MYS-0228,V02281,Aadhya Jani,victim,73,female,Mysuru,True
FIR-2024-KOL-0229,P0196,Tripti Dua,accused,21,male,Ballari,True
FIR-2024-KOL-0229,P0113,Nitara Bakshi,accused,26,male,Dakshina Kannada,True
FIR-2024-KOL-0229,V02290,Farhan Sengupta,victim,52,male,Kolar,True
FIR-2025-MYS-0230,P0009,Arunima Dugal,accused,28,female,Hassan,True
FIR-2025-MYS-0230,P0033,Michael Dutta,accused,53,male,Dharwad,True
FIR-2025-MYS-0230,V02300,George Wason,victim,40,female,Mysuru,True
FIR-2025-MYS-0230,V02301,Charan Loyal,victim,74,female,Mysuru,True
FIR-2025-UDU-0231,P0073,Niharika Sunder,accused,43,male,Belagavi,True
FIR-2025-UDU-0231,V02310,Balveer Bora,victim,49,female,Udupi,True
FIR-2025-KAL-0232,P0072,Girik Khalsa,accused,21,male,Mysuru,True
FIR-2025-KAL-0232,P0024,Daksh Karnik,accused,33,male,Bagalkot,True
FIR-2025-KAL-0232,V02320,Teerth Srinivas,victim,39,male,Kalaburagi,True
FIR-2024-CHI-0233,P0032,Gavin Batta,accused,34,male,Ballari,True
FIR-2024-CHI-0233,P0020,Isha Kadakia,accused,58,male,Dakshina Kannada,True
FIR-2024-CHI-0233,V02330,Gaurangi Mitter,victim,73,male,Chickballapura,True
FIR-2024-KOL-0234,P0135,Osha Raghavan,accused,20,male,Dharwad,True
FIR-2024-KOL-0234,V02340,Siddharth Gupta,victim,21,male,Kolar,True
FIR-2024-KOL-0234,V02341,Varenya Kibe,victim,44,female,Kolar,True
FIR-2024-BAL-0235,P0128,Chaitanya Sarin,accused,40,male,Ballari,True
FIR-2024-BAL-0235,V02350,Mekhala Khatri,victim,62,female,Ballari,True
FIR-2024-KAL-0236,P0054,Devansh Nigam,accused,60,female,Raichur,True
FIR-2024-KAL-0236,P0018,Lajita Mall,accused,23,male,Belagavi,True
FIR-2024-KAL-0236,V02360,Barkha Rai,victim,73,male,Kalaburagi,True
FIR-2024-KAL-0236,V02361,Jagrati Morar,victim,72,male,Kalaburagi,True
FIR-2025-DHA-0237,P0166,Lajita Sood,accused,60,male,Bagalkot,True
FIR-2025-DHA-0237,V02370,Jagvi Varghese,victim,66,female,Dharwad,True
FIR-2025-DHA-0237,V02371,Unnati Chaudhari,victim,38,male,Dharwad,True
FIR-2024-DAV-0238,P0037,Harini Choudhury,accused,25,male,Dakshina Kannada,True
FIR-2024-DAV-0238,V02380,Ekaja Jani,victim,32,male,Davanagere,True
FIR-2024-DAV-0238,V02381,Dhriti Sachdev,victim,16,male,Davanagere,True
FIR-2025-VIJ-0239,P0020,Isha Kadakia,accused,58,male,Dakshina Kannada,True
FIR-2025-VIJ-0239,V02390,Timothy Dhingra,victim,32,female,Vijayapur,True
FIR-2025-VIJ-0239,V02391,Advika Sahni,victim,52,female,Vijayapur,True
FIR-2025-MAN-0240,P0104,Adweta Edwin,accused,52,male,Kolar,True
FIR-2025-MAN-0240,V02400,Michael Hayre,victim,63,male,Mandya,True
FIR-2025-MAN-0240,V02401,Victor Raghavan,victim,70,male,Mandya,True
FIR-2025-DAK-0241,P0211,Nidhi Kohli,accused,44,female,Belagavi,True
FIR-2025-DAK-0241,V02410,Xalak Nazareth,victim,26,female,Dakshina Kannada,True
FIR-2024-KAL-0242,P0012,Hemangini Lalla,accused,42,male,Mandya,True
FIR-2024-KAL-0242,P0024,Daksh Karnik,accused,33,male,Bagalkot,True
FIR-2024-KAL-0242,P0072,Girik Khalsa,accused,21,male,Mysuru,True
FIR-2024-KAL-0242,V02420,Vrinda Swaminathan,victim,75,female,Kalaburagi,True
FIR-2024-KAL-0242,V02421,Om Pandey,victim,55,female,Kalaburagi,True
FIR-2025-KOL-0243,P0123,Ayaan D’Alia,accused,44,male,Dakshina Kannada,True
FIR-2025-KOL-0243,V02430,Logan Suresh,victim,31,male,Kolar,True
FIR-2025-KOL-0243,V02431,Daniel Viswanathan,victim,26,male,Kolar,True
FIR-2025-MAN-0244,P0074,Tanay Rattan,accused,33,male,Vijayapur,True
FIR-2025-MAN-0244,V02440,Falan Bava,victim,74,male,Mandya,True
FIR-2024-RAI-0245,P0029,Liam Koshy,accused,31,male,Vijayapur,True
FIR-2024-RAI-0245,V02450,Nitara Devan,victim,75,female,Raichur,True
FIR-2024-RAI-0245,V02451,Ekansh Dora,victim,52,male,Raichur,True
FIR-2024-DHA-0246,P0038,Radhika Dugar,accused,45,male,Udupi,True
FIR-2024-DHA-0246,V02460,Tejas Tiwari,victim,72,female,Dharwad,True
FIR-2024-DHA-0246,V02461,Kashvi Bhasin,victim,60,female,Dharwad,True
FIR-2025-CHI-0247,P0157,William Maharaj,accused,20,male,Chickballapura,True
FIR-2025-CHI-0247,V02470,Vinaya Babu,victim,46,male,Chickballapura,True
FIR-2025-BAL-0248,P0073,Niharika Sunder,accused,43,male,Belagavi,True
FIR-2025-BAL-0248,P0287,Balhaar Date,accused,21,male,Kolar,True
FIR-2025-BAL-0248,V02480,Nisha Arora,victim,31,female,Ballari,True
FIR-2025-BAL-0248,V02481,Anvi Wason,victim,21,female,Ballari,True
FIR-2024-RAI-0249,P0028,Tara Dhar,accused,43,male,Tumakuru,True
FIR-2024-RAI-0249,P0016,Chakradev Kari,accused,54,male,Tumakuru,True
FIR-2024-RAI-0249,V02490,Anay Thakkar,victim,63,male,Raichur,True
FIR-2024-RAI-0249,V02491,Praneel Chhabra,victim,31,male,Raichur,True
FIR-2024-BEL-0250,P0298,Ayush Batra,accused,48,female,Ballari,True
FIR-2024-BEL-0250,V02500,Manthan Khosla,victim,64,male,Belagavi,True
FIR-2025-HAS-0251,P0063,Irya Sampath,accused,22,male,Ballari,True
FIR-2025-HAS-0251,V02510,Zayyan Pandya,victim,41,male,Hassan,True
FIR-2025-HAS-0251,V02511,Mekhala Brar,victim,64,male,Hassan,True
FIR-2025-RAI-0252,P0249,Raksha Buch,accused,22,male,Kalaburagi,True
FIR-2025-RAI-0252,V02520,Nidra Sharaf,victim,23,female,Raichur,True
FIR-2025-RAI-0252,V02521,Upkaar Mital,victim,36,male,Raichur,True
FIR-2024-MAN-0253,P0299,Daksh Memon,accused,47,male,Udupi,True
FIR-2024-MAN-0253,V02530,Azad Chander,victim,47,female,Mandya,True
FIR-2025-UDU-0254,P0017,Fariq Kaul,accused,20,male,Shivamogga,True
FIR-2025-UDU-0254,P0005,Viraj Tiwari,accused,19,male,Vijayapur,True
FIR-2025-UDU-0254,V02540,Ladli Purohit,victim,67,male,Udupi,True
FIR-2025-UDU-0254,V02541,Daksh Andra,victim,51,female,Udupi,True
FIR-2024-KAL-0255,P0023,Anamika Kanda,accused,56,male,Raichur,True
FIR-2024-KAL-0255,P0059,Arya Sunder,accused,51,female,Belagavi,True
FIR-2024-KAL-0255,P0047,Ekapad Walia,accused,41,male,Raichur,True
FIR-2024-KAL-0255,V02550,Fitan Tata,victim,51,male,Kalaburagi,True
FIR-2024-KAL-0255,V02551,Garima Chandran,victim,41,male,Kalaburagi,True
FIR-2024-BEL-0256,P0047,Ekapad Walia,accused,41,male,Raichur,True
FIR-2024-BEL-0256,P0035,Upadhriti Wadhwa,accused,32,male,Kolar,True
FIR-2024-BEL-0256,P0011,Lajita Chatterjee,accused,39,male,Tumakuru,True
FIR-2024-BEL-0256,V02560,Victor Kakar,victim,23,female,Belagavi,True
FIR-2024-BEL-0256,V02561,Anika Batra,victim,71,male,Belagavi,True
FIR-2025-RAI-0257,P0046,Farhan Chada,accused,56,male,Kalaburagi,True
FIR-2025-RAI-0257,V02570,Avni Bali,victim,65,female,Raichur,True
FIR-2025-RAI-0257,V02571,Divya Babu,victim,72,male,Raichur,True
FIR-2025-SHI-0258,P0253,Parth Singhal,accused,42,female,Bagalkot,True
FIR-2025-SHI-0258,V02580,Maanas Rao,victim,42,female,Shivamogga,True
FIR-2025-SHI-0258,V02581,Chandani Gaba,victim,70,male,Shivamogga,True
FIR-2024-SHI-0259,P0035,Upadhriti Wadhwa,accused,32,male,Kolar,True
FIR-2024-SHI-0259,P0071,Chandresh Zachariah,accused,45,female,Bagalkot,True
FIR-2024-SHI-0259,P0059,Arya Sunder,accused,51,female,Belagavi,True
FIR-2024-SHI-0259,V02590,Lopa Zachariah,victim,26,male,Shivamogga,True
FIR-2024-SHI-0259,V02591,Leena Dey,victim,70,male,Shivamogga,True
FIR-2025-DAV-0260,P0014,Kritika Brar,accused,47,male,Udupi,True
FIR-2025-DAV-0260,P0062,Girindra Chatterjee,accused,32,male,Bengaluru City,True
FIR-2025-DAV-0260,P0002,Udant Dewan,accused,35,male,Ballari,True
FIR-2025-DAV-0260,V02600,Xiti Pal,victim,65,female,Davanagere,True
FIR-2024-BEL-0261,P0144,Aryan Batra,accused,38,female,Shivamogga,True
FIR-2024-BEL-0261,V02610,Guneet Sarkar,victim,30,male,Belagavi,True
FIR-2024-BEL-0261,V02611,Faqid Oak,victim,63,female,Belagavi,True
FIR-2025-KAL-0262,P0004,Ayushman Chander,accused,23,female,Mysuru,True
FIR-2025-KAL-0262,V02620,Eta Balan,victim,71,female,Kalaburagi,True
FIR-2025-KAL-0262,V02621,Shravya Swaminathan,victim,45,female,Kalaburagi,True
FIR-2024-BAG-0263,P0082,Dakshesh Trivedi,accused,43,male,Dakshina Kannada,True
FIR-2024-BAG-0263,V02630,Ishani Prashad,victim,50,male,Bagalkot,True
FIR-2024-BAG-0263,V02631,Quincy Rai,victim,67,male,Bagalkot,True
FIR-2024-MAN-0264,P0045,Wriddhish Bhardwaj,accused,24,male,Kolar,True
FIR-2024-MAN-0264,P0057,Ekansh Balay,accused,52,male,Shivamogga,True
FIR-2024-MAN-0264,V02640,Chakrika Koshy,victim,35,male,Mandya,True
FIR-2024-MAN-0264,V02641,Fitan Loyal,victim,65,female,Mandya,True
FIR-2025-MAN-0265,P0056,Ekavir Bhargava,accused,56,female,Vijayapur,True
FIR-2025-MAN-0265,P0044,Isaac Patil,accused,34,male,Kolar,True
FIR-2025-MAN-0265,P0020,Isha Kadakia,accused,58,male,Dakshina Kannada,True
FIR-2025-MAN-0265,V02650,Lajita Dube,victim,21,female,Mandya,True
FIR-2025-MAN-0265,V02651,Edhitha Patel,victim,56,male,Mandya,True
FIR-2025-DAV-0266,P0223,Brinda Date,accused,35,male,Raichur,True
FIR-2025-DAV-0266,V02660,Gavin Ahluwalia,victim,27,male,Davanagere,True
FIR-2024-BAG-0267,P0042,Kashvi Edwin,accused,25,male,Dharwad,True
FIR-2024-BAG-0267,P0018,Lajita Mall,accused,23,male,Belagavi,True
FIR-2024-BAG-0267,V02670,Sai Parsa,victim,34,female,Bagalkot,True
FIR-2024-BEN-0268,P0060,Kevin Solanki,accused,33,male,Tumakuru,True
FIR-2024-BEN-0268,V02680,Harsh Deo,victim,21,male,Bengaluru City,True
FIR-2024-BEN-0268,V02681,Rachit Sankar,victim,19,female,Bengaluru City,True
FIR-2024-RAI-0269,P0227,Zayyan Sridhar,accused,59,female,Bagalkot,True
FIR-2024-RAI-0269,V02690,Yauvani Reddy,victim,65,male,Raichur,True
FIR-2024-BEL-0270,P0301,Yash Wali,accused,35,female,Hassan,True
FIR-2024-BEL-0270,V02700,Atharv Chakraborty,victim,56,male,Belagavi,True
FIR-2025-BEL-0271,P0026,Dominic Kakar,accused,32,male,Mysuru,True
FIR-2025-BEL-0271,V02710,Girik Nair,victim,23,male,Belagavi,True
FIR-2024-BEN-0272,P0016,Chakradev Kari,accused,54,male,Tumakuru,True
FIR-2024-BEN-0272,V02720,Advik Manne,victim,18,female,Bengaluru City,True
FIR-2024-TUM-0273,P0008,Nathaniel Sami,accused,46,male,Bengaluru City,True
FIR-2024-TUM-0273,P0068,Logan Sami,accused,33,female,Dharwad,True
FIR-2024-TUM-0273,V02730,Lipika Chad,victim,24,female,Tumakuru,True
FIR-2024-RAI-0274,P0184,William Date,accused,32,male,Dharwad,True
FIR-2024-RAI-0274,P0169,Vinaya Kanda,accused,46,male,Ballari,True
FIR-2024-RAI-0274,V02740,Omkaar Rai,victim,62,male,Raichur,True
FIR-2024-RAI-0274,V02741,Liam Luthra,victim,32,male,Raichur,True
FIR-2025-BAG-0275,P0025,Diya Rattan,accused,42,male,Raichur,True
FIR-2025-BAG-0275,P0037,Harini Choudhury,accused,25,male,Dakshina Kannada,True
FIR-2025-BAG-0275,P0049,Alka Wable,accused,49,male,Belagavi,True
FIR-2025-BAG-0275,V02750,Amrita Tailor,victim,71,male,Bagalkot,True
FIR-2025-BAG-0275,V02751,Dev Ganesh,victim,20,male,Bagalkot,True
FIR-2025-MAN-0276,P0068,Logan Sami,accused,33,female,Dharwad,True
FIR-2025-MAN-0276,V02760,Anya Sama,victim,55,female,Mandya,True
FIR-2024-HAS-0277,P0025,Diya Rattan,accused,42,male,Raichur,True
FIR-2024-HAS-0277,V02770,Veda Bose,victim,55,female,Hassan,True
FIR-2025-HAS-0278,P0006,Rushil Saini,accused,32,male,Raichur,True
FIR-2025-HAS-0278,V02780,Zayan Koshy,victim,71,male,Hassan,True
FIR-2024-BEL-0279,P0145,Vaishnavi Bora,accused,53,male,Vijayapur,True
FIR-2024-BEL-0279,V02790,Rohan Shankar,victim,19,female,Belagavi,True
FIR-2024-BEL-0279,V02791,Krishna Modi,victim,30,male,Belagavi,True
FIR-2025-CHI-0280,P0008,Nathaniel Sami,accused,46,male,Bengaluru City,True
FIR-2025-CHI-0280,P0044,Isaac Patil,accused,34,male,Kolar,True
FIR-2025-CHI-0280,P0020,Isha Kadakia,accused,58,male,Dakshina Kannada,True
FIR-2025-CHI-0280,V02800,Meghana Natarajan,victim,49,male,Chickballapura,True
FIR-2025-CHI-0280,V02801,Forum Sarraf,victim,62,male,Chickballapura,True
FIR-2024-VIJ-0281,P0025,Diya Rattan,accused,42,male,Raichur,True
FIR-2024-VIJ-0281,V02810,Qushi Deshpande,victim,51,female,Vijayapur,True
FIR-2025-MAN-0282,P0261,Zayyan Naik,accused,36,male,Ballari,True
FIR-2025-MAN-0282,P0119,Udant Bajwa,accused,41,male,Mandya,True
FIR-2025-MAN-0282,V02820,Ekani Iyer,victim,48,female,Mandya,True
FIR-2025-MAN-0282,V02821,Dipta Goel,victim,58,male,Mandya,True
FIR-2025-BAG-0283,P0316,Indira Kanda,accused,44,male,Tumakuru,True
FIR-2025-BAG-0283,V02830,Eiravati Manne,victim,42,female,Bagalkot,True
FIR-2025-BAG-0283,V02831,Xavier Nanda,victim,68,female,Bagalkot,True
FIR-2024-RAI-0284,P0047,Ekapad Walia,accused,41,male,Raichur,True
FIR-2024-RAI-0284,P0011,Lajita Chatterjee,accused,39,male,Tumakuru,True
FIR-2024-RAI-0284,P0071,Chandresh Zachariah,accused,45,female,Bagalkot,True
FIR-2024-RAI-0284,V02840,Avni Ramaswamy,victim,54,male,Raichur,True
FIR-2024-RAI-0284,V02841,Ishaan Iyengar,victim,49,male,Raichur,True
FIR-2024-SHI-0285,P0279,Aarnav Mandal,accused,44,male,Hassan,True
FIR-2024-SHI-0285,V02850,Avi Shenoy,victim,22,male,Shivamogga,True
FIR-2024-KAL-0286,P0030,Priya Rastogi,accused,59,female,Udupi,True
FIR-2024-KAL-0286,V02860,Raksha Manne,victim,52,female,Kalaburagi,True
FIR-2024-CHI-0287,P0168,Oni Yohannan,accused,46,male,Chickballapura,True
FIR-2024-CHI-0287,V02870,Nilima Tata,victim,54,female,Chickballapura,True
FIR-2025-UDU-0288,P0045,Wriddhish Bhardwaj,accused,24,male,Kolar,True
FIR-2025-UDU-0288,V02880,Chavvi Khurana,victim,75,male,Udupi,True
FIR-2025-UDU-0288,V02881,Mitesh Sampath,victim,71,male,Udupi,True
FIR-2025-SHI-0289,P0042,Kashvi Edwin,accused,25,male,Dharwad,True
FIR-2025-SHI-0289,V02890,Ethan Sen,victim,19,female,Shivamogga,True
FIR-2025-KOL-0290,P0211,Nidhi Kohli,accused,44,female,Belagavi,True
FIR-2025-KOL-0290,P0159,Anita Nayak,accused,44,male,Udupi,True
FIR-2025-KOL-0290,V02900,Nandini Warrior,victim,46,male,Kolar,True
FIR-2025-DHA-0291,P0095,Nakul Sarma,accused,31,male,Ballari,True
FIR-2025-DHA-0291,V02910,Balhaar Parsa,victim,51,male,Dharwad,True
FIR-2025-HAS-0292,P0055,Victor Kannan,accused,28,male,Kolar,True
FIR-2025-HAS-0292,P0031,Theodore Devi,accused,59,female,Kalaburagi,True
FIR-2025-HAS-0292,P0007,Saumya Mall,accused,30,female,Ballari,True
FIR-2025-HAS-0292,V02920,Ikbal Kothari,victim,26,female,Hassan,True
FIR-2025-HAS-0292,V02921,Ojas Basu,victim,55,female,Hassan,True
FIR-2024-BAL-0293,P0196,Tripti Dua,accused,21,male,Ballari,True
FIR-2024-BAL-0293,V02930,Garima Sani,victim,63,male,Ballari,True
FIR-2024-BEN-0294,P0040,Yashica Cherian,accused,34,male,Belagavi,True
FIR-2024-BEN-0294,P0016,Chakradev Kari,accused,54,male,Tumakuru,True
FIR-2024-BEN-0294,P0064,Unni Bhagat,accused,22,male,Hassan,True
FIR-2024-BEN-0294,V02940,Advaith Chaudhari,victim,50,female,Bengaluru City,True
FIR-2025-KAL-0295,P0078,Mohammed Gupta,accused,46,male,Mysuru,True
FIR-2025-KAL-0295,V02950,Tristan Uppal,victim,34,male,Kalaburagi,True
FIR-2024-BEN-0296,P0148,Manbir Ahluwalia,accused,53,male,Shivamogga,True
FIR-2024-BEN-0296,V02960,Sanaya Prasad,victim,71,male,Bengaluru City,True
FIR-2024-BEN-0296,V02961,Ubika Tella,victim,17,female,Bengaluru City,True
FIR-2024-UDU-0297,P0252,Ansh Luthra,accused,44,male,Kolar,True
FIR-2024-UDU-0297,V02970,Hemani Bakshi,victim,28,female,Udupi,True
FIR-2025-CHI-0298,P0045,Wriddhish Bhardwaj,accused,24,male,Kolar,True
FIR-2025-CHI-0298,P0021,Ekbal Garg,accused,41,male,Vijayapur,True
FIR-2025-CHI-0298,P0033,Michael Dutta,accused,53,male,Dharwad,True
FIR-2025-CHI-0298,V02980,Henry Merchant,victim,56,female,Chickballapura,True
FIR-2024-RAI-0299,P0018,Lajita Mall,accused,23,male,Belagavi,True
FIR-2024-RAI-0299,V02990,Frederick D’Alia,victim,42,male,Raichur,True
FIR-2025-HAS-0300,P0143,Umang Issac,accused,37,male,Dharwad,True
FIR-2025-HAS-0300,V03000,Ijaya Muni,victim,71,male,Hassan,True
FIR-2025-KOL-0301,P0144,Aryan Batra,accused,38,female,Shivamogga,True
FIR-2025-KOL-0301,V03010,Tamanna Jhaveri,victim,36,male,Kolar,True
FIR-2025-BEL-0302,P0181,Inaya Kapur,accused,48,male,Mandya,True
FIR-2025-BEL-0302,V03020,Ijaya Soni,victim,42,female,Belagavi,True
FIR-2025-BEL-0302,V03021,Raksha Sethi,victim,44,female,Belagavi,True
FIR-2024-DAK-0303,P0119,Udant Bajwa,accused,41,male,Mandya,True
FIR-2024-DAK-0303,V03030,Ekalinga Mital,victim,30,male,Dakshina Kannada,True
FIR-2024-CHI-0304,P0173,Avi Ramesh,accused,33,male,Hassan,True
FIR-2024-CHI-0304,V03040,Ishwar Bajaj,victim,47,female,Chickballapura,True
FIR-2024-CHI-0304,V03041,Ikbal Gala,victim,24,male,Chickballapura,True
FIR-2025-BEN-0305,P0189,Keya Ranganathan,accused,23,female,Kalaburagi,True
FIR-2025-BEN-0305,V03050,Zaitra Ghosh,victim,20,male,Bengaluru City,True
FIR-2025-CHI-0306,P0055,Victor Kannan,accused,28,male,Kolar,True
FIR-2025-CHI-0306,V03060,Ganga Sandhu,victim,62,female,Chickballapura,True
FIR-2025-CHI-0306,V03061,Vincent Ravel,victim,41,male,Chickballapura,True
FIR-2024-BAL-0307,P0094,Yash Pingle,accused,44,male,Davanagere,True
FIR-2024-BAL-0307,V03070,Quincy Sankaran,victim,28,female,Ballari,True
FIR-2024-BAG-0308,P0279,Aarnav Mandal,accused,44,male,Hassan,True
FIR-2024-BAG-0308,V03080,Ayush Hora,victim,45,female,Bagalkot,True
FIR-2025-RAI-0309,P0058,Ekavir Varkey,accused,43,male,Bagalkot,True
FIR-2025-RAI-0309,P0046,Farhan Chada,accused,56,male,Kalaburagi,True
FIR-2025-RAI-0309,V03090,Pushti Ramachandran,victim,32,female,Raichur,True
FIR-2024-BAG-0310,P0049,Alka Wable,accused,49,male,Belagavi,True
FIR-2024-BAG-0310,P0025,Diya Rattan,accused,42,male,Raichur,True
FIR-2024-BAG-0310,V03100,Tanish Jha,victim,26,male,Bagalkot,True
FIR-2025-SHI-0311,P0037,Harini Choudhury,accused,25,male,Dakshina Kannada,True
FIR-2025-SHI-0311,P0013,Tripti Yadav,accused,40,male,Mysuru,True
FIR-2025-SHI-0311,V03110,Dev Chaudry,victim,55,female,Shivamogga,True
FIR-2025-CHI-0312,P0120,Mohini Narasimhan,accused,31,male,Belagavi,True
FIR-2025-CHI-0312,V03120,Jasmit Nanda,victim,53,female,Chickballapura,True
FIR-2025-BAG-0313,P0032,Gavin Batta,accused,34,male,Ballari,True
FIR-2025-BAG-0313,P0008,Nathaniel Sami,accused,46,male,Bengaluru City,True
FIR-2025-BAG-0313,V03130,Tanvi Comar,victim,25,male,Bagalkot,True
FIR-2025-SHI-0314,P0014,Kritika Brar,accused,47,male,Udupi,True
FIR-2025-SHI-0314,V03140,Vrishti Wable,victim,59,female,Shivamogga,True
FIR-2025-RAI-0315,P0285,Eesha Solanki,accused,25,female,Kolar,True
FIR-2025-RAI-0315,P0149,Pavani Kanda,accused,36,male,Dharwad,True
FIR-2025-RAI-0315,V03150,Lipika Ramanathan,victim,39,female,Raichur,True
FIR-2025-RAI-0315,V03151,Ijaya Pandey,victim,68,male,Raichur,True
FIR-2025-TUM-0316,P0164,Ojasvi Bhatia,accused,53,male,Belagavi,True
FIR-2025-TUM-0316,V03160,Orinder Mishra,victim,49,male,Tumakuru,True
FIR-2025-TUM-0316,V03161,Krish Munshi,victim,60,male,Tumakuru,True
FIR-2024-SHI-0317,P0034,Devansh Rajan,accused,55,female,Mandya,True
FIR-2024-SHI-0317,P0022,Nihal Shere,accused,60,male,Tumakuru,True
FIR-2024-SHI-0317,P0058,Ekavir Varkey,accused,43,male,Bagalkot,True
FIR-2024-SHI-0317,V03170,William Mody,victim,47,male,Shivamogga,True
FIR-2024-SHI-0317,V03171,Qadim Prakash,victim,72,male,Shivamogga,True
FIR-2024-BEN-0318,P0186,Aahana Pillay,accused,39,female,Dakshina Kannada,True
FIR-2024-BEN-0318,V03180,Yasti Rama,victim,42,male,Bengaluru City,True
FIR-2024-BEN-0318,V03181,Lakshit Rajagopal,victim,37,female,Bengaluru City,True
FIR-2025-VIJ-0319,P0037,Harini Choudhury,accused,25,male,Dakshina Kannada,True
FIR-2025-VIJ-0319,V03190,Quincy Sur,victim,35,female,Vijayapur,True
FIR-2025-VIJ-0319,V03191,Ojas Suri,victim,65,male,Vijayapur,True
FIR-2025-HAS-0320,P0124,Pranav Lanka,accused,39,female,Ballari,True
FIR-2025-HAS-0320,P0117,Tristan Iyengar,accused,55,male,Dharwad,True
FIR-2025-HAS-0320,V03200,Logan Grover,victim,37,female,Hassan,True
FIR-2025-MYS-0321,P0265,Wishi Sathe,accused,25,male,Kalaburagi,True
FIR-2025-MYS-0321,V03210,Shravya Bera,victim,45,female,Mysuru,True
FIR-2025-MYS-0321,V03211,Aditya Sundaram,victim,75,male,Mysuru,True
FIR-2024-KAL-0322,P0312,Lakshmi Parmer,accused,20,male,Kolar,True
FIR-2024-KAL-0322,V03220,Robert Rajagopalan,victim,52,female,Kalaburagi,True
FIR-2024-HAS-0323,P0058,Ekavir Varkey,accused,43,male,Bagalkot,True
FIR-2024-HAS-0323,V03230,Nilima Swamy,victim,49,female,Hassan,True
FIR-2024-MYS-0324,P0068,Logan Sami,accused,33,female,Dharwad,True
FIR-2024-MYS-0324,V03240,Sachi Suresh,victim,28,female,Mysuru,True
FIR-2025-SHI-0325,P0229,Ethan Bera,accused,32,female,Ballari,True
FIR-2025-SHI-0325,V03250,Fitan Balasubramanian,victim,29,male,Shivamogga,True
FIR-2024-BEN-0326,P0243,Pavani Contractor,accused,36,male,Chickballapura,True
FIR-2024-BEN-0326,V03260,Brinda Bali,victim,45,male,Bengaluru City,True
FIR-2024-BEN-0326,V03261,Umang Yogi,victim,22,female,Bengaluru City,True
FIR-2025-SHI-0327,P0037,Harini Choudhury,accused,25,male,Dakshina Kannada,True
FIR-2025-SHI-0327,P0001,Aryan Maharaj,accused,58,male,Bengaluru City,True
FIR-2025-SHI-0327,P0025,Diya Rattan,accused,42,male,Raichur,True
FIR-2025-SHI-0327,V03270,Om Shankar,victim,26,female,Shivamogga,True
FIR-2025-KAL-0328,P0010,Gayathri Chaudry,accused,35,male,Vijayapur,True
FIR-2025-KAL-0328,V03280,Yasti Chowdhury,victim,50,female,Kalaburagi,True
FIR-2025-KAL-0328,V03281,Amrita Peri,victim,19,male,Kalaburagi,True
FIR-2025-MYS-0329,P0055,Victor Kannan,accused,28,male,Kolar,True
FIR-2025-MYS-0329,P0067,Ranveer Yadav,accused,52,male,Chickballapura,True
FIR-2025-MYS-0329,P0031,Theodore Devi,accused,59,female,Kalaburagi,True
FIR-2025-MYS-0329,V03290,Ridhi Kamdar,victim,37,male,Mysuru,True
FIR-2025-MYS-0329,V03291,Harsh Kota,victim,61,male,Mysuru,True
FIR-2025-KAL-0330,P0013,Tripti Yadav,accused,40,male,Mysuru,True
FIR-2025-KAL-0330,P0049,Alka Wable,accused,49,male,Belagavi,True
FIR-2025-KAL-0330,P0025,Diya Rattan,accused,42,male,Raichur,True
FIR-2025-KAL-0330,V03300,Bachittar Sengupta,victim,25,female,Kalaburagi,True
FIR-2024-BEN-0331,P0062,Girindra Chatterjee,accused,32,male,Bengaluru City,True
FIR-2024-BEN-0331,V03310,Ijaya Chahal,victim,65,female,Bengaluru City,True
FIR-2024-BEN-0331,V03311,Jacob Khalsa,victim,54,male,Bengaluru City,True
FIR-2024-RAI-0332,P0060,Kevin Solanki,accused,33,male,Tumakuru,True
FIR-2024-RAI-0332,P0072,Girik Khalsa,accused,21,male,Mysuru,True
FIR-2024-RAI-0332,V03320,Indali Sangha,victim,51,male,Raichur,True
FIR-2025-TUM-0333,P0210,Girik Menon,accused,22,male,Bengaluru City,True
FIR-2025-TUM-0333,V03330,Liam Jhaveri,victim,50,male,Tumakuru,True
FIR-2025-TUM-0333,V03331,Daniel Panchal,victim,27,male,Tumakuru,True
FIR-2025-BEL-0334,P0009,Arunima Dugal,accused,28,female,Hassan,True
FIR-2025-BEL-0334,P0045,Wriddhish Bhardwaj,accused,24,male,Kolar,True
FIR-2025-BEL-0334,P0057,Ekansh Balay,accused,52,male,Shivamogga,True
FIR-2025-BEL-0334,V03340,Om Naik,victim,21,male,Belagavi,True
FIR-2025-BEN-0335,P0081,Vansha Thakkar,accused,49,female,Vijayapur,True
FIR-2025-BEN-0335,V03350,Bimala Loke,victim,28,male,Bengaluru City,True
FIR-2025-BEN-0335,V03351,Krishna Sabharwal,victim,59,female,Bengaluru City,True
FIR-2025-SHI-0336,P0316,Indira Kanda,accused,44,male,Tumakuru,True
FIR-2025-SHI-0336,V03360,Aradhana Date,victim,70,male,Shivamogga,True
FIR-2025-SHI-0336,V03361,Zaid Dhingra,victim,70,female,Shivamogga,True
FIR-2025-RAI-0337,P0229,Ethan Bera,accused,32,female,Ballari,True
FIR-2025-RAI-0337,V03370,Yug Ramaswamy,victim,71,male,Raichur,True
FIR-2025-RAI-0337,V03371,Lucky Luthra,victim,31,female,Raichur,True
FIR-2025-UDU-0338,P0061,Urvashi Ray,accused,39,male,Raichur,True
FIR-2025-UDU-0338,P0025,Diya Rattan,accused,42,male,Raichur,True
FIR-2025-UDU-0338,P0037,Harini Choudhury,accused,25,male,Dakshina Kannada,True
FIR-2025-UDU-0338,V03380,Keya Seth,victim,34,male,Udupi,True
FIR-2024-BEN-0339,P0145,Vaishnavi Bora,accused,53,male,Vijayapur,True
FIR-2024-BEN-0339,V03390,Girik Rau,victim,21,male,Bengaluru City,True
FIR-2025-DHA-0340,P0091,Tara Chaudhry,accused,22,male,Ballari,True
FIR-2025-DHA-0340,V03400,Jyoti Sha,victim,30,male,Dharwad,True
FIR-2025-DHA-0340,V03401,Falak Agate,victim,43,male,Dharwad,True
FIR-2025-MYS-0341,P0106,Faqid Dixit,accused,26,male,Belagavi,True
FIR-2025-MYS-0341,V03410,Tara Parmar,victim,25,female,Mysuru,True
FIR-2025-TUM-0342,P0159,Anita Nayak,accused,44,male,Udupi,True
FIR-2025-TUM-0342,V03420,Mitali Kamdar,victim,55,male,Tumakuru,True
FIR-2025-TUM-0342,V03421,Siddharth Talwar,victim,73,female,Tumakuru,True
FIR-2025-CHI-0343,P0038,Radhika Dugar,accused,45,male,Udupi,True
FIR-2025-CHI-0343,P0062,Girindra Chatterjee,accused,32,male,Bengaluru City,True
FIR-2025-CHI-0343,P0026,Dominic Kakar,accused,32,male,Mysuru,True
FIR-2025-CHI-0343,V03430,Ekantika Mander,victim,56,female,Chickballapura,True
FIR-2025-SHI-0344,P0017,Fariq Kaul,accused,20,male,Shivamogga,True
FIR-2025-SHI-0344,P0041,Yashica Issac,accused,52,male,Hassan,True
FIR-2025-SHI-0344,P0029,Liam Koshy,accused,31,male,Vijayapur,True
FIR-2025-SHI-0344,V03440,Kalpit Sundaram,victim,33,female,Shivamogga,True
FIR-2025-SHI-0344,V03441,Chanakya Batra,victim,16,male,Shivamogga,True
FIR-2024-BAL-0345,P0312,Lakshmi Parmer,accused,20,male,Kolar,True
FIR-2024-BAL-0345,V03450,Tripti Babu,victim,69,female,Ballari,True
FIR-2025-BAL-0346,P0027,Simon Tata,accused,32,male,Hassan,True
FIR-2025-BAL-0346,V03460,Nakul Sastry,victim,19,female,Ballari,True
FIR-2025-BAL-0346,V03461,Aadi Sangha,victim,64,male,Ballari,True
FIR-2025-CHI-0347,P0049,Alka Wable,accused,49,male,Belagavi,True
FIR-2025-CHI-0347,V03470,Kevin Mittal,victim,32,male,Chickballapura,True
FIR-2025-CHI-0347,V03471,Anusha Chander,victim,49,female,Chickballapura,True
FIR-2025-HAS-0348,P0298,Ayush Batra,accused,48,female,Ballari,True
FIR-2025-HAS-0348,V03480,Zashil Butala,victim,37,female,Hassan,True
FIR-2025-HAS-0348,V03481,Noah Ben,victim,33,male,Hassan,True
FIR-2025-BAL-0349,P0162,Tanish Bhatt,accused,45,male,Dakshina Kannada,True
FIR-2025-BAL-0349,P0214,Sudiksha Madan,accused,51,male,Raichur,True
FIR-2025-BAL-0349,V03490,Dalaja Kaur,victim,59,male,Ballari,True
FIR-2024-KOL-0350,P0029,Liam Koshy,accused,31,male,Vijayapur,True
FIR-2024-KOL-0350,P0005,Viraj Tiwari,accused,19,male,Vijayapur,True
FIR-2024-KOL-0350,V03500,Gavin Chandran,victim,55,male,Kolar,True
FIR-2024-UDU-0351,P0024,Daksh Karnik,accused,33,male,Bagalkot,True
FIR-2024-UDU-0351,P0060,Kevin Solanki,accused,33,male,Tumakuru,True
FIR-2024-UDU-0351,V03510,Tanay Sood,victim,65,female,Udupi,True
FIR-2024-UDU-0351,V03511,Kevin Kara,victim,60,female,Udupi,True
FIR-2024-TUM-0352,P0050,Siddharth Zacharia,accused,41,male,Ballari,True
FIR-2024-TUM-0352,V03520,Aditya Anand,victim,68,female,Tumakuru,True
FIR-2024-TUM-0352,V03521,Jai Sami,victim,27,female,Tumakuru,True
FIR-2024-DHA-0353,P0276,Rayaan Trivedi,accused,48,female,Davanagere,True
FIR-2024-DHA-0353,V03530,Vanya Bobal,victim,18,male,Dharwad,True
FIR-2025-CHI-0354,P0286,Libni Doshi,accused,18,female,Dharwad,True
FIR-2025-CHI-0354,V03540,Leela Chakraborty,victim,25,female,Chickballapura,True
FIR-2025-CHI-0354,V03541,Harshil Munshi,victim,73,female,Chickballapura,True
FIR-2025-UDU-0355,P0050,Siddharth Zacharia,accused,41,male,Ballari,True
FIR-2025-UDU-0355,V03550,Chandani Devan,victim,23,female,Udupi,True
FIR-2025-UDU-0355,V03551,Kiaan Dhar,victim,37,female,Udupi,True
FIR-2024-TUM-0356,P0011,Lajita Chatterjee,accused,39,male,Tumakuru,True
FIR-2024-TUM-0356,P0035,Upadhriti Wadhwa,accused,32,male,Kolar,True
FIR-2024-TUM-0356,P0071,Chandresh Zachariah,accused,45,female,Bagalkot,True
FIR-2024-TUM-0356,V03560,Abhiram Gala,victim,40,male,Tumakuru,True
FIR-2025-MAN-0357,P0057,Ekansh Balay,accused,52,male,Shivamogga,True
FIR-2025-MAN-0357,P0021,Ekbal Garg,accused,41,male,Vijayapur,True
FIR-2025-MAN-0357,V03570,Indali Kala,victim,62,male,Mandya,True
FIR-2025-TUM-0358,P0303,Farhan Raja,accused,36,male,Chickballapura,True
FIR-2025-TUM-0358,P0159,Anita Nayak,accused,44,male,Udupi,True
FIR-2025-TUM-0358,V03580,Nisha Savant,victim,37,male,Tumakuru,True
FIR-2025-RAI-0359,P0282,Krishna Shah,accused,36,female,Raichur,True
FIR-2025-RAI-0359,P0109,Janya Baral,accused,31,male,Kolar,True
FIR-2025-RAI-0359,V03590,Gabriel Chaudhry,victim,57,male,Raichur,True
FIR-2025-RAI-0359,V03591,Jatin Rajagopalan,victim,46,male,Raichur,True
FIR-2024-MYS-0360,P0059,Arya Sunder,accused,51,female,Belagavi,True
FIR-2024-MYS-0360,P0011,Lajita Chatterjee,accused,39,male,Tumakuru,True
FIR-2024-MYS-0360,V03600,Pushti Murty,victim,47,male,Mysuru,True
FIR-2024-UDU-0361,P0018,Lajita Mall,accused,23,male,Belagavi,True
FIR-2024-UDU-0361,V03610,Yug Malhotra,victim,64,male,Udupi,True
FIR-2024-BEL-0362,P0092,Tanay Toor,accused,43,male,Ballari,True
FIR-2024-BEL-0362,V03620,Yuvraj Mane,victim,24,male,Belagavi,True
FIR-2024-DAK-0363,P0054,Devansh Nigam,accused,60,female,Raichur,True
FIR-2024-DAK-0363,V03630,Charvi Jha,victim,60,male,Dakshina Kannada,True
FIR-2024-DAK-0363,V03631,Manya Merchant,victim,29,male,Dakshina Kannada,True
FIR-2025-BAG-0364,P0121,Ekaraj Mallick,accused,40,female,Kalaburagi,True
FIR-2025-BAG-0364,P0119,Udant Bajwa,accused,41,male,Mandya,True
FIR-2025-BAG-0364,V03640,Wriddhish Talwar,victim,55,male,Bagalkot,True
FIR-2025-BAG-0364,V03641,Isaiah Khosla,victim,56,female,Bagalkot,True
FIR-2025-BEN-0365,P0125,Ikbal Saraf,accused,35,male,Belagavi,True
FIR-2025-BEN-0365,V03650,Ekavir Wable,victim,45,male,Bengaluru City,True
FIR-2025-DAK-0366,P0037,Harini Choudhury,accused,25,male,Dakshina Kannada,True
FIR-2025-DAK-0366,P0061,Urvashi Ray,accused,39,male,Raichur,True
FIR-2025-DAK-0366,P0049,Alka Wable,accused,49,male,Belagavi,True
FIR-2025-DAK-0366,V03660,Jalsa Nadig,victim,22,male,Dakshina Kannada,True
FIR-2024-DAK-0367,P0010,Gayathri Chaudry,accused,35,male,Vijayapur,True
FIR-2024-DAK-0367,P0070,Faqid Savant,accused,60,female,Mandya,True
FIR-2024-DAK-0367,P0046,Farhan Chada,accused,56,male,Kalaburagi,True
FIR-2024-DAK-0367,V03670,Lila Salvi,victim,28,female,Dakshina Kannada,True
FIR-2024-DAK-0367,V03671,Orinder Sinha,victim,30,male,Dakshina Kannada,True
FIR-2024-DHA-0368,P0010,Gayathri Chaudry,accused,35,male,Vijayapur,True
FIR-2024-DHA-0368,P0058,Ekavir Varkey,accused,43,male,Bagalkot,True
FIR-2024-DHA-0368,V03680,Anay Bir,victim,29,female,Dharwad,True
FIR-2024-VIJ-0369,P0043,Ekiya Suresh,accused,28,female,Bengaluru City,True
FIR-2024-VIJ-0369,P0031,Theodore Devi,accused,59,female,Kalaburagi,True
FIR-2024-VIJ-0369,V03690,Adweta Kale,victim,23,female,Vijayapur,True
FIR-2025-DAK-0370,P0250,Rachana Naidu,accused,27,male,Tumakuru,True
FIR-2025-DAK-0370,V03700,Darpan Rao,victim,69,female,Dakshina Kannada,True
FIR-2025-DAK-0370,V03701,Yachana Sagar,victim,33,male,Dakshina Kannada,True
FIR-2024-BAL-0371,P0054,Devansh Nigam,accused,60,female,Raichur,True
FIR-2024-BAL-0371,P0066,Ikbal Kothari,accused,60,female,Vijayapur,True
FIR-2024-BAL-0371,P0006,Rushil Saini,accused,32,male,Raichur,True
FIR-2024-BAL-0371,V03710,Neelima Butala,victim,49,female,Ballari,True
FIR-2024-BAL-0371,V03711,Arunima Chacko,victim,46,male,Ballari,True
FIR-2025-BAL-0372,P0163,Nikita Narayanan,accused,51,female,Mysuru,True
FIR-2025-BAL-0372,V03720,Farhan Vaidya,victim,24,female,Ballari,True
FIR-2024-SHI-0373,P0191,Charvi Dara,accused,34,female,Hassan,True
FIR-2024-SHI-0373,P0189,Keya Ranganathan,accused,23,female,Kalaburagi,True
FIR-2024-SHI-0373,V03730,Nachiket Yadav,victim,65,male,Shivamogga,True
FIR-2024-SHI-0373,V03731,Mahika Bhatti,victim,71,female,Shivamogga,True
FIR-2025-TUM-0374,P0080,Dipta Bhandari,accused,33,male,Dharwad,True
FIR-2025-TUM-0374,V03740,Rajeshri Khare,victim,60,male,Tumakuru,True
FIR-2025-TUM-0374,V03741,Yash Chadha,victim,66,male,Tumakuru,True
FIR-2025-MYS-0375,P0125,Ikbal Saraf,accused,35,male,Belagavi,True
FIR-2025-MYS-0375,V03750,Jack Setty,victim,57,male,Mysuru,True
FIR-2025-VIJ-0376,P0085,Yatin Baral,accused,45,female,Kalaburagi,True
FIR-2025-VIJ-0376,V03760,Dayamai Gill,victim,64,male,Vijayapur,True
FIR-2024-MAN-0377,P0061,Urvashi Ray,accused,39,male,Raichur,True
FIR-2024-MAN-0377,P0037,Harini Choudhury,accused,25,male,Dakshina Kannada,True
FIR-2024-MAN-0377,P0025,Diya Rattan,accused,42,male,Raichur,True
FIR-2024-MAN-0377,V03770,Advik Devan,victim,28,female,Mandya,True
FIR-2024-SHI-0378,P0064,Unni Bhagat,accused,22,male,Hassan,True
FIR-2024-SHI-0378,V03780,Nihal Taneja,victim,34,female,Shivamogga,True
FIR-2025-BAG-0379,P0003,Gagan Sami,accused,26,male,Raichur,True
FIR-2025-BAG-0379,V03790,Zansi Lad,victim,42,female,Bagalkot,True
FIR-2025-BAG-0379,V03791,Kamya Date,victim,57,female,Bagalkot,True
FIR-2025-BAG-0380,P0268,Jairaj Balakrishnan,accused,56,male,Bagalkot,True
FIR-2025-BAG-0380,V03800,Jacob Balan,victim,30,female,Bagalkot,True
FIR-2025-BAG-0380,V03801,Pushti Magar,victim,39,female,Bagalkot,True
FIR-2024-MAN-0381,P0125,Ikbal Saraf,accused,35,male,Belagavi,True
FIR-2024-MAN-0381,P0211,Nidhi Kohli,accused,44,female,Belagavi,True
FIR-2024-MAN-0381,V03810,Adya Bose,victim,27,male,Mandya,True
FIR-2024-MAN-0381,V03811,Tamanna Vaidya,victim,69,male,Mandya,True
FIR-2024-HAS-0382,P0024,Daksh Karnik,accused,33,male,Bagalkot,True
FIR-2024-HAS-0382,P0048,Kabir Soman,accused,51,male,Hassan,True
FIR-2024-HAS-0382,V03820,Christopher Tata,victim,25,female,Hassan,True
FIR-2024-HAS-0382,V03821,Jhalak Dugar,victim,44,male,Hassan,True
FIR-2024-BEL-0383,P0202,Gayathri Balakrishnan,accused,34,male,Dakshina Kannada,True
FIR-2024-BEL-0383,V03830,Harshil D’Alia,victim,25,male,Belagavi,True
FIR-2024-BEL-0383,V03831,Yashodhara Agate,victim,63,female,Belagavi,True
FIR-2025-SHI-0384,P0273,Yashodhara Mahajan,accused,38,male,Bengaluru City,True
FIR-2025-SHI-0384,V03840,Advik Konda,victim,62,female,Shivamogga,True
FIR-2024-RAI-0385,P0125,Ikbal Saraf,accused,35,male,Belagavi,True
FIR-2024-RAI-0385,V03850,Urmi Patla,victim,21,female,Raichur,True
FIR-2024-RAI-0385,V03851,Mason Gola,victim,19,male,Raichur,True
FIR-2025-DAV-0386,P0155,Shivani Lad,accused,33,male,Ballari,True
FIR-2025-DAV-0386,V03860,Oni Kapur,victim,28,female,Davanagere,True
FIR-2025-DAV-0386,V03861,Yuvraj Saha,victim,36,male,Davanagere,True
FIR-2025-KAL-0387,P0002,Udant Dewan,accused,35,male,Ballari,True
FIR-2025-KAL-0387,P0050,Siddharth Zacharia,accused,41,male,Ballari,True
FIR-2025-KAL-0387,P0014,Kritika Brar,accused,47,male,Udupi,True
FIR-2025-KAL-0387,V03870,Anika Brahmbhatt,victim,62,female,Kalaburagi,True
FIR-2024-DHA-0388,P0027,Simon Tata,accused,32,male,Hassan,True
FIR-2024-DHA-0388,P0003,Gagan Sami,accused,26,male,Raichur,True
FIR-2024-DHA-0388,P0051,Devika Rastogi,accused,21,male,Tumakuru,True
FIR-2024-DHA-0388,V03880,Jagdish Thakkar,victim,16,female,Dharwad,True
FIR-2025-DAK-0389,P0026,Dominic Kakar,accused,32,male,Mysuru,True
FIR-2025-DAK-0389,V03890,Praneel Kapoor,victim,51,female,Dakshina Kannada,True
FIR-2025-DAK-0389,V03891,Nandini Biswas,victim,18,female,Dakshina Kannada,True
FIR-2024-BAG-0390,P0298,Ayush Batra,accused,48,female,Ballari,True
FIR-2024-BAG-0390,V03900,Barkha Mukhopadhyay,victim,23,female,Bagalkot,True
FIR-2024-BAG-0390,V03901,Gabriel Shan,victim,42,male,Bagalkot,True
FIR-2025-BAL-0391,P0064,Unni Bhagat,accused,22,male,Hassan,True
FIR-2025-BAL-0391,V03910,Jyoti Iyer,victim,53,female,Ballari,True
FIR-2025-BAL-0391,V03911,Daksha Kibe,victim,52,female,Ballari,True
FIR-2025-BEL-0392,P0241,Barkha Setty,accused,18,male,Davanagere,True
FIR-2025-BEL-0392,P0087,Advika Jayaraman,accused,21,male,Hassan,True
FIR-2025-BEL-0392,V03920,Jyoti Tak,victim,36,female,Belagavi,True
FIR-2024-DHA-0393,P0072,Girik Khalsa,accused,21,male,Mysuru,True
FIR-2024-DHA-0393,V03930,Yatan Dora,victim,64,male,Dharwad,True
FIR-2025-RAI-0394,P0018,Lajita Mall,accused,23,male,Belagavi,True
FIR-2025-RAI-0394,P0054,Devansh Nigam,accused,60,female,Raichur,True
FIR-2025-RAI-0394,P0042,Kashvi Edwin,accused,25,male,Dharwad,True
FIR-2025-RAI-0394,V03940,Nimrat Bajwa,victim,22,male,Raichur,True
FIR-2025-VIJ-0395,P0015,Janaki Handa,accused,23,male,Mandya,True
FIR-2025-VIJ-0395,P0051,Devika Rastogi,accused,21,male,Tumakuru,True
FIR-2025-VIJ-0395,V03950,Hiral Andra,victim,35,female,Vijayapur,True
FIR-2025-VIJ-0395,V03951,Aarav Puri,victim,24,female,Vijayapur,True
FIR-2024-SHI-0396,P0029,Liam Koshy,accused,31,male,Vijayapur,True
FIR-2024-SHI-0396,V03960,Hemang Jha,victim,60,male,Shivamogga,True
FIR-2024-VIJ-0397,P0162,Tanish Bhatt,accused,45,male,Dakshina Kannada,True
FIR-2024-VIJ-0397,V03970,Oni Swamy,victim,17,female,Vijayapur,True
FIR-2024-VIJ-0398,P0008,Nathaniel Sami,accused,46,male,Bengaluru City,True
FIR-2024-VIJ-0398,P0020,Isha Kadakia,accused,58,male,Dakshina Kannada,True
FIR-2024-VIJ-0398,P0068,Logan Sami,accused,33,female,Dharwad,True
FIR-2024-VIJ-0398,V03980,Lucky Mammen,victim,58,male,Vijayapur,True
FIR-2024-VIJ-0398,V03981,Caleb Kata,victim,64,male,Vijayapur,True
FIR-2024-MAN-0399,P0294,Balendra Biswas,accused,44,male,Ballari,True
FIR-2024-MAN-0399,V03990,Kashish Shanker,victim,70,male,Mandya,True
FIR-2025-TUM-0400,P0079,Teerth Bhardwaj,accused,59,male,Tumakuru,True
FIR-2025-TUM-0400,V04000,Girish Tiwari,victim,26,male,Tumakuru,True
FIR-2025-TUM-0400,V04001,Meera Borde,victim,62,male,Tumakuru,True
FIR-2025-CHI-0401,P0057,Ekansh Balay,accused,52,male,Shivamogga,True
FIR-2025-CHI-0401,V04010,Radhika De,victim,69,female,Chickballapura,True
FIR-2025-VIJ-0402,P0016,Chakradev Kari,accused,54,male,Tumakuru,True
FIR-2025-VIJ-0402,P0052,Raksha Varughese,accused,23,female,Tumakuru,True
FIR-2025-VIJ-0402,V04020,Bishakha Lal,victim,61,female,Vijayapur,True
FIR-2025-VIJ-0402,V04021,Maya Narain,victim,51,male,Vijayapur,True
FIR-2024-UDU-0403,P0160,Faris Devi,accused,49,female,Ballari,True
FIR-2024-UDU-0403,V04030,Sneha Magar,victim,51,female,Udupi,True
FIR-2025-MAN-0404,P0063,Irya Sampath,accused,22,male,Ballari,True
FIR-2025-MAN-0404,P0051,Devika Rastogi,accused,21,male,Tumakuru,True
FIR-2025-MAN-0404,P0003,Gagan Sami,accused,26,male,Raichur,True
FIR-2025-MAN-0404,V04040,Falan Jain,victim,25,female,Mandya,True
FIR-2025-BEL-0405,P0044,Isaac Patil,accused,34,male,Kolar,True
FIR-2025-BEL-0405,P0008,Nathaniel Sami,accused,46,male,Bengaluru City,True
FIR-2025-BEL-0405,P0020,Isha Kadakia,accused,58,male,Dakshina Kannada,True
FIR-2025-BEL-0405,V04050,Ikbal Dugal,victim,62,female,Belagavi,True
FIR-2025-BEL-0405,V04051,Nitesh Sengupta,victim,33,female,Belagavi,True
FIR-2025-BAG-0406,P0064,Unni Bhagat,accused,22,male,Hassan,True
FIR-2025-BAG-0406,V04060,Dipta Ray,victim,17,male,Bagalkot,True
FIR-2024-CHI-0407,P0118,Inaya Mody,accused,26,male,Shivamogga,True
FIR-2024-CHI-0407,V04070,Ishita Johal,victim,55,male,Chickballapura,True
FIR-2024-CHI-0407,V04071,Darika Sheth,victim,64,male,Chickballapura,True
FIR-2025-BAG-0408,P0063,Irya Sampath,accused,22,male,Ballari,True
FIR-2025-BAG-0408,P0051,Devika Rastogi,accused,21,male,Tumakuru,True
FIR-2025-BAG-0408,P0003,Gagan Sami,accused,26,male,Raichur,True
FIR-2025-BAG-0408,V04080,Jagdish Chana,victim,43,male,Bagalkot,True
FIR-2025-HAS-0409,P0005,Viraj Tiwari,accused,19,male,Vijayapur,True
FIR-2025-HAS-0409,P0029,Liam Koshy,accused,31,male,Vijayapur,True
FIR-2025-HAS-0409,P0053,Jai Kota,accused,52,male,Kalaburagi,True
FIR-2025-HAS-0409,V04090,Daksha Baria,victim,24,female,Hassan,True
FIR-2025-HAS-0409,V04091,Falak Divan,victim,61,female,Hassan,True
FIR-2025-RAI-0410,P0068,Logan Sami,accused,33,female,Dharwad,True
FIR-2025-RAI-0410,P0056,Ekavir Bhargava,accused,56,female,Vijayapur,True
FIR-2025-RAI-0410,P0044,Isaac Patil,accused,34,male,Kolar,True
FIR-2025-RAI-0410,V04100,Yuvraj Parekh,victim,65,female,Raichur,True
FIR-2025-RAI-0410,V04101,Yochana Bawa,victim,36,male,Raichur,True
FIR-2025-MYS-0411,P0223,Brinda Date,accused,35,male,Raichur,True
FIR-2025-MYS-0411,V04110,Abha Ghosh,victim,40,male,Mysuru,True
FIR-2025-MYS-0411,V04111,Nidhi Sethi,victim,43,female,Mysuru,True
FIR-2025-MAN-0412,P0031,Theodore Devi,accused,59,female,Kalaburagi,True
FIR-2025-MAN-0412,P0007,Saumya Mall,accused,30,female,Ballari,True
FIR-2025-MAN-0412,V04120,Girindra Shere,victim,23,female,Mandya,True
FIR-2025-MAN-0412,V04121,Logan Dara,victim,26,male,Mandya,True
FIR-2025-KOL-0413,P0061,Urvashi Ray,accused,39,male,Raichur,True
FIR-2025-KOL-0413,P0037,Harini Choudhury,accused,25,male,Dakshina Kannada,True
FIR-2025-KOL-0413,P0049,Alka Wable,accused,49,male,Belagavi,True
FIR-2025-KOL-0413,V04130,David Kapadia,victim,52,male,Kolar,True
FIR-2025-KOL-0413,V04131,Rudra Rattan,victim,67,female,Kolar,True
FIR-2024-HAS-0414,P0305,Triya Kumar,accused,48,male,Hassan,True
FIR-2024-HAS-0414,V04140,Frado Lad,victim,69,male,Hassan,True
FIR-2024-MYS-0415,P0220,Utkarsh Patel,accused,19,female,Hassan,True
FIR-2024-MYS-0415,V04150,Anthony Bhattacharyya,victim,61,male,Mysuru,True
FIR-2024-KOL-0416,P0216,Reyansh Mutti,accused,55,male,Hassan,True
FIR-2024-KOL-0416,V04160,Sachi Dave,victim,48,female,Kolar,True
FIR-2024-KOL-0416,V04161,Garima Das,victim,43,female,Kolar,True
FIR-2025-KOL-0417,P0024,Daksh Karnik,accused,33,male,Bagalkot,True
FIR-2025-KOL-0417,P0072,Girik Khalsa,accused,21,male,Mysuru,True
FIR-2025-KOL-0417,V04170,Triya Bedi,victim,29,female,Kolar,True
FIR-2025-KOL-0417,V04171,Rachita Rana,victim,33,female,Kolar,True
FIR-2025-VIJ-0418,P0020,Isha Kadakia,accused,58,male,Dakshina Kannada,True
FIR-2025-VIJ-0418,V04180,Ayushman Raja,victim,70,female,Vijayapur,True
FIR-2025-VIJ-0418,V04181,Orinder Pandya,victim,42,female,Vijayapur,True
FIR-2025-VIJ-0419,P0139,Riya Sathe,accused,20,female,Bengaluru City,True
FIR-2025-VIJ-0419,V04190,Rachit Maharaj,victim,41,male,Vijayapur,True
FIR-2024-BAL-0420,P0316,Indira Kanda,accused,44,male,Tumakuru,True
FIR-2024-BAL-0420,V04200,Sanaya Dixit,victim,28,male,Ballari,True
FIR-2024-BEN-0421,P0146,Oeshi Hayer,accused,44,female,Dakshina Kannada,True
FIR-2024-BEN-0421,P0292,Mitali Buch,accused,19,male,Dakshina Kannada,True
FIR-2024-BEN-0421,V04210,Yatan Merchant,victim,62,female,Bengaluru City,True
FIR-2024-TUM-0422,P0270,Nikita Chander,accused,43,male,Kolar,True
FIR-2024-TUM-0422,V04220,Nisha Srinivas,victim,58,male,Tumakuru,True
FIR-2024-TUM-0422,V04221,Gagan Mammen,victim,41,male,Tumakuru,True
FIR-2024-KOL-0423,P0295,Bhavna Karan,accused,25,female,Belagavi,True
FIR-2024-KOL-0423,V04230,Laksh Saini,victim,47,male,Kolar,True
FIR-2024-KOL-0423,V04231,Zaid Bahl,victim,31,male,Kolar,True
FIR-2025-BAL-0424,P0023,Anamika Kanda,accused,56,male,Raichur,True
FIR-2025-BAL-0424,V04240,Jagrati Srinivasan,victim,42,female,Ballari,True
FIR-2025-BAL-0424,V04241,Hemangini Thakkar,victim,71,male,Ballari,True
FIR-2024-RAI-0425,P0302,Pranit Garde,accused,50,male,Bengaluru City,True
FIR-2024-RAI-0425,V04250,Lipika Madan,victim,39,female,Raichur,True
FIR-2024-MYS-0426,P0033,Michael Dutta,accused,53,male,Dharwad,True
FIR-2024-MYS-0426,P0009,Arunima Dugal,accused,28,female,Hassan,True
FIR-2024-MYS-0426,P0021,Ekbal Garg,accused,41,male,Vijayapur,True
FIR-2024-MYS-0426,V04260,Atharv Nagar,victim,40,male,Mysuru,True
FIR-2024-MYS-0426,V04261,Ayushman Mand,victim,74,female,Mysuru,True
FIR-2024-VIJ-0427,P0041,Yashica Issac,accused,52,male,Hassan,True
FIR-2024-VIJ-0427,V04270,Urmi Wagle,victim,66,male,Vijayapur,True
FIR-2024-VIJ-0427,V04271,Viraj Dutta,victim,33,male,Vijayapur,True
FIR-2025-DHA-0428,P0231,Yuvraj Dani,accused,53,male,Dharwad,True
FIR-2025-DHA-0428,V04280,Yug Khosla,victim,38,female,Dharwad,True
FIR-2024-DAK-0429,P0001,Aryan Maharaj,accused,58,male,Bengaluru City,True
FIR-2024-DAK-0429,P0037,Harini Choudhury,accused,25,male,Dakshina Kannada,True
FIR-2024-DAK-0429,P0013,Tripti Yadav,accused,40,male,Mysuru,True
FIR-2024-DAK-0429,V04290,Daksh Kanda,victim,26,male,Dakshina Kannada,True
FIR-2025-KAL-0430,P0058,Ekavir Varkey,accused,43,male,Bagalkot,True
FIR-2025-KAL-0430,V04300,Isha Ghose,victim,32,male,Kalaburagi,True
FIR-2024-MAN-0431,P0292,Mitali Buch,accused,19,male,Dakshina Kannada,True
FIR-2024-MAN-0431,V04310,Warjas Nadkarni,victim,17,male,Mandya,True
FIR-2025-BAL-0432,P0034,Devansh Rajan,accused,55,female,Mandya,True
FIR-2025-BAL-0432,V04320,Ayaan Pandey,victim,41,female,Ballari,True
FIR-2024-KAL-0433,P0293,Lajita Nadig,accused,37,male,Raichur,True
FIR-2024-KAL-0433,P0256,Ijaya Rege,accused,31,male,Davanagere,True
FIR-2024-KAL-0433,V04330,Raghav Tailor,victim,65,female,Kalaburagi,True
FIR-2024-KAL-0433,V04331,Parth Swaminathan,victim,68,female,Kalaburagi,True
FIR-2024-CHI-0434,P0028,Tara Dhar,accused,43,male,Tumakuru,True
FIR-2024-CHI-0434,V04340,Gautam Bhalla,victim,42,male,Chickballapura,True
FIR-2024-BEN-0435,P0125,Ikbal Saraf,accused,35,male,Belagavi,True
FIR-2024-BEN-0435,V04350,Theodore Bahri,victim,53,female,Bengaluru City,True
FIR-2024-BEN-0435,V04351,Aadi Narula,victim,21,male,Bengaluru City,True
FIR-2025-VIJ-0436,P0010,Gayathri Chaudry,accused,35,male,Vijayapur,True
FIR-2025-VIJ-0436,P0046,Farhan Chada,accused,56,male,Kalaburagi,True
FIR-2025-VIJ-0436,V04360,Kalpit Oak,victim,46,female,Vijayapur,True
FIR-2025-UDU-0437,P0048,Kabir Soman,accused,51,male,Hassan,True
FIR-2025-UDU-0437,V04370,Ekiya Bhargava,victim,53,male,Udupi,True
FIR-2024-KOL-0438,P0017,Fariq Kaul,accused,20,male,Shivamogga,True
FIR-2024-KOL-0438,P0029,Liam Koshy,accused,31,male,Vijayapur,True
FIR-2024-KOL-0438,P0041,Yashica Issac,accused,52,male,Hassan,True
FIR-2024-KOL-0438,V04380,Manbir Dhar,victim,36,male,Kolar,True
FIR-2024-MAN-0439,P0073,Niharika Sunder,accused,43,male,Belagavi,True
FIR-2024-MAN-0439,V04390,Janya Bora,victim,36,female,Mandya,True
FIR-2025-BAG-0440,P0030,Priya Rastogi,accused,59,female,Udupi,True
FIR-2025-BAG-0440,P0018,Lajita Mall,accused,23,male,Belagavi,True
FIR-2025-BAG-0440,P0054,Devansh Nigam,accused,60,female,Raichur,True
FIR-2025-BAG-0440,V04400,Meghana Chaudhuri,victim,23,female,Bagalkot,True
FIR-2025-BAG-0440,V04401,Chasmum Naidu,victim,18,female,Bagalkot,True
FIR-2025-KAL-0441,P0253,Parth Singhal,accused,42,female,Bagalkot,True
FIR-2025-KAL-0441,P0116,Lavanya Barad,accused,27,male,Mandya,True
FIR-2025-KAL-0441,V04410,Nakul Sarkar,victim,52,male,Kalaburagi,True
FIR-2025-KAL-0441,V04411,Edhitha Ghosh,victim,53,male,Kalaburagi,True
FIR-2025-BEL-0442,P0311,Vasudha Chhabra,accused,60,male,Chickballapura,True
FIR-2025-BEL-0442,P0168,Oni Yohannan,accused,46,male,Chickballapura,True
FIR-2025-BEL-0442,V04420,Udant Gill,victim,69,female,Belagavi,True
FIR-2024-CHI-0443,P0113,Nitara Bakshi,accused,26,male,Dakshina Kannada,True
FIR-2024-CHI-0443,P0084,Wahab Raval,accused,34,female,Shivamogga,True
FIR-2024-CHI-0443,V04430,Damyanti Menon,victim,36,male,Chickballapura,True
FIR-2024-CHI-0443,V04431,Peter Agarwal,victim,29,male,Chickballapura,True
FIR-2024-MYS-0444,P0049,Alka Wable,accused,49,male,Belagavi,True
FIR-2024-MYS-0444,P0013,Tripti Yadav,accused,40,male,Mysuru,True
FIR-2024-MYS-0444,V04440,Bachittar Gopal,victim,21,male,Mysuru,True
FIR-2024-MYS-0444,V04441,Timothy Chawla,victim,70,male,Mysuru,True
FIR-2024-KAL-0445,P0271,Ishaan Shenoy,accused,52,female,Bagalkot,True
FIR-2024-KAL-0445,V04450,Lohit Narula,victim,58,male,Kalaburagi,True
FIR-2024-KAL-0445,V04451,Wazir Palan,victim,69,female,Kalaburagi,True
FIR-2024-CHI-0446,P0035,Upadhriti Wadhwa,accused,32,male,Kolar,True
FIR-2024-CHI-0446,V04460,Oliver Chakrabarti,victim,64,female,Chickballapura,True
FIR-2025-DHA-0447,P0307,Bhavna Dugar,accused,38,male,Ballari,True
FIR-2025-DHA-0447,V04470,Sanya Apte,victim,75,female,Dharwad,True
FIR-2025-TUM-0448,P0159,Anita Nayak,accused,44,male,Udupi,True
FIR-2025-TUM-0448,V04480,Shaurya Krish,victim,49,female,Tumakuru,True
FIR-2024-MYS-0449,P0013,Tripti Yadav,accused,40,male,Mysuru,True
FIR-2024-MYS-0449,V04490,Inaya Kunda,victim,38,female,Mysuru,True
FIR-2024-MYS-0449,V04491,Aarav Bava,victim,53,male,Mysuru,True
FIR-2024-BEL-0450,P0011,Lajita Chatterjee,accused,39,male,Tumakuru,True
FIR-2024-BEL-0450,V04500,Raksha Saini,victim,36,female,Belagavi,True
FIR-2024-BEL-0450,V04501,Odika Tailor,victim,64,female,Belagavi,True
FIR-2024-HAS-0451,P0255,Vyanjana Chand,accused,54,male,Belagavi,True
FIR-2024-HAS-0451,P0209,Vritti Sem,accused,52,female,Mandya,True
FIR-2024-HAS-0451,V04510,Indali Prashad,victim,16,female,Hassan,True
FIR-2024-CHI-0452,P0303,Farhan Raja,accused,36,male,Chickballapura,True
FIR-2024-CHI-0452,V04520,Varenya Kar,victim,35,female,Chickballapura,True
FIR-2024-CHI-0452,V04521,Siya Borah,victim,60,female,Chickballapura,True
FIR-2024-KAL-0453,P0305,Triya Kumar,accused,48,male,Hassan,True
FIR-2024-KAL-0453,V04530,Chaitaly Bahri,victim,46,male,Kalaburagi,True
FIR-2025-SHI-0454,P0003,Gagan Sami,accused,26,male,Raichur,True
FIR-2025-SHI-0454,P0051,Devika Rastogi,accused,21,male,Tumakuru,True
FIR-2025-SHI-0454,V04540,Advika Cheema,victim,46,male,Shivamogga,True
FIR-2025-SHI-0454,V04541,Hema Garde,victim,71,female,Shivamogga,True
FIR-2024-VIJ-0455,P0007,Saumya Mall,accused,30,female,Ballari,True
FIR-2024-VIJ-0455,P0055,Victor Kannan,accused,28,male,Kolar,True
FIR-2024-VIJ-0455,P0067,Ranveer Yadav,accused,52,male,Chickballapura,True
FIR-2024-VIJ-0455,V04550,Naveen Borde,victim,18,female,Vijayapur,True
FIR-2024-VIJ-0455,V04551,Hamsini Subramanian,victim,41,female,Vijayapur,True
FIR-2025-CHI-0456,P0003,Gagan Sami,accused,26,male,Raichur,True
FIR-2025-CHI-0456,P0039,Aarush Lall,accused,42,female,Kolar,True
FIR-2025-CHI-0456,V04560,Raagini Gala,victim,72,female,Chickballapura,True
FIR-2025-CHI-0456,V04561,Naksh Bera,victim,23,female,Chickballapura,True
FIR-2025-DHA-0457,P0061,Urvashi Ray,accused,39,male,Raichur,True
FIR-2025-DHA-0457,P0049,Alka Wable,accused,49,male,Belagavi,True
FIR-2025-DHA-0457,V04570,Garima Jha,victim,74,female,Dharwad,True
FIR-2025-DHA-0457,V04571,Nimrat Zachariah,victim,24,female,Dharwad,True
FIR-2025-MAN-0458,P0127,Lekha Gupta,accused,32,male,Bagalkot,True
FIR-2025-MAN-0458,V04580,Baghyawati Mishra,victim,58,female,Mandya,True
FIR-2024-DHA-0459,P0094,Yash Pingle,accused,44,male,Davanagere,True
FIR-2024-DHA-0459,V04590,Gopal Bawa,victim,72,female,Dharwad,True
FIR-2024-DHA-0459,V04591,Vritti Dube,victim,38,male,Dharwad,True
FIR-2025-TUM-0460,P0016,Chakradev Kari,accused,54,male,Tumakuru,True
FIR-2025-TUM-0460,P0040,Yashica Cherian,accused,34,male,Belagavi,True
FIR-2025-TUM-0460,P0064,Unni Bhagat,accused,22,male,Hassan,True
FIR-2025-TUM-0460,V04600,Jalsa Aggarwal,victim,65,female,Tumakuru,True
FIR-2025-BAG-0461,P0308,Riya Pai,accused,54,female,Ballari,True
FIR-2025-BAG-0461,V04610,Gagan Menon,victim,68,male,Bagalkot,True
FIR-2024-DAK-0462,P0021,Ekbal Garg,accused,41,male,Vijayapur,True
FIR-2024-DAK-0462,P0069,Arya Shere,accused,30,male,Belagavi,True
FIR-2024-DAK-0462,P0057,Ekansh Balay,accused,52,male,Shivamogga,True
FIR-2024-DAK-0462,V04620,Ryan Chatterjee,victim,25,female,Dakshina Kannada,True
FIR-2024-VIJ-0463,P0032,Gavin Batta,accused,34,male,Ballari,True
FIR-2024-VIJ-0463,V04630,Samuel Garde,victim,34,male,Vijayapur,True
FIR-2024-VIJ-0463,V04631,Finn Solanki,victim,21,female,Vijayapur,True
FIR-2025-BAL-0464,P0054,Devansh Nigam,accused,60,female,Raichur,True
FIR-2025-BAL-0464,P0042,Kashvi Edwin,accused,25,male,Dharwad,True
FIR-2025-BAL-0464,P0066,Ikbal Kothari,accused,60,female,Vijayapur,True
FIR-2025-BAL-0464,V04640,Darika Rao,victim,70,female,Ballari,True
FIR-2025-BAL-0464,V04641,Vrinda Lanka,victim,17,female,Ballari,True
FIR-2025-TUM-0465,P0311,Vasudha Chhabra,accused,60,male,Chickballapura,True
FIR-2025-TUM-0465,P0088,William Lanka,accused,21,male,Chickballapura,True
FIR-2025-TUM-0465,V04650,Lila Goyal,victim,64,male,Tumakuru,True
FIR-2025-TUM-0465,V04651,Lakshmi Pingle,victim,58,male,Tumakuru,True
FIR-2025-RAI-0466,P0274,Vasudha Sodhi,accused,23,male,Bengaluru City,True
FIR-2025-RAI-0466,P0144,Aryan Batra,accused,38,female,Shivamogga,True
FIR-2025-RAI-0466,V04660,Sanaya Basu,victim,60,female,Raichur,True
FIR-2025-VIJ-0467,P0206,Advaith Varughese,accused,30,male,Ballari,True
FIR-2025-VIJ-0467,V04670,Ria Shroff,victim,18,female,Vijayapur,True
FIR-2024-VIJ-0468,P0075,Nitesh Raghavan,accused,52,female,Kalaburagi,True
FIR-2024-VIJ-0468,V04680,Upkaar Luthra,victim,17,male,Vijayapur,True
FIR-2025-DAV-0469,P0180,Upma Bahl,accused,42,male,Udupi,True
FIR-2025-DAV-0469,V04690,Matthew Chatterjee,victim,62,male,Davanagere,True
FIR-2024-BEL-0470,P0044,Isaac Patil,accused,34,male,Kolar,True
FIR-2024-BEL-0470,P0032,Gavin Batta,accused,34,male,Ballari,True
FIR-2024-BEL-0470,V04700,Hemangini Sachdev,victim,34,male,Belagavi,True
FIR-2024-BEL-0470,V04701,Darsh Ram,victim,61,female,Belagavi,True
FIR-2025-BAG-0471,P0233,Shravya Savant,accused,47,male,Shivamogga,True
FIR-2025-BAG-0471,P0088,William Lanka,accused,21,male,Chickballapura,True
FIR-2025-BAG-0471,V04710,Vaishnavi Keer,victim,72,male,Bagalkot,True
FIR-2025-BAG-0471,V04711,Chandani Brar,victim,46,male,Bagalkot,True
FIR-2025-RAI-0472,P0064,Unni Bhagat,accused,22,male,Hassan,True
FIR-2025-RAI-0472,P0040,Yashica Cherian,accused,34,male,Belagavi,True
FIR-2025-RAI-0472,P0052,Raksha Varughese,accused,23,female,Tumakuru,True
FIR-2025-RAI-0472,V04720,Bakhshi Thakkar,victim,25,male,Raichur,True
FIR-2025-BAG-0473,P0164,Ojasvi Bhatia,accused,53,male,Belagavi,True
FIR-2025-BAG-0473,V04730,Jai Sen,victim,63,male,Bagalkot,True
FIR-2025-MAN-0474,P0016,Chakradev Kari,accused,54,male,Tumakuru,True
FIR-2025-MAN-0474,P0040,Yashica Cherian,accused,34,male,Belagavi,True
FIR-2025-MAN-0474,P0064,Unni Bhagat,accused,22,male,Hassan,True
FIR-2025-MAN-0474,V04740,Oliver Kakar,victim,17,male,Mandya,True
FIR-2025-MAN-0474,V04741,Jonathan Basak,victim,25,female,Mandya,True
FIR-2024-SHI-0475,P0016,Chakradev Kari,accused,54,male,Tumakuru,True
FIR-2024-SHI-0475,P0052,Raksha Varughese,accused,23,female,Tumakuru,True
FIR-2024-SHI-0475,V04750,Farhan Saran,victim,52,female,Shivamogga,True
FIR-2024-SHI-0475,V04751,Manbir Kuruvilla,victim,52,female,Shivamogga,True
FIR-2025-CHI-0476,P0198,Veda Shroff,accused,19,male,Vijayapur,True
FIR-2025-CHI-0476,V04760,Ekalinga Chahal,victim,71,female,Chickballapura,True
FIR-2025-UDU-0477,P0185,Ishwar Kamdar,accused,49,male,Udupi,True
FIR-2025-UDU-0477,V04770,Mekhala Nanda,victim,61,male,Udupi,True
FIR-2025-BEL-0478,P0299,Daksh Memon,accused,47,male,Udupi,True
FIR-2025-BEL-0478,V04780,Zinal Shanker,victim,48,male,Belagavi,True
FIR-2025-BEL-0478,V04781,Oni Chowdhury,victim,23,male,Belagavi,True
FIR-2024-VIJ-0479,P0057,Ekansh Balay,accused,52,male,Shivamogga,True
FIR-2024-VIJ-0479,V04790,Mason Divan,victim,41,male,Vijayapur,True
FIR-2024-VIJ-0479,V04791,Hitesh Chaudhuri,victim,47,male,Vijayapur,True
FIR-2025-DAK-0480,P0049,Alka Wable,accused,49,male,Belagavi,True
FIR-2025-DAK-0480,P0061,Urvashi Ray,accused,39,male,Raichur,True
FIR-2025-DAK-0480,V04800,Hemangini Roy,victim,34,male,Dakshina Kannada,True
FIR-2024-DHA-0481,P0004,Ayushman Chander,accused,23,female,Mysuru,True
FIR-2024-DHA-0481,P0016,Chakradev Kari,accused,54,male,Tumakuru,True
FIR-2024-DHA-0481,P0040,Yashica Cherian,accused,34,male,Belagavi,True
FIR-2024-DHA-0481,V04810,Leela Sunder,victim,42,female,Dharwad,True
FIR-2025-BEL-0482,P0109,Janya Baral,accused,31,male,Kolar,True
FIR-2025-BEL-0482,V04820,Baljiwan Gera,victim,23,female,Belagavi,True
FIR-2025-BEL-0482,V04821,Neha Dhawan,victim,19,female,Belagavi,True
FIR-2025-DHA-0483,P0133,Nilima Narain,accused,39,male,Belagavi,True
FIR-2025-DHA-0483,V04830,Balvan Randhawa,victim,33,male,Dharwad,True
FIR-2025-KAL-0484,P0011,Lajita Chatterjee,accused,39,male,Tumakuru,True
FIR-2025-KAL-0484,V04840,Wazir Bawa,victim,66,male,Kalaburagi,True
FIR-2025-RAI-0485,P0301,Yash Wali,accused,35,female,Hassan,True
FIR-2025-RAI-0485,V04850,Amruta Pradhan,victim,16,male,Raichur,True
FIR-2025-UDU-0486,P0108,Joshua Barman,accused,36,male,Hassan,True
FIR-2025-UDU-0486,V04860,Geetika Mitter,victim,26,male,Udupi,True
FIR-2024-UDU-0487,P0093,Kevin Palla,accused,55,male,Tumakuru,True
FIR-2024-UDU-0487,V04870,Avni Swamy,victim,29,female,Udupi,True
FIR-2024-UDU-0487,V04871,Vedant Desai,victim,72,female,Udupi,True
FIR-2025-BAG-0488,P0044,Isaac Patil,accused,34,male,Kolar,True
FIR-2025-BAG-0488,P0008,Nathaniel Sami,accused,46,male,Bengaluru City,True
FIR-2025-BAG-0488,P0020,Isha Kadakia,accused,58,male,Dakshina Kannada,True
FIR-2025-BAG-0488,V04880,Saanvi Nagi,victim,54,female,Bagalkot,True
FIR-2024-DAK-0489,P0169,Vinaya Kanda,accused,46,male,Ballari,True
FIR-2024-DAK-0489,V04890,Omaja Chakraborty,victim,66,male,Dakshina Kannada,True
FIR-2024-BAG-0490,P0232,Upkaar Virk,accused,53,male,Mandya,True
FIR-2024-BAG-0490,V04900,Riya Kakar,victim,69,male,Bagalkot,True
FIR-2025-VIJ-0491,P0003,Gagan Sami,accused,26,male,Raichur,True
FIR-2025-VIJ-0491,P0027,Simon Tata,accused,32,male,Hassan,True
FIR-2025-VIJ-0491,P0015,Janaki Handa,accused,23,male,Mandya,True
FIR-2025-VIJ-0491,V04910,Vedhika Varty,victim,67,male,Vijayapur,True
FIR-2025-VIJ-0491,V04911,Daksh Varma,victim,30,female,Vijayapur,True
FIR-2024-DAV-0492,P0001,Aryan Maharaj,accused,58,male,Bengaluru City,True
FIR-2024-DAV-0492,V04920,Dominic Mukhopadhyay,victim,23,female,Davanagere,True
FIR-2024-DAV-0492,V04921,Krishna Viswanathan,victim,52,female,Davanagere,True
FIR-2025-DAK-0493,P0009,Arunima Dugal,accused,28,female,Hassan,True
FIR-2025-DAK-0493,P0069,Arya Shere,accused,30,male,Belagavi,True
FIR-2025-DAK-0493,V04930,Oscar Hans,victim,28,male,Dakshina Kannada,True
FIR-2025-DAK-0493,V04931,Dalbir Krish,victim,60,female,Dakshina Kannada,True
FIR-2025-BEN-0494,P0007,Saumya Mall,accused,30,female,Ballari,True
FIR-2025-BEN-0494,V04940,Tanmayi Bedi,victim,70,female,Bengaluru City,True
FIR-2025-BEN-0494,V04941,Rushil Mahal,victim,33,male,Bengaluru City,True
FIR-2025-CHI-0495,P0261,Zayyan Naik,accused,36,male,Ballari,True
FIR-2025-CHI-0495,V04950,Ucchal Tiwari,victim,74,female,Chickballapura,True
FIR-2025-CHI-0495,V04951,Jatin Balasubramanian,victim,50,female,Chickballapura,True
FIR-2024-UDU-0496,P0316,Indira Kanda,accused,44,male,Tumakuru,True
FIR-2024-UDU-0496,V04960,Kashish Suresh,victim,20,male,Udupi,True
FIR-2024-UDU-0496,V04961,Peter Som,victim,28,male,Udupi,True
FIR-2024-BEN-0497,P0014,Kritika Brar,accused,47,male,Udupi,True
FIR-2024-BEN-0497,P0002,Udant Dewan,accused,35,male,Ballari,True
FIR-2024-BEN-0497,P0038,Radhika Dugar,accused,45,male,Udupi,True
FIR-2024-BEN-0497,V04970,Hemangini Gade,victim,20,female,Bengaluru City,True
FIR-2025-BAG-0498,P0278,Harini Tripathi,accused,23,female,Mandya,True
FIR-2025-BAG-0498,V04980,Gautam Mane,victim,66,male,Bagalkot,True
FIR-2025-MYS-0499,P0009,Arunima Dugal,accused,28,female,Hassan,True
FIR-2025-MYS-0499,V04990,Libni Bawa,victim,34,female,Mysuru,True
FIR-2024-DHA-0500,P0128,Chaitanya Sarin,accused,40,male,Ballari,True
FIR-2024-DHA-0500,V05000,Tanish Kant,victim,66,female,Dharwad,True
FIR-2024-DHA-0500,V05001,Samuel Luthra,victim,72,male,Dharwad,True
FIR-2025-KOL-0501,P0014,Kritika Brar,accused,47,male,Udupi,True
FIR-2025-KOL-0501,P0062,Girindra Chatterjee,accused,32,male,Bengaluru City,True
FIR-2025-KOL-0501,V05010,Yochana Bahri,victim,73,male,Kolar,True
FIR-2024-MAN-0502,P0057,Ekansh Balay,accused,52,male,Shivamogga,True
FIR-2024-MAN-0502,P0009,Arunima Dugal,accused,28,female,Hassan,True
FIR-2024-MAN-0502,V05020,Urvi Deo,victim,35,female,Mandya,True
FIR-2025-MAN-0503,P0206,Advaith Varughese,accused,30,male,Ballari,True
FIR-2025-MAN-0503,P0152,Kiaan Shetty,accused,50,female,Dakshina Kannada,True
FIR-2025-MAN-0503,V05030,Abhiram Kapur,victim,34,female,Mandya,True
FIR-2025-MAN-0503,V05031,Dalaja Maharaj,victim,16,male,Mandya,True
FIR-2024-KOL-0504,P0308,Riya Pai,accused,54,female,Ballari,True
FIR-2024-KOL-0504,V05040,Krisha Palla,victim,66,male,Kolar,True
FIR-2025-HAS-0505,P0064,Unni Bhagat,accused,22,male,Hassan,True
FIR-2025-HAS-0505,V05050,Zayyan Kamdar,victim,60,male,Hassan,True
FIR-2025-HAS-0506,P0231,Yuvraj Dani,accused,53,male,Dharwad,True
FIR-2025-HAS-0506,P0075,Nitesh Raghavan,accused,52,female,Kalaburagi,True
FIR-2025-HAS-0506,V05060,Chasmum Verma,victim,38,male,Hassan,True
FIR-2024-KAL-0507,P0108,Joshua Barman,accused,36,male,Hassan,True
FIR-2024-KAL-0507,V05070,Harsh Amble,victim,17,male,Kalaburagi,True
FIR-2024-DAK-0508,P0023,Anamika Kanda,accused,56,male,Raichur,True
FIR-2024-DAK-0508,V05080,Barkha Misra,victim,27,male,Dakshina Kannada,True
FIR-2024-DAV-0509,P0144,Aryan Batra,accused,38,female,Shivamogga,True
FIR-2024-DAV-0509,V05090,Vasatika Bhatt,victim,75,male,Davanagere,True
FIR-2024-DAV-0509,V05091,Aradhana Nair,victim,35,female,Davanagere,True
FIR-2025-DAK-0510,P0016,Chakradev Kari,accused,54,male,Tumakuru,True
FIR-2025-DAK-0510,V05100,Advika Misra,victim,66,male,Dakshina Kannada,True
FIR-2025-MAN-0511,P0032,Gavin Batta,accused,34,male,Ballari,True
FIR-2025-MAN-0511,P0068,Logan Sami,accused,33,female,Dharwad,True
FIR-2025-MAN-0511,V05110,Mason Varughese,victim,66,male,Mandya,True
FIR-2025-MAN-0511,V05111,Dakshesh Raval,victim,36,male,Mandya,True
FIR-2025-DAV-0512,P0262,Netra Varkey,accused,36,male,Bagalkot,True
FIR-2025-DAV-0512,V05120,Logan Bal,victim,66,female,Davanagere,True
FIR-2024-UDU-0513,P0023,Anamika Kanda,accused,56,male,Raichur,True
FIR-2024-UDU-0513,V05130,Chakrika Lad,victim,61,female,Udupi,True
FIR-2024-UDU-0513,V05131,Nidhi Rama,victim,46,female,Udupi,True
FIR-2025-MYS-0514,P0058,Ekavir Varkey,accused,43,male,Bagalkot,True
FIR-2025-MYS-0514,P0034,Devansh Rajan,accused,55,female,Mandya,True
FIR-2025-MYS-0514,V05140,Ranveer Oza,victim,72,female,Mysuru,True
FIR-2025-MYS-0514,V05141,Vamakshi Parmer,victim,52,male,Mysuru,True
FIR-2024-MAN-0515,P0071,Chandresh Zachariah,accused,45,female,Bagalkot,True
FIR-2024-MAN-0515,P0047,Ekapad Walia,accused,41,male,Raichur,True
FIR-2024-MAN-0515,P0059,Arya Sunder,accused,51,female,Belagavi,True
FIR-2024-MAN-0515,V05150,Onkar Golla,victim,39,female,Mandya,True
FIR-2024-MAN-0515,V05151,Gunbir Sinha,victim,36,female,Mandya,True
FIR-2024-DAV-0516,P0038,Radhika Dugar,accused,45,male,Udupi,True
FIR-2024-DAV-0516,P0026,Dominic Kakar,accused,32,male,Mysuru,True
FIR-2024-DAV-0516,V05160,Aarna Goswami,victim,22,male,Davanagere,True
FIR-2025-VIJ-0517,P0033,Michael Dutta,accused,53,male,Dharwad,True
FIR-2025-VIJ-0517,V05170,Gaurav Kapadia,victim,28,male,Vijayapur,True
FIR-2025-VIJ-0517,V05171,Udant Mohanty,victim,70,female,Vijayapur,True
FIR-2024-SHI-0518,P0293,Lajita Nadig,accused,37,male,Raichur,True
FIR-2024-SHI-0518,V05180,Garima Prabhu,victim,46,male,Shivamogga,True
FIR-2024-BAL-0519,P0109,Janya Baral,accused,31,male,Kolar,True
FIR-2024-BAL-0519,V05190,Chaitaly Sheth,victim,62,female,Ballari,True
FIR-2024-BAL-0519,V05191,Upma Bera,victim,37,male,Ballari,True
FIR-2025-DHA-0520,P0004,Ayushman Chander,accused,23,female,Mysuru,True
FIR-2025-DHA-0520,P0040,Yashica Cherian,accused,34,male,Belagavi,True
FIR-2025-DHA-0520,V05200,Urmi Hayer,victim,47,female,Dharwad,True
FIR-2025-UDU-0521,P0099,Baghyawati Kade,accused,47,male,Tumakuru,True
FIR-2025-UDU-0521,P0109,Janya Baral,accused,31,male,Kolar,True
FIR-2025-UDU-0521,V05210,Lakshmi Wagle,victim,37,female,Udupi,True
FIR-2025-CHI-0522,P0136,Charvi Ravi,accused,40,male,Dharwad,True
FIR-2025-CHI-0522,V05220,Odika Bhagat,victim,22,male,Chickballapura,True
FIR-2025-CHI-0523,P0275,Tanmayi Dhillon,accused,35,male,Dakshina Kannada,True
FIR-2025-CHI-0523,V05230,Laksh Iyer,victim,30,female,Chickballapura,True
FIR-2024-BAG-0524,P0022,Nihal Shere,accused,60,male,Tumakuru,True
FIR-2024-BAG-0524,V05240,Nimrat Shankar,victim,41,male,Bagalkot,True
FIR-2024-BAG-0524,V05241,Diya Gole,victim,23,male,Bagalkot,True
FIR-2025-CHI-0525,P0017,Fariq Kaul,accused,20,male,Shivamogga,True
FIR-2025-CHI-0525,P0053,Jai Kota,accused,52,male,Kalaburagi,True
FIR-2025-CHI-0525,P0029,Liam Koshy,accused,31,male,Vijayapur,True
FIR-2025-CHI-0525,V05250,Vinaya Natarajan,victim,53,male,Chickballapura,True
FIR-2025-CHI-0525,V05251,Dhriti Bhardwaj,victim,48,female,Chickballapura,True
FIR-2024-BEN-0526,P0118,Inaya Mody,accused,26,male,Shivamogga,True
FIR-2024-BEN-0526,V05260,Siya Mahal,victim,74,female,Bengaluru City,True
FIR-2024-BEN-0526,V05261,Om Dutt,victim,45,female,Bengaluru City,True
FIR-2025-SHI-0527,P0054,Devansh Nigam,accused,60,female,Raichur,True
FIR-2025-SHI-0527,P0042,Kashvi Edwin,accused,25,male,Dharwad,True
FIR-2025-SHI-0527,P0066,Ikbal Kothari,accused,60,female,Vijayapur,True
FIR-2025-SHI-0527,V05270,Gaurang Dayal,victim,60,male,Shivamogga,True
FIR-2025-MYS-0528,P0036,Advay Contractor,accused,49,male,Mysuru,True
FIR-2025-MYS-0528,V05280,Pushti Raval,victim,58,male,Mysuru,True
FIR-2025-MYS-0528,V05281,Vansha Rajagopal,victim,60,male,Mysuru,True
FIR-2024-MAN-0529,P0201,Yagnesh Shetty,accused,54,male,Bagalkot,True
FIR-2024-MAN-0529,V05290,Baljiwan Walla,victim,26,female,Mandya,True
FIR-2024-MAN-0529,V05291,Kashvi Atwal,victim,29,male,Mandya,True
FIR-2024-TUM-0530,P0247,Jeet Sidhu,accused,34,female,Belagavi,True
FIR-2024-TUM-0530,V05300,Rayaan Badami,victim,32,male,Tumakuru,True
FIR-2025-BAG-0531,P0174,Fiyaz Sangha,accused,38,male,Kalaburagi,True
FIR-2025-BAG-0531,V05310,Yuvraj Kara,victim,68,female,Bagalkot,True
FIR-2025-BAG-0531,V05311,Devika Dayal,victim,69,male,Bagalkot,True
FIR-2025-BEL-0532,P0188,Hritik Bal,accused,19,female,Bengaluru City,True
FIR-2025-BEL-0532,P0245,Ekbal Bhasin,accused,48,female,Bagalkot,True
FIR-2025-BEL-0532,V05320,Leela Thakur,victim,59,female,Belagavi,True
FIR-2025-VIJ-0533,P0057,Ekansh Balay,accused,52,male,Shivamogga,True
FIR-2025-VIJ-0533,P0045,Wriddhish Bhardwaj,accused,24,male,Kolar,True
FIR-2025-VIJ-0533,V05330,Oliver Bhattacharyya,victim,44,male,Vijayapur,True
FIR-2025-VIJ-0533,V05331,Chanchal Mannan,victim,54,male,Vijayapur,True
FIR-2025-VIJ-0534,P0026,Dominic Kakar,accused,32,male,Mysuru,True
FIR-2025-VIJ-0534,P0002,Udant Dewan,accused,35,male,Ballari,True
FIR-2025-VIJ-0534,V05340,Zinal Viswanathan,victim,68,male,Vijayapur,True
FIR-2025-VIJ-0534,V05341,Radha Desai,victim,59,male,Vijayapur,True
FIR-2024-DAK-0535,P0096,Abhiram Mistry,accused,34,female,Kalaburagi,True
FIR-2024-DAK-0535,P0127,Lekha Gupta,accused,32,male,Bagalkot,True
FIR-2024-DAK-0535,V05350,Vrishti Parmer,victim,43,male,Dakshina Kannada,True
FIR-2024-DAK-0535,V05351,Nitesh Raval,victim,30,male,Dakshina Kannada,True
FIR-2024-HAS-0536,P0050,Siddharth Zacharia,accused,41,male,Ballari,True
FIR-2024-HAS-0536,P0026,Dominic Kakar,accused,32,male,Mysuru,True
FIR-2024-HAS-0536,V05360,Vedant Kapur,victim,18,male,Hassan,True
FIR-2024-HAS-0536,V05361,Siddharth Bains,victim,72,male,Hassan,True
FIR-2024-CHI-0537,P0022,Nihal Shere,accused,60,male,Tumakuru,True
FIR-2024-CHI-0537,V05370,Jatin Peri,victim,56,female,Chickballapura,True
FIR-2024-CHI-0537,V05371,Keya Kumer,victim,59,male,Chickballapura,True
FIR-2025-HAS-0538,P0049,Alka Wable,accused,49,male,Belagavi,True
FIR-2025-HAS-0538,V05380,Chanakya Chokshi,victim,48,male,Hassan,True
FIR-2024-DHA-0539,P0018,Lajita Mall,accused,23,male,Belagavi,True
FIR-2024-DHA-0539,P0030,Priya Rastogi,accused,59,female,Udupi,True
FIR-2024-DHA-0539,V05390,Chanakya D’Alia,victim,29,male,Dharwad,True
FIR-2024-DHA-0539,V05391,Sachi Rai,victim,31,female,Dharwad,True
FIR-2024-MYS-0540,P0193,Kamala Biswas,accused,39,female,Davanagere,True
FIR-2024-MYS-0540,V05400,Zayyan Som,victim,37,male,Mysuru,True
FIR-2024-MYS-0540,V05401,Samesh Andra,victim,29,male,Mysuru,True
FIR-2025-BAG-0541,P0009,Arunima Dugal,accused,28,female,Hassan,True
FIR-2025-BAG-0541,P0033,Michael Dutta,accused,53,male,Dharwad,True
FIR-2025-BAG-0541,V05410,Osha Chaudhuri,victim,21,male,Bagalkot,True
FIR-2024-TUM-0542,P0022,Nihal Shere,accused,60,male,Tumakuru,True
FIR-2024-TUM-0542,P0034,Devansh Rajan,accused,55,female,Mandya,True
FIR-2024-TUM-0542,P0070,Faqid Savant,accused,60,female,Mandya,True
FIR-2024-TUM-0542,V05420,Laksh Sahota,victim,34,female,Tumakuru,True
FIR-2024-TUM-0542,V05421,Yasti Dalal,victim,56,male,Tumakuru,True
FIR-2025-TUM-0543,P0061,Urvashi Ray,accused,39,male,Raichur,True
FIR-2025-TUM-0543,P0013,Tripti Yadav,accused,40,male,Mysuru,True
FIR-2025-TUM-0543,P0037,Harini Choudhury,accused,25,male,Dakshina Kannada,True
FIR-2025-TUM-0543,V05430,Ishaan Cherian,victim,64,female,Tumakuru,True
FIR-2024-SHI-0544,P0033,Michael Dutta,accused,53,male,Dharwad,True
FIR-2024-SHI-0544,P0045,Wriddhish Bhardwaj,accused,24,male,Kolar,True
FIR-2024-SHI-0544,P0057,Ekansh Balay,accused,52,male,Shivamogga,True
FIR-2024-SHI-0544,V05440,Rushil Iyengar,victim,20,female,Shivamogga,True
FIR-2024-SHI-0544,V05441,Saksham Parmar,victim,24,female,Shivamogga,True
FIR-2024-KOL-0545,P0290,Nimrat Dubey,accused,53,male,Shivamogga,True
FIR-2024-KOL-0545,V05450,Chakrika Dyal,victim,40,female,Kolar,True
FIR-2024-KOL-0545,V05451,Watika Johal,victim,35,male,Kolar,True
FIR-2024-BEL-0546,P0025,Diya Rattan,accused,42,male,Raichur,True
FIR-2024-BEL-0546,P0037,Harini Choudhury,accused,25,male,Dakshina Kannada,True
FIR-2024-BEL-0546,P0049,Alka Wable,accused,49,male,Belagavi,True
FIR-2024-BEL-0546,V05460,Ganga Keer,victim,60,male,Belagavi,True
FIR-2024-BEL-0546,V05461,Agastya Chakraborty,victim,57,female,Belagavi,True
FIR-2025-MYS-0547,P0004,Ayushman Chander,accused,23,female,Mysuru,True
FIR-2025-MYS-0547,V05470,Wakeeta Dixit,victim,32,female,Mysuru,True
FIR-2024-DAK-0548,P0051,Devika Rastogi,accused,21,male,Tumakuru,True
FIR-2024-DAK-0548,P0063,Irya Sampath,accused,22,male,Ballari,True
FIR-2024-DAK-0548,V05480,Yasti Borde,victim,72,female,Dakshina Kannada,True
FIR-2025-SHI-0549,P0194,Advik Salvi,accused,44,male,Tumakuru,True
FIR-2025-SHI-0549,V05490,Aahana Kashyap,victim,22,female,Shivamogga,True
FIR-2024-VIJ-0550,P0314,Anvi Anand,accused,46,male,Kolar,True
FIR-2024-VIJ-0550,V05500,Chaman Lalla,victim,22,male,Vijayapur,True
FIR-2025-DHA-0551,P0023,Anamika Kanda,accused,56,male,Raichur,True
FIR-2025-DHA-0551,P0035,Upadhriti Wadhwa,accused,32,male,Kolar,True
FIR-2025-DHA-0551,V05510,Chandresh Chaudhry,victim,27,male,Dharwad,True
FIR-2025-DHA-0551,V05511,Balveer Mannan,victim,44,male,Dharwad,True
FIR-2024-VIJ-0552,P0057,Ekansh Balay,accused,52,male,Shivamogga,True
FIR-2024-VIJ-0552,V05520,Dhriti Sandhu,victim,71,male,Vijayapur,True
FIR-2024-TUM-0553,P0031,Theodore Devi,accused,59,female,Kalaburagi,True
FIR-2024-TUM-0553,P0007,Saumya Mall,accused,30,female,Ballari,True
FIR-2024-TUM-0553,V05530,Girish Bath,victim,33,male,Tumakuru,True
FIR-2024-KOL-0554,P0286,Libni Doshi,accused,18,female,Dharwad,True
FIR-2024-KOL-0554,V05540,Lakshit Garde,victim,54,female,Kolar,True
FIR-2024-KOL-0554,V05541,Ishita Sarma,victim,37,female,Kolar,True
FIR-2025-UDU-0555,P0256,Ijaya Rege,accused,31,male,Davanagere,True
FIR-2025-UDU-0555,V05550,Girik Pradhan,victim,45,female,Udupi,True
FIR-2024-MAN-0556,P0072,Girik Khalsa,accused,21,male,Mysuru,True
FIR-2024-MAN-0556,V05560,Qadim Comar,victim,56,female,Mandya,True
FIR-2025-MAN-0557,P0042,Kashvi Edwin,accused,25,male,Dharwad,True
FIR-2025-MAN-0557,P0054,Devansh Nigam,accused,60,female,Raichur,True
FIR-2025-MAN-0557,P0006,Rushil Saini,accused,32,male,Raichur,True
FIR-2025-MAN-0557,V05570,Mugdha Shan,victim,43,female,Mandya,True
FIR-2025-MAN-0557,V05571,Lekha Sridhar,victim,58,male,Mandya,True
FIR-2024-VIJ-0558,P0210,Girik Menon,accused,22,male,Bengaluru City,True
FIR-2024-VIJ-0558,V05580,Ojas Chowdhury,victim,24,female,Vijayapur,True
FIR-2025-DAK-0559,P0148,Manbir Ahluwalia,accused,53,male,Shivamogga,True
FIR-2025-DAK-0559,V05590,Daniel Dutta,victim,26,male,Dakshina Kannada,True
FIR-2024-HAS-0560,P0177,Siddharth Sha,accused,44,female,Hassan,True
FIR-2024-HAS-0560,V05600,Omaja Subramanian,victim,58,male,Hassan,True
FIR-2025-CHI-0561,P0255,Vyanjana Chand,accused,54,male,Belagavi,True
FIR-2025-CHI-0561,V05610,Pratyush Raghavan,victim,57,female,Chickballapura,True
FIR-2025-RAI-0562,P0034,Devansh Rajan,accused,55,female,Mandya,True
FIR-2025-RAI-0562,P0010,Gayathri Chaudry,accused,35,male,Vijayapur,True
FIR-2025-RAI-0562,V05620,Ayush De,victim,63,male,Raichur,True
FIR-2025-RAI-0562,V05621,Vinaya Chowdhury,victim,63,male,Raichur,True
FIR-2025-BEN-0563,P0242,Vivaan Lalla,accused,20,male,Raichur,True
FIR-2025-BEN-0563,V05630,Ridhi Batra,victim,65,female,Bengaluru City,True
FIR-2025-BEN-0563,V05631,Advika Murthy,victim,67,male,Bengaluru City,True
FIR-2024-RAI-0564,P0237,Wriddhish Ghose,accused,31,female,Davanagere,True
FIR-2024-RAI-0564,V05640,Udarsh Nigam,victim,25,female,Raichur,True
FIR-2024-RAI-0564,V05641,Rachita Kothari,victim,25,male,Raichur,True
FIR-2024-CHI-0565,P0303,Farhan Raja,accused,36,male,Chickballapura,True
FIR-2024-CHI-0565,P0280,Vrishti Dixit,accused,60,male,Dakshina Kannada,True
FIR-2024-CHI-0565,V05650,Hiral Rajan,victim,25,male,Chickballapura,True
FIR-2024-CHI-0565,V05651,Chatura Apte,victim,70,male,Chickballapura,True
FIR-2024-CHI-0566,P0316,Indira Kanda,accused,44,male,Tumakuru,True
FIR-2024-CHI-0566,V05660,Yashasvi Singh,victim,43,female,Chickballapura,True
FIR-2024-CHI-0566,V05661,Noah Borde,victim,38,female,Chickballapura,True
FIR-2024-KOL-0567,P0247,Jeet Sidhu,accused,34,female,Belagavi,True
FIR-2024-KOL-0567,V05670,Ekani Khosla,victim,36,male,Kolar,True
FIR-2025-CHI-0568,P0028,Tara Dhar,accused,43,male,Tumakuru,True
FIR-2025-CHI-0568,V05680,Arunima Bedi,victim,39,male,Chickballapura,True
FIR-2024-CHI-0569,P0310,Chasmum Issac,accused,48,female,Udupi,True
FIR-2024-CHI-0569,V05690,Kritika Rau,victim,25,female,Chickballapura,True
FIR-2024-CHI-0569,V05691,Farhan Sharaf,victim,31,male,Chickballapura,True
FIR-2024-SHI-0570,P0206,Advaith Varughese,accused,30,male,Ballari,True
FIR-2024-SHI-0570,V05700,Sara Chakrabarti,victim,65,female,Shivamogga,True
FIR-2024-BAG-0571,P0137,Daksha Mangat,accused,56,male,Udupi,True
FIR-2024-BAG-0571,V05710,Sanya Mutti,victim,17,female,Bagalkot,True
FIR-2025-CHI-0572,P0013,Tripti Yadav,accused,40,male,Mysuru,True
FIR-2025-CHI-0572,P0049,Alka Wable,accused,49,male,Belagavi,True
FIR-2025-CHI-0572,V05720,Widisha Badami,victim,41,female,Chickballapura,True
FIR-2025-BEL-0573,P0024,Daksh Karnik,accused,33,male,Bagalkot,True
FIR-2025-BEL-0573,P0012,Hemangini Lalla,accused,42,male,Mandya,True
FIR-2025-BEL-0573,V05730,Netra Sachar,victim,67,female,Belagavi,True
FIR-2025-BEL-0573,V05731,Aadi Chand,victim,23,male,Belagavi,True
FIR-2025-DAK-0574,P0011,Lajita Chatterjee,accused,39,male,Tumakuru,True
FIR-2025-DAK-0574,P0047,Ekapad Walia,accused,41,male,Raichur,True
FIR-2025-DAK-0574,P0035,Upadhriti Wadhwa,accused,32,male,Kolar,True
FIR-2025-DAK-0574,V05740,Yashoda Jhaveri,victim,58,male,Dakshina Kannada,True
FIR-2025-DAK-0574,V05741,Harita Patla,victim,31,female,Dakshina Kannada,True
FIR-2025-SHI-0575,P0164,Ojasvi Bhatia,accused,53,male,Belagavi,True
FIR-2025-SHI-0575,V05750,Udant Sha,victim,54,male,Shivamogga,True
FIR-2025-SHI-0575,V05751,Urvashi Patla,victim,60,male,Shivamogga,True
FIR-2024-MYS-0576,P0299,Daksh Memon,accused,47,male,Udupi,True
FIR-2024-MYS-0576,V05760,Ishaan Chatterjee,victim,53,female,Mysuru,True
FIR-2024-DHA-0577,P0049,Alka Wable,accused,49,male,Belagavi,True
FIR-2024-DHA-0577,V05770,Aarnav Om,victim,45,male,Dharwad,True
FIR-2024-DHA-0577,V05771,Bishakha Vig,victim,32,female,Dharwad,True
FIR-2025-DAV-0578,P0054,Devansh Nigam,accused,60,female,Raichur,True
FIR-2025-DAV-0578,P0042,Kashvi Edwin,accused,25,male,Dharwad,True
FIR-2025-DAV-0578,P0006,Rushil Saini,accused,32,male,Raichur,True
FIR-2025-DAV-0578,V05780,Hitesh Bath,victim,20,female,Davanagere,True
FIR-2025-RAI-0579,P0012,Hemangini Lalla,accused,42,male,Mandya,True
FIR-2025-RAI-0579,V05790,Waida Dey,victim,25,male,Raichur,True
FIR-2025-RAI-0579,V05791,Hredhaan Kumar,victim,33,male,Raichur,True
FIR-2024-BEL-0580,P0110,Shivansh Krish,accused,49,male,Mysuru,True
FIR-2024-BEL-0580,V05800,Raghav Dara,victim,49,female,Belagavi,True
FIR-2025-BEL-0581,P0024,Daksh Karnik,accused,33,male,Bagalkot,True
FIR-2025-BEL-0581,V05810,Tanveer Shankar,victim,46,male,Belagavi,True
FIR-2025-BEL-0581,V05811,Hamsini Chokshi,victim,32,male,Belagavi,True
FIR-2025-KAL-0582,P0185,Ishwar Kamdar,accused,49,male,Udupi,True
FIR-2025-KAL-0582,P0259,Bhavya Rattan,accused,22,male,Bengaluru City,True
FIR-2025-KAL-0582,V05820,Chakradhar Dasgupta,victim,61,male,Kalaburagi,True
FIR-2025-KAL-0582,V05821,Tanvi Thaman,victim,59,female,Kalaburagi,True
FIR-2024-BAG-0583,P0036,Advay Contractor,accused,49,male,Mysuru,True
FIR-2024-BAG-0583,P0048,Kabir Soman,accused,51,male,Hassan,True
FIR-2024-BAG-0583,V05830,Wishi Agrawal,victim,35,female,Bagalkot,True
FIR-2024-MYS-0584,P0284,Vivaan Roy,accused,38,male,Hassan,True
FIR-2024-MYS-0584,V05840,Rachita Subramanian,victim,43,male,Mysuru,True
FIR-2025-KOL-0585,P0275,Tanmayi Dhillon,accused,35,male,Dakshina Kannada,True
FIR-2025-KOL-0585,V05850,Oscar Dave,victim,60,female,Kolar,True
FIR-2025-KOL-0585,V05851,Lila Nagy,victim,31,male,Kolar,True
FIR-2024-DAK-0586,P0072,Girik Khalsa,accused,21,male,Mysuru,True
FIR-2024-DAK-0586,V05860,Omya Kothari,victim,47,female,Dakshina Kannada,True
FIR-2024-DAK-0586,V05861,Mitali Oza,victim,26,female,Dakshina Kannada,True
FIR-2024-BAL-0587,P0001,Aryan Maharaj,accused,58,male,Bengaluru City,True
FIR-2024-BAL-0587,V05870,Sneha Deol,victim,29,female,Ballari,True
FIR-2024-BAL-0587,V05871,Nitara Vala,victim,75,male,Ballari,True
FIR-2025-CHI-0588,P0043,Ekiya Suresh,accused,28,female,Bengaluru City,True
FIR-2025-CHI-0588,P0031,Theodore Devi,accused,59,female,Kalaburagi,True
FIR-2025-CHI-0588,V05880,Dipta Kalla,victim,41,female,Chickballapura,True
FIR-2025-VIJ-0589,P0053,Jai Kota,accused,52,male,Kalaburagi,True
FIR-2025-VIJ-0589,V05890,Shaurya Mannan,victim,25,female,Vijayapur,True
FIR-2025-SHI-0590,P0083,Quincy Biswas,accused,42,male,Udupi,True
FIR-2025-SHI-0590,V05900,Kevin Gokhale,victim,58,female,Shivamogga,True
FIR-2025-SHI-0590,V05901,Jack Pandey,victim,26,male,Shivamogga,True
FIR-2025-VIJ-0591,P0018,Lajita Mall,accused,23,male,Belagavi,True
FIR-2025-VIJ-0591,P0006,Rushil Saini,accused,32,male,Raichur,True
FIR-2025-VIJ-0591,P0030,Priya Rastogi,accused,59,female,Udupi,True
FIR-2025-VIJ-0591,V05910,Omisha Walla,victim,46,female,Vijayapur,True
FIR-2025-CHI-0592,P0065,Darsh Rau,accused,22,male,Davanagere,True
FIR-2025-CHI-0592,V05920,Pahal Arya,victim,24,male,Chickballapura,True
FIR-2025-CHI-0592,V05921,Aryan Raj,victim,22,male,Chickballapura,True
FIR-2024-BEN-0593,P0308,Riya Pai,accused,54,female,Ballari,True
FIR-2024-BEN-0593,V05930,Chatresh Bhalla,victim,46,female,Bengaluru City,True
FIR-2024-BEN-0593,V05931,Amara Dyal,victim,34,female,Bengaluru City,True
FIR-2025-KAL-0594,P0251,Atharv Chand,accused,33,male,Raichur,True
FIR-2025-KAL-0594,V05940,Zashil Dhingra,victim,58,female,Kalaburagi,True
FIR-2025-BEL-0595,P0131,Ganga Murthy,accused,22,male,Mandya,True
FIR-2025-BEL-0595,P0103,Aarush Nath,accused,36,male,Bagalkot,True
FIR-2025-BEL-0595,V05950,Chakrika Jani,victim,41,male,Belagavi,True
FIR-2024-KAL-0596,P0053,Jai Kota,accused,52,male,Kalaburagi,True
FIR-2024-KAL-0596,P0017,Fariq Kaul,accused,20,male,Shivamogga,True
FIR-2024-KAL-0596,V05960,Jagrati Sethi,victim,43,female,Kalaburagi,True
FIR-2024-KAL-0596,V05961,Udarsh Ramachandran,victim,19,female,Kalaburagi,True
FIR-2024-BEL-0597,P0173,Avi Ramesh,accused,33,male,Hassan,True
FIR-2024-BEL-0597,V05970,Yasti Mani,victim,27,male,Belagavi,True
FIR-2024-HAS-0598,P0056,Ekavir Bhargava,accused,56,female,Vijayapur,True
FIR-2024-HAS-0598,P0032,Gavin Batta,accused,34,male,Ballari,True
FIR-2024-HAS-0598,P0068,Logan Sami,accused,33,female,Dharwad,True
FIR-2024-HAS-0598,V05980,Lakshmi Ram,victim,23,male,Hassan,True
FIR-2024-HAS-0598,V05981,Dhriti Bhagat,victim,58,male,Hassan,True
FIR-2024-HAS-0599,P0189,Keya Ranganathan,accused,23,female,Kalaburagi,True
FIR-2024-HAS-0599,V05990,Zayan Jain,victim,31,female,Hassan,True
FIR-2024-HAS-0599,V05991,Umang Pillai,victim,29,female,Hassan,True
FIR-2024-BEL-0600,P0227,Zayyan Sridhar,accused,59,female,Bagalkot,True
FIR-2024-BEL-0600,P0187,Ishwar Gade,accused,47,male,Raichur,True
FIR-2024-BEL-0600,V06000,Rishi Menon,victim,20,female,Belagavi,True
FIR-2025-VIJ-0601,P0054,Devansh Nigam,accused,60,female,Raichur,True
FIR-2025-VIJ-0601,V06010,Peter Borde,victim,73,female,Vijayapur,True
FIR-2025-VIJ-0601,V06011,Oscar Varkey,victim,44,male,Vijayapur,True
FIR-2024-CHI-0602,P0213,Pavani Narayanan,accused,27,female,Dakshina Kannada,True
FIR-2024-CHI-0602,P0143,Umang Issac,accused,37,male,Dharwad,True
FIR-2024-CHI-0602,V06020,Krishna Baria,victim,34,male,Chickballapura,True
FIR-2025-RAI-0603,P0050,Siddharth Zacharia,accused,41,male,Ballari,True
FIR-2025-RAI-0603,V06030,Arya Lalla,victim,54,female,Raichur,True
FIR-2025-RAI-0603,V06031,Naveen Kumer,victim,29,male,Raichur,True
FIR-2024-VIJ-0604,P0059,Arya Sunder,accused,51,female,Belagavi,True
FIR-2024-VIJ-0604,V06040,Ganga Shukla,victim,35,male,Vijayapur,True
FIR-2024-VIJ-0604,V06041,Balveer Dube,victim,34,female,Vijayapur,True
FIR-2024-DAK-0605,P0019,Janya Gaba,accused,42,male,Bagalkot,True
FIR-2024-DAK-0605,V06050,Charan Mitra,victim,33,male,Dakshina Kannada,True
FIR-2025-MAN-0606,P0261,Zayyan Naik,accused,36,male,Ballari,True
FIR-2025-MAN-0606,V06060,Ishita Bora,victim,42,female,Mandya,True
FIR-2024-BEN-0607,P0033,Michael Dutta,accused,53,male,Dharwad,True
FIR-2024-BEN-0607,P0057,Ekansh Balay,accused,52,male,Shivamogga,True
FIR-2024-BEN-0607,V06070,Thomas Gour,victim,71,male,Bengaluru City,True
FIR-2024-BEN-0607,V06071,Yashasvi Dutta,victim,68,female,Bengaluru City,True
FIR-2024-UDU-0608,P0180,Upma Bahl,accused,42,male,Udupi,True
FIR-2024-UDU-0608,V06080,Netra Chanda,victim,21,female,Udupi,True
FIR-2024-UDU-0608,V06081,Timothy Kala,victim,27,female,Udupi,True
FIR-2024-CHI-0609,P0040,Yashica Cherian,accused,34,male,Belagavi,True
FIR-2024-CHI-0609,V06090,Garima Patel,victim,59,male,Chickballapura,True
FIR-2024-CHI-0609,V06091,Tejas Wali,victim,20,male,Chickballapura,True
FIR-2025-UDU-0610,P0181,Inaya Kapur,accused,48,male,Mandya,True
FIR-2025-UDU-0610,V06100,Aditya Contractor,victim,40,female,Udupi,True
FIR-2024-BEN-0611,P0019,Janya Gaba,accused,42,male,Bagalkot,True
FIR-2024-BEN-0611,V06110,Sanaya Khosla,victim,66,male,Bengaluru City,True
FIR-2024-TUM-0612,P0226,Harini Gour,accused,53,male,Chickballapura,True
FIR-2024-TUM-0612,V06120,Balveer Nagi,victim,25,male,Tumakuru,True
FIR-2024-TUM-0612,V06121,Ishaan Raju,victim,19,female,Tumakuru,True
FIR-2024-BEN-0613,P0019,Janya Gaba,accused,42,male,Bagalkot,True
FIR-2024-BEN-0613,V06130,Barkha Bakshi,victim,30,female,Bengaluru City,True
FIR-2024-MAN-0614,P0160,Faris Devi,accused,49,female,Ballari,True
FIR-2024-MAN-0614,V06140,Yoshita Trivedi,victim,47,male,Mandya,True
FIR-2024-MAN-0615,P0047,Ekapad Walia,accused,41,male,Raichur,True
FIR-2024-MAN-0615,V06150,Vidhi Bassi,victim,73,male,Mandya,True
FIR-2024-KOL-0616,P0020,Isha Kadakia,accused,58,male,Dakshina Kannada,True
FIR-2024-KOL-0616,V06160,Reyansh Nagi,victim,55,female,Kolar,True
FIR-2024-KOL-0616,V06161,Gopal Ganesh,victim,38,male,Kolar,True
FIR-2025-MAN-0617,P0217,Qasim Handa,accused,33,male,Davanagere,True
FIR-2025-MAN-0617,V06170,Dominic Kade,victim,65,male,Mandya,True
FIR-2024-CHI-0618,P0019,Janya Gaba,accused,42,male,Bagalkot,True
FIR-2024-CHI-0618,P0031,Theodore Devi,accused,59,female,Kalaburagi,True
FIR-2024-CHI-0618,V06180,Panini Chawla,victim,38,female,Chickballapura,True
FIR-2024-CHI-0618,V06181,Radhika Bora,victim,47,female,Chickballapura,True
FIR-2025-BAL-0619,P0084,Wahab Raval,accused,34,female,Shivamogga,True
FIR-2025-BAL-0619,V06190,Arjun Sharaf,victim,40,male,Ballari,True
FIR-2024-TUM-0620,P0317,Zashil Devan,accused,48,male,Hassan,True
FIR-2024-TUM-0620,P0215,Zayan Kashyap,accused,48,female,Dharwad,True
FIR-2024-TUM-0620,V06200,Baljiwan Chahal,victim,24,male,Tumakuru,True
FIR-2024-TUM-0620,V06201,Chatura Gokhale,victim,19,female,Tumakuru,True
FIR-2024-KAL-0621,P0191,Charvi Dara,accused,34,female,Hassan,True
FIR-2024-KAL-0621,P0252,Ansh Luthra,accused,44,male,Kolar,True
FIR-2024-KAL-0621,V06210,Ekavir Kari,victim,40,male,Kalaburagi,True
FIR-2025-TUM-0622,P0004,Ayushman Chander,accused,23,female,Mysuru,True
FIR-2025-TUM-0622,P0028,Tara Dhar,accused,43,male,Tumakuru,True
FIR-2025-TUM-0622,V06220,Nikita Rama,victim,16,female,Tumakuru,True
FIR-2024-KAL-0623,P0057,Ekansh Balay,accused,52,male,Shivamogga,True
FIR-2024-KAL-0623,V06230,Nidhi Sant,victim,34,male,Kalaburagi,True
FIR-2024-DHA-0624,P0279,Aarnav Mandal,accused,44,male,Hassan,True
FIR-2024-DHA-0624,V06240,Anay Ramachandran,victim,43,male,Dharwad,True
FIR-2024-KOL-0625,P0189,Keya Ranganathan,accused,23,female,Kalaburagi,True
FIR-2024-KOL-0625,V06250,Abeer Bhatnagar,victim,30,female,Kolar,True
FIR-2025-UDU-0626,P0140,Yasti Solanki,accused,51,male,Mandya,True
FIR-2025-UDU-0626,P0100,Samar Lalla,accused,52,male,Kolar,True
FIR-2025-UDU-0626,V06260,Elijah Parmar,victim,20,female,Udupi,True
FIR-2024-SHI-0627,P0028,Tara Dhar,accused,43,male,Tumakuru,True
FIR-2024-SHI-0627,P0016,Chakradev Kari,accused,54,male,Tumakuru,True
FIR-2024-SHI-0627,P0064,Unni Bhagat,accused,22,male,Hassan,True
FIR-2024-SHI-0627,V06270,Bimala Mitra,victim,31,female,Shivamogga,True
FIR-2025-HAS-0628,P0311,Vasudha Chhabra,accused,60,male,Chickballapura,True
FIR-2025-HAS-0628,V06280,Baghyawati Sarma,victim,48,male,Hassan,True
FIR-2025-HAS-0628,V06281,Megha Balasubramanian,victim,36,female,Hassan,True
FIR-2024-KOL-0629,P0004,Ayushman Chander,accused,23,female,Mysuru,True
FIR-2024-KOL-0629,V06290,Naksh Walla,victim,53,male,Kolar,True
FIR-2024-KOL-0629,V06291,Laban Raman,victim,34,male,Kolar,True
FIR-2024-TUM-0630,P0202,Gayathri Balakrishnan,accused,34,male,Dakshina Kannada,True
FIR-2024-TUM-0630,P0320,Gautam Merchant,accused,58,female,Raichur,True
FIR-2024-TUM-0630,V06300,Maanas Misra,victim,44,male,Tumakuru,True
FIR-2024-TUM-0630,V06301,Advay Dhaliwal,victim,37,female,Tumakuru,True
FIR-2024-UDU-0631,P0299,Daksh Memon,accused,47,male,Udupi,True
FIR-2024-UDU-0631,V06310,Benjamin Ahluwalia,victim,22,male,Udupi,True
FIR-2024-UDU-0631,V06311,Frederick Mody,victim,25,female,Udupi,True
FIR-2025-SHI-0632,P0047,Ekapad Walia,accused,41,male,Raichur,True
FIR-2025-SHI-0632,P0059,Arya Sunder,accused,51,female,Belagavi,True
FIR-2025-SHI-0632,V06320,Hemangini Kakar,victim,46,female,Shivamogga,True
FIR-2025-SHI-0632,V06321,Yauvani Dhar,victim,64,female,Shivamogga,True
FIR-2025-SHI-0633,P0057,Ekansh Balay,accused,52,male,Shivamogga,True
FIR-2025-SHI-0633,P0033,Michael Dutta,accused,53,male,Dharwad,True
FIR-2025-SHI-0633,P0009,Arunima Dugal,accused,28,female,Hassan,True
FIR-2025-SHI-0633,V06330,Qarin Kant,victim,48,female,Shivamogga,True
FIR-2025-SHI-0633,V06331,Rishi Contractor,victim,32,male,Shivamogga,True
FIR-2025-BAL-0634,P0038,Radhika Dugar,accused,45,male,Udupi,True
FIR-2025-BAL-0634,P0002,Udant Dewan,accused,35,male,Ballari,True
FIR-2025-BAL-0634,P0014,Kritika Brar,accused,47,male,Udupi,True
FIR-2025-BAL-0634,V06340,Chatura Shenoy,victim,71,female,Ballari,True
FIR-2025-BAL-0634,V06341,Bina Bhavsar,victim,58,male,Ballari,True
FIR-2025-RAI-0635,P0183,Ryan Bahri,accused,52,male,Chickballapura,True
FIR-2025-RAI-0635,V06350,Guneet Hora,victim,65,female,Raichur,True
FIR-2025-RAI-0635,V06351,Ganga Parikh,victim,28,female,Raichur,True
FIR-2025-CHI-0636,P0088,William Lanka,accused,21,male,Chickballapura,True
FIR-2025-CHI-0636,V06360,Wahab Chaudhry,victim,56,male,Chickballapura,True
FIR-2025-MAN-0637,P0007,Saumya Mall,accused,30,female,Ballari,True
FIR-2025-MAN-0637,V06370,Ekaraj Hari,victim,33,female,Mandya,True
FIR-2025-MAN-0637,V06371,Vedika Seshadri,victim,56,male,Mandya,True
FIR-2024-UDU-0638,P0077,Bhavika Sampath,accused,47,male,Tumakuru,True
FIR-2024-UDU-0638,V06380,Damini Dua,victim,27,male,Udupi,True
FIR-2024-UDU-0638,V06381,Diya Sangha,victim,21,female,Udupi,True
FIR-2024-MAN-0639,P0303,Farhan Raja,accused,36,male,Chickballapura,True
FIR-2024-MAN-0639,V06390,Aayush Munshi,victim,68,male,Mandya,True
FIR-2024-MAN-0639,V06391,Timothy Sarin,victim,51,male,Mandya,True
FIR-2025-KAL-0640,P0002,Udant Dewan,accused,35,male,Ballari,True
FIR-2025-KAL-0640,V06400,Jagvi Desai,victim,47,female,Kalaburagi,True
FIR-2025-DHA-0641,P0314,Anvi Anand,accused,46,male,Kolar,True
FIR-2025-DHA-0641,V06410,Varsha Shere,victim,56,female,Dharwad,True
FIR-2024-VIJ-0642,P0116,Lavanya Barad,accused,27,male,Mandya,True
FIR-2024-VIJ-0642,V06420,Jagrati Mody,victim,28,male,Vijayapur,True
FIR-2025-BEN-0643,P0167,Indira Misra,accused,57,female,Raichur,True
FIR-2025-BEN-0643,V06430,Ikbal Gill,victim,42,female,Bengaluru City,True
FIR-2025-BEN-0643,V06431,Avni Dey,victim,38,female,Bengaluru City,True
FIR-2025-DAK-0644,P0037,Harini Choudhury,accused,25,male,Dakshina Kannada,True
FIR-2025-DAK-0644,V06440,Adya Bose,victim,56,female,Dakshina Kannada,True
FIR-2025-DAK-0644,V06441,Anirudh Tripathi,victim,60,male,Dakshina Kannada,True
FIR-2024-RAI-0645,P0106,Faqid Dixit,accused,26,male,Belagavi,True
FIR-2024-RAI-0645,P0148,Manbir Ahluwalia,accused,53,male,Shivamogga,True
FIR-2024-RAI-0645,V06450,Nidhi Kala,victim,29,male,Raichur,True
FIR-2024-RAI-0645,V06451,Abha Zacharia,victim,65,female,Raichur,True
FIR-2025-BEL-0646,P0045,Wriddhish Bhardwaj,accused,24,male,Kolar,True
FIR-2025-BEL-0646,V06460,Manthan Pau,victim,42,female,Belagavi,True
FIR-2025-BEL-0646,V06461,Udant Mannan,victim,16,female,Belagavi,True
FIR-2025-DAV-0647,P0153,Saanvi Thaman,accused,60,male,Shivamogga,True
FIR-2025-DAV-0647,P0306,Aadhya Andra,accused,53,female,Bagalkot,True
FIR-2025-DAV-0647,V06470,Ucchal Thaker,victim,18,male,Davanagere,True
FIR-2025-DAV-0647,V06471,Mekhala Patla,victim,17,male,Davanagere,True
FIR-2025-DAK-0648,P0025,Diya Rattan,accused,42,male,Raichur,True
FIR-2025-DAK-0648,V06480,William Gandhi,victim,67,female,Dakshina Kannada,True
FIR-2024-UDU-0649,P0030,Priya Rastogi,accused,59,female,Udupi,True
FIR-2024-UDU-0649,V06490,Sanaya Dutta,victim,48,male,Udupi,True
FIR-2025-DAK-0650,P0004,Ayushman Chander,accused,23,female,Mysuru,True
FIR-2025-DAK-0650,P0016,Chakradev Kari,accused,54,male,Tumakuru,True
FIR-2025-DAK-0650,V06500,Madhav Sule,victim,52,female,Dakshina Kannada,True
FIR-2024-BAG-0651,P0039,Aarush Lall,accused,42,female,Kolar,True
FIR-2024-BAG-0651,P0051,Devika Rastogi,accused,21,male,Tumakuru,True
FIR-2024-BAG-0651,V06510,Banjeet Kanda,victim,58,male,Bagalkot,True
FIR-2024-BAG-0651,V06511,Vincent Bhatnagar,victim,33,male,Bagalkot,True
FIR-2025-BEN-0652,P0014,Kritika Brar,accused,47,male,Udupi,True
FIR-2025-BEN-0652,P0002,Udant Dewan,accused,35,male,Ballari,True
FIR-2025-BEN-0652,V06520,Kala Kaur,victim,47,female,Bengaluru City,True
FIR-2025-BEN-0653,P0010,Gayathri Chaudry,accused,35,male,Vijayapur,True
FIR-2025-BEN-0653,V06530,Samuel Vasa,victim,72,female,Bengaluru City,True
FIR-2025-BEN-0653,V06531,Lipika Singh,victim,56,female,Bengaluru City,True
FIR-2024-DAK-0654,P0318,Balveer More,accused,57,female,Tumakuru,True
FIR-2024-DAK-0654,V06540,Chakradhar Baral,victim,26,female,Dakshina Kannada,True
FIR-2025-KOL-0655,P0015,Janaki Handa,accused,23,male,Mandya,True
FIR-2025-KOL-0655,P0027,Simon Tata,accused,32,male,Hassan,True
FIR-2025-KOL-0655,P0063,Irya Sampath,accused,22,male,Ballari,True
FIR-2025-KOL-0655,V06550,Harshil Verma,victim,62,male,Kolar,True
FIR-2024-CHI-0656,P0171,Lopa Nayar,accused,49,male,Davanagere,True
FIR-2024-CHI-0656,V06560,Adya Ghosh,victim,63,female,Chickballapura,True
FIR-2024-CHI-0656,V06561,Kritika Pau,victim,43,female,Chickballapura,True
FIR-2024-DAV-0657,P0040,Yashica Cherian,accused,34,male,Belagavi,True
FIR-2024-DAV-0657,V06570,Zansi Krishnamurthy,victim,43,female,Davanagere,True
FIR-2024-DAV-0657,V06571,Udant Varty,victim,43,female,Davanagere,True
FIR-2025-UDU-0658,P0048,Kabir Soman,accused,51,male,Hassan,True
FIR-2025-UDU-0658,V06580,Ira Pai,victim,44,male,Udupi,True
FIR-2025-DHA-0659,P0295,Bhavna Karan,accused,25,female,Belagavi,True
FIR-2025-DHA-0659,V06590,Vasatika Ahuja,victim,17,male,Dharwad,True
FIR-2025-DHA-0659,V06591,Ria Gandhi,victim,27,female,Dharwad,True
FIR-2024-MAN-0660,P0019,Janya Gaba,accused,42,male,Bagalkot,True
FIR-2024-MAN-0660,P0043,Ekiya Suresh,accused,28,female,Bengaluru City,True
FIR-2024-MAN-0660,V06600,Faraj Varkey,victim,61,female,Mandya,True
FIR-2025-SHI-0661,P0096,Abhiram Mistry,accused,34,female,Kalaburagi,True
FIR-2025-SHI-0661,V06610,Siddharth Doctor,victim,52,female,Shivamogga,True
FIR-2024-HAS-0662,P0006,Rushil Saini,accused,32,male,Raichur,True
FIR-2024-HAS-0662,P0018,Lajita Mall,accused,23,male,Belagavi,True
FIR-2024-HAS-0662,V06620,Nakul Pathak,victim,26,female,Hassan,True
FIR-2024-HAS-0662,V06621,Victor Sachdeva,victim,53,female,Hassan,True
FIR-2024-BEN-0663,P0017,Fariq Kaul,accused,20,male,Shivamogga,True
FIR-2024-BEN-0663,V06630,Ishaan Subramaniam,victim,73,male,Bengaluru City,True
FIR-2025-CHI-0664,P0179,Oviya Krishnan,accused,21,male,Dharwad,True
FIR-2025-CHI-0664,V06640,Varenya Kade,victim,41,male,Chickballapura,True
FIR-2025-CHI-0664,V06641,Nirja Bains,victim,51,female,Chickballapura,True
FIR-2024-BAG-0665,P0240,Bachittar Kata,accused,41,male,Shivamogga,True
FIR-2024-BAG-0665,V06650,Caleb Datta,victim,17,male,Bagalkot,True
FIR-2024-BEL-0666,P0056,Ekavir Bhargava,accused,56,female,Vijayapur,True
FIR-2024-BEL-0666,P0032,Gavin Batta,accused,34,male,Ballari,True
FIR-2024-BEL-0666,V06660,Krish Vala,victim,75,male,Belagavi,True
FIR-2024-BEL-0667,P0034,Devansh Rajan,accused,55,female,Mandya,True
FIR-2024-BEL-0667,V06670,Manan Bhalla,victim,33,male,Belagavi,True
FIR-2024-BEL-0667,V06671,Aarna Gole,victim,75,male,Belagavi,True
FIR-2025-HAS-0668,P0135,Osha Raghavan,accused,20,male,Dharwad,True
FIR-2025-HAS-0668,V06680,Anirudh Mander,victim,52,female,Hassan,True
FIR-2024-HAS-0669,P0046,Farhan Chada,accused,56,male,Kalaburagi,True
FIR-2024-HAS-0669,V06690,Tarak Sen,victim,58,male,Hassan,True
FIR-2024-VIJ-0670,P0228,Dhruv Rattan,accused,19,male,Shivamogga,True
FIR-2024-VIJ-0670,P0099,Baghyawati Kade,accused,47,male,Tumakuru,True
FIR-2024-VIJ-0670,V06700,Vasatika Garde,victim,29,female,Vijayapur,True
FIR-2024-VIJ-0670,V06701,Nirja Dhar,victim,64,female,Vijayapur,True
FIR-2024-KAL-0671,P0308,Riya Pai,accused,54,female,Ballari,True
FIR-2024-KAL-0671,V06710,Yasti Lalla,victim,65,female,Kalaburagi,True
FIR-2024-DAK-0672,P0140,Yasti Solanki,accused,51,male,Mandya,True
FIR-2024-DAK-0672,P0298,Ayush Batra,accused,48,female,Ballari,True
FIR-2024-DAK-0672,V06720,Hema Setty,victim,63,male,Dakshina Kannada,True
FIR-2024-CHI-0673,P0283,Ranbir Khare,accused,20,female,Tumakuru,True
FIR-2024-CHI-0673,P0183,Ryan Bahri,accused,52,male,Chickballapura,True
FIR-2024-CHI-0673,V06730,Victor Radhakrishnan,victim,25,female,Chickballapura,True
FIR-2025-KOL-0674,P0048,Kabir Soman,accused,51,male,Hassan,True
FIR-2025-KOL-0674,P0060,Kevin Solanki,accused,33,male,Tumakuru,True
FIR-2025-KOL-0674,P0024,Daksh Karnik,accused,33,male,Bagalkot,True
FIR-2025-KOL-0674,V06740,Kevin Chopra,victim,28,female,Kolar,True
FIR-2025-KOL-0674,V06741,Samaksh Virk,victim,27,female,Kolar,True
FIR-2025-CHI-0675,P0139,Riya Sathe,accused,20,female,Bengaluru City,True
FIR-2025-CHI-0675,V06750,Mason Char,victim,23,male,Chickballapura,True
FIR-2025-DAV-0676,P0036,Advay Contractor,accused,49,male,Mysuru,True
FIR-2025-DAV-0676,V06760,Vamakshi Barad,victim,41,female,Davanagere,True
FIR-2025-DAV-0676,V06761,Girik Subramaniam,victim,22,male,Davanagere,True
FIR-2025-VIJ-0677,P0135,Osha Raghavan,accused,20,male,Dharwad,True
FIR-2025-VIJ-0677,V06770,Aarav Sankar,victim,62,male,Vijayapur,True
FIR-2025-VIJ-0677,V06771,Kamala Bassi,victim,22,male,Vijayapur,True
FIR-2025-CHI-0678,P0031,Theodore Devi,accused,59,female,Kalaburagi,True
FIR-2025-CHI-0678,P0019,Janya Gaba,accused,42,male,Bagalkot,True
FIR-2025-CHI-0678,V06780,Veer Subramaniam,victim,37,female,Chickballapura,True
FIR-2025-DAK-0679,P0156,Aradhana Verma,accused,30,male,Bengaluru City,True
FIR-2025-DAK-0679,V06790,Inaya Chaudhari,victim,46,male,Dakshina Kannada,True
FIR-2025-DAK-0679,V06791,Krish Kumar,victim,47,male,Dakshina Kannada,True
FIR-2024-MYS-0680,P0236,Aishani Bumb,accused,52,male,Vijayapur,True
FIR-2024-MYS-0680,V06800,Viraj Chacko,victim,64,male,Mysuru,True
FIR-2024-BAG-0681,P0033,Michael Dutta,accused,53,male,Dharwad,True
FIR-2024-BAG-0681,P0057,Ekansh Balay,accused,52,male,Shivamogga,True
FIR-2024-BAG-0681,P0009,Arunima Dugal,accused,28,female,Hassan,True
FIR-2024-BAG-0681,V06810,Nilima Kurian,victim,35,female,Bagalkot,True
FIR-2024-BAG-0681,V06811,Abdul Amble,victim,73,female,Bagalkot,True
FIR-2024-KOL-0682,P0317,Zashil Devan,accused,48,male,Hassan,True
FIR-2024-KOL-0682,V06820,Zinal Amble,victim,31,female,Kolar,True
FIR-2025-BEL-0683,P0314,Anvi Anand,accused,46,male,Kolar,True
FIR-2025-BEL-0683,V06830,Samesh Mutti,victim,32,female,Belagavi,True
FIR-2024-SHI-0684,P0016,Chakradev Kari,accused,54,male,Tumakuru,True
FIR-2024-SHI-0684,V06840,Janaki Chhabra,victim,34,male,Shivamogga,True
FIR-2024-SHI-0684,V06841,Pooja Kulkarni,victim,16,female,Shivamogga,True
FIR-2024-SHI-0685,P0059,Arya Sunder,accused,51,female,Belagavi,True
FIR-2024-SHI-0685,P0011,Lajita Chatterjee,accused,39,male,Tumakuru,True
FIR-2024-SHI-0685,V06850,Pallavi Pau,victim,35,male,Shivamogga,True
FIR-2024-SHI-0685,V06851,Mekhala Jani,victim,43,female,Shivamogga,True
FIR-2024-DAV-0686,P0211,Nidhi Kohli,accused,44,female,Belagavi,True
FIR-2024-DAV-0686,V06860,Vasudha Gola,victim,21,female,Davanagere,True
FIR-2024-TUM-0687,P0224,Harshil Arora,accused,18,male,Tumakuru,True
FIR-2024-TUM-0687,V06870,Veda Kulkarni,victim,41,male,Tumakuru,True
FIR-2024-TUM-0687,V06871,Hemangini Rao,victim,73,female,Tumakuru,True
FIR-2025-SHI-0688,P0257,Ekani Cheema,accused,60,male,Dakshina Kannada,True
FIR-2025-SHI-0688,V06880,Jagat Karpe,victim,59,male,Shivamogga,True
FIR-2024-DHA-0689,P0039,Aarush Lall,accused,42,female,Kolar,True
FIR-2024-DHA-0689,V06890,Neel Chaudhry,victim,50,male,Dharwad,True
FIR-2024-DHA-0689,V06891,Yashoda Rattan,victim,40,female,Dharwad,True
FIR-2025-HAS-0690,P0060,Kevin Solanki,accused,33,male,Tumakuru,True
FIR-2025-HAS-0690,V06900,Charles Dyal,victim,17,male,Hassan,True
FIR-2025-HAS-0690,V06901,Abdul Chand,victim,65,female,Hassan,True
FIR-2024-BAL-0691,P0007,Saumya Mall,accused,30,female,Ballari,True
FIR-2024-BAL-0691,V06910,Urishilla Saran,victim,41,male,Ballari,True
FIR-2025-BAG-0692,P0233,Shravya Savant,accused,47,male,Shivamogga,True
FIR-2025-BAG-0692,V06920,Devansh Lall,victim,54,male,Bagalkot,True
FIR-2025-BAG-0692,V06921,Kamala Buch,victim,68,female,Bagalkot,True
FIR-2024-KOL-0693,P0019,Janya Gaba,accused,42,male,Bagalkot,True
FIR-2024-KOL-0693,V06930,Leena Rattan,victim,24,male,Kolar,True
FIR-2024-KOL-0693,V06931,Dakshesh Gill,victim,73,male,Kolar,True
FIR-2025-SHI-0694,P0161,Vihaan Rajagopal,accused,27,male,Belagavi,True
FIR-2025-SHI-0694,P0073,Niharika Sunder,accused,43,male,Belagavi,True
FIR-2025-SHI-0694,V06940,Reva Anne,victim,54,male,Shivamogga,True
FIR-2024-BAL-0695,P0051,Devika Rastogi,accused,21,male,Tumakuru,True
FIR-2024-BAL-0695,V06950,Zarna Mangal,victim,41,female,Ballari,True
FIR-2024-BAL-0695,V06951,Bahadurjit Uppal,victim,27,male,Ballari,True
FIR-2024-BAG-0696,P0003,Gagan Sami,accused,26,male,Raichur,True
FIR-2024-BAG-0696,P0027,Simon Tata,accused,32,male,Hassan,True
FIR-2024-BAG-0696,V06960,Omkaar Banik,victim,46,female,Bagalkot,True
FIR-2024-BEL-0697,P0051,Devika Rastogi,accused,21,male,Tumakuru,True
FIR-2024-BEL-0697,V06970,William Acharya,victim,45,female,Belagavi,True
FIR-2024-BEN-0698,P0050,Siddharth Zacharia,accused,41,male,Ballari,True
FIR-2024-BEN-0698,P0062,Girindra Chatterjee,accused,32,male,Bengaluru City,True
FIR-2024-BEN-0698,V06980,Gabriel Majumdar,victim,18,female,Bengaluru City,True
FIR-2024-BEN-0698,V06981,Ira Rana,victim,24,female,Bengaluru City,True
FIR-2025-KOL-0699,P0144,Aryan Batra,accused,38,female,Shivamogga,True
FIR-2025-KOL-0699,V06990,Sai Vasa,victim,45,male,Kolar,True
FIR-2025-KOL-0699,V06991,Ekapad Chana,victim,33,female,Kolar,True
FIR-2024-CHI-0700,P0146,Oeshi Hayer,accused,44,female,Dakshina Kannada,True
FIR-2024-CHI-0700,V07000,Ijaya Palan,victim,24,female,Chickballapura,True
FIR-2024-CHI-0700,V07001,Upkaar Hayer,victim,53,female,Chickballapura,True
FIR-2024-BAL-0701,P0287,Balhaar Date,accused,21,male,Kolar,True
FIR-2024-BAL-0701,V07010,Netra Agrawal,victim,65,male,Ballari,True
FIR-2024-TUM-0702,P0132,Charita Tripathi,accused,59,female,Raichur,True
FIR-2024-TUM-0702,P0117,Tristan Iyengar,accused,55,male,Dharwad,True
FIR-2024-TUM-0702,V07020,Parth Ray,victim,22,female,Tumakuru,True
FIR-2024-TUM-0702,V07021,Elijah Thakur,victim,40,male,Tumakuru,True
FIR-2025-DAV-0703,P0029,Liam Koshy,accused,31,male,Vijayapur,True
FIR-2025-DAV-0703,V07030,Harini Dada,victim,68,male,Davanagere,True
FIR-2025-DAV-0703,V07031,Zashil Savant,victim,21,male,Davanagere,True
FIR-2024-KAL-0704,P0099,Baghyawati Kade,accused,47,male,Tumakuru,True
FIR-2024-KAL-0704,V07040,Veda Kohli,victim,27,female,Kalaburagi,True
FIR-2024-KAL-0704,V07041,Tara Sharma,victim,28,male,Kalaburagi,True
FIR-2024-UDU-0705,P0209,Vritti Sem,accused,52,female,Mandya,True
FIR-2024-UDU-0705,V07050,Vasatika Dada,victim,47,male,Udupi,True
FIR-2025-RAI-0706,P0281,Veda Pai,accused,39,female,Chickballapura,True
FIR-2025-RAI-0706,V07060,Ekansh Raja,victim,20,male,Raichur,True
FIR-2025-RAI-0706,V07061,Victor Mutti,victim,34,male,Raichur,True
FIR-2025-BAL-0707,P0088,William Lanka,accused,21,male,Chickballapura,True
FIR-2025-BAL-0707,V07070,Ira Varty,victim,75,female,Ballari,True
FIR-2025-BAL-0707,V07071,Adya Kothari,victim,57,male,Ballari,True
FIR-2024-DHA-0708,P0018,Lajita Mall,accused,23,male,Belagavi,True
FIR-2024-DHA-0708,P0006,Rushil Saini,accused,32,male,Raichur,True
FIR-2024-DHA-0708,P0030,Priya Rastogi,accused,59,female,Udupi,True
FIR-2024-DHA-0708,V07080,Girik Rastogi,victim,20,male,Dharwad,True
FIR-2024-DHA-0708,V07081,Faqid Gokhale,victim,38,male,Dharwad,True
FIR-2025-TUM-0709,P0179,Oviya Krishnan,accused,21,male,Dharwad,True
FIR-2025-TUM-0709,P0201,Yagnesh Shetty,accused,54,male,Bagalkot,True
FIR-2025-TUM-0709,V07090,Dipta Pandya,victim,57,female,Tumakuru,True
FIR-2024-UDU-0710,P0090,Diya Bora,accused,50,male,Dakshina Kannada,True
FIR-2024-UDU-0710,P0104,Adweta Edwin,accused,52,male,Kolar,True
FIR-2024-UDU-0710,V07100,Amruta Goswami,victim,38,male,Udupi,True
FIR-2024-UDU-0710,V07101,Wishi Iyengar,victim,37,female,Udupi,True
FIR-2024-BAL-0711,P0053,Jai Kota,accused,52,male,Kalaburagi,True
FIR-2024-BAL-0711,V07110,Wyatt Lanka,victim,67,male,Ballari,True
FIR-2024-KAL-0712,P0144,Aryan Batra,accused,38,female,Shivamogga,True
FIR-2024-KAL-0712,V07120,Veer Jain,victim,24,female,Kalaburagi,True
FIR-2024-KAL-0712,V07121,Ishani Dugal,victim,46,male,Kalaburagi,True
FIR-2024-RAI-0713,P0225,Upasna Srinivas,accused,33,female,Chickballapura,True
FIR-2024-RAI-0713,V07130,Jagdish Brar,victim,44,female,Raichur,True
FIR-2025-BAL-0714,P0007,Saumya Mall,accused,30,female,Ballari,True
FIR-2025-BAL-0714,V07140,Abeer Basak,victim,33,male,Ballari,True
FIR-2025-BAL-0714,V07141,Kamya Murty,victim,29,male,Ballari,True
FIR-2024-BEL-0715,P0005,Viraj Tiwari,accused,19,male,Vijayapur,True
FIR-2024-BEL-0715,P0053,Jai Kota,accused,52,male,Kalaburagi,True
FIR-2024-BEL-0715,P0017,Fariq Kaul,accused,20,male,Shivamogga,True
FIR-2024-BEL-0715,V07150,Anvi Swaminathan,victim,47,male,Belagavi,True
FIR-2024-UDU-0716,P0008,Nathaniel Sami,accused,46,male,Bengaluru City,True
FIR-2024-UDU-0716,V07160,Yasti Mammen,victim,47,male,Udupi,True
FIR-2024-UDU-0716,V07161,Tristan Dave,victim,71,female,Udupi,True
FIR-2025-MYS-0717,P0146,Oeshi Hayer,accused,44,female,Dakshina Kannada,True
FIR-2025-MYS-0717,V07170,Pallavi Sridhar,victim,18,female,Mysuru,True
FIR-2025-MYS-0717,V07171,Yadavi Palan,victim,75,male,Mysuru,True
FIR-2025-VIJ-0718,P0056,Ekavir Bhargava,accused,56,female,Vijayapur,True
FIR-2025-VIJ-0718,P0008,Nathaniel Sami,accused,46,male,Bengaluru City,True
FIR-2025-VIJ-0718,V07180,Owen Shankar,victim,62,female,Vijayapur,True
FIR-2025-VIJ-0718,V07181,Zarna Sharma,victim,70,female,Vijayapur,True
FIR-2025-KOL-0719,P0060,Kevin Solanki,accused,33,male,Tumakuru,True
FIR-2025-KOL-0719,V07190,Abhiram Arora,victim,24,male,Kolar,True
FIR-2024-BAL-0720,P0005,Viraj Tiwari,accused,19,male,Vijayapur,True
FIR-2024-BAL-0720,P0041,Yashica Issac,accused,52,male,Hassan,True
FIR-2024-BAL-0720,P0017,Fariq Kaul,accused,20,male,Shivamogga,True
FIR-2024-BAL-0720,V07200,Ladli Chaudhuri,victim,35,female,Ballari,True
FIR-2024-BAG-0721,P0062,Girindra Chatterjee,accused,32,male,Bengaluru City,True
FIR-2024-BAG-0721,V07210,Janaki Lad,victim,42,male,Bagalkot,True
FIR-2024-RAI-0722,P0024,Daksh Karnik,accused,33,male,Bagalkot,True
FIR-2024-RAI-0722,V07220,Adya Khalsa,victim,32,female,Raichur,True
FIR-2024-RAI-0722,V07221,Urishilla Oza,victim,24,male,Raichur,True
FIR-2025-MYS-0723,P0024,Daksh Karnik,accused,33,male,Bagalkot,True
FIR-2025-MYS-0723,P0072,Girik Khalsa,accused,21,male,Mysuru,True
FIR-2025-MYS-0723,P0048,Kabir Soman,accused,51,male,Hassan,True
FIR-2025-MYS-0723,V07230,Qarin Tara,victim,51,male,Mysuru,True
FIR-2024-DAV-0724,P0085,Yatin Baral,accused,45,female,Kalaburagi,True
FIR-2024-DAV-0724,P0134,Chakrika Datta,accused,34,male,Davanagere,True
FIR-2024-DAV-0724,V07240,Shivansh Saini,victim,22,male,Davanagere,True
FIR-2024-DAV-0724,V07241,Janya Rattan,victim,48,female,Davanagere,True
FIR-2025-VIJ-0725,P0054,Devansh Nigam,accused,60,female,Raichur,True
FIR-2025-VIJ-0725,V07250,Shravya Gole,victim,25,male,Vijayapur,True
FIR-2025-VIJ-0725,V07251,Veer Chaudhry,victim,36,female,Vijayapur,True
FIR-2025-MAN-0726,P0127,Lekha Gupta,accused,32,male,Bagalkot,True
FIR-2025-MAN-0726,P0084,Wahab Raval,accused,34,female,Shivamogga,True
FIR-2025-MAN-0726,V07260,Warinder Sankaran,victim,75,male,Mandya,True
FIR-2025-MAN-0726,V07261,Rohan Dhingra,victim,74,male,Mandya,True
FIR-2024-KOL-0727,P0234,Pushti Mody,accused,34,male,Belagavi,True
FIR-2024-KOL-0727,P0259,Bhavya Rattan,accused,22,male,Bengaluru City,True
FIR-2024-KOL-0727,V07270,Urvashi Andra,victim,40,male,Kolar,True
FIR-2025-KOL-0728,P0237,Wriddhish Ghose,accused,31,female,Davanagere,True
FIR-2025-KOL-0728,V07280,Oviya Tata,victim,37,male,Kolar,True
FIR-2024-BEL-0729,P0047,Ekapad Walia,accused,41,male,Raichur,True
FIR-2024-BEL-0729,P0035,Upadhriti Wadhwa,accused,32,male,Kolar,True
FIR-2024-BEL-0729,V07290,Zansi Walla,victim,54,male,Belagavi,True
FIR-2024-BEL-0729,V07291,Vidhi Mital,victim,44,female,Belagavi,True
FIR-2025-DHA-0730,P0044,Isaac Patil,accused,34,male,Kolar,True
FIR-2025-DHA-0730,P0056,Ekavir Bhargava,accused,56,female,Vijayapur,True
FIR-2025-DHA-0730,P0020,Isha Kadakia,accused,58,male,Dakshina Kannada,True
FIR-2025-DHA-0730,V07300,Champak Rao,victim,56,male,Dharwad,True
FIR-2025-DHA-0730,V07301,Nihal Bhasin,victim,73,male,Dharwad,True
FIR-2024-DAK-0731,P0189,Keya Ranganathan,accused,23,female,Kalaburagi,True
FIR-2024-DAK-0731,P0081,Vansha Thakkar,accused,49,female,Vijayapur,True
FIR-2024-DAK-0731,V07310,Aachal Soni,victim,17,male,Dakshina Kannada,True
FIR-2024-DAK-0731,V07311,Shivani Natt,victim,20,male,Dakshina Kannada,True
FIR-2024-RAI-0732,P0044,Isaac Patil,accused,34,male,Kolar,True
FIR-2024-RAI-0732,V07320,Jalsa Parsa,victim,53,male,Raichur,True
FIR-2024-RAI-0732,V07321,Hemangini Bahri,victim,62,male,Raichur,True
FIR-2025-DHA-0733,P0184,William Date,accused,32,male,Dharwad,True
FIR-2025-DHA-0733,V07330,Jairaj Panchal,victim,25,male,Dharwad,True
FIR-2025-HAS-0734,P0292,Mitali Buch,accused,19,male,Dakshina Kannada,True
FIR-2025-HAS-0734,P0149,Pavani Kanda,accused,36,male,Dharwad,True
FIR-2025-HAS-0734,V07340,Owen Mane,victim,37,male,Hassan,True
FIR-2025-HAS-0734,V07341,Ekta Uppal,victim,52,female,Hassan,True
FIR-2024-VIJ-0735,P0013,Tripti Yadav,accused,40,male,Mysuru,True
FIR-2024-VIJ-0735,P0037,Harini Choudhury,accused,25,male,Dakshina Kannada,True
FIR-2024-VIJ-0735,V07350,Sanya Brar,victim,47,female,Vijayapur,True
FIR-2024-VIJ-0735,V07351,Bhavini Sheth,victim,30,male,Vijayapur,True
FIR-2025-BEL-0736,P0004,Ayushman Chander,accused,23,female,Mysuru,True
FIR-2025-BEL-0736,V07360,Oliver Nazareth,victim,16,female,Belagavi,True
FIR-2025-VIJ-0737,P0055,Victor Kannan,accused,28,male,Kolar,True
FIR-2025-VIJ-0737,P0043,Ekiya Suresh,accused,28,female,Bengaluru City,True
FIR-2025-VIJ-0737,V07370,Nidhi Bora,victim,74,male,Vijayapur,True
FIR-2025-VIJ-0737,V07371,Neel Oza,victim,61,male,Vijayapur,True
FIR-2025-CHI-0738,P0317,Zashil Devan,accused,48,male,Hassan,True
FIR-2025-CHI-0738,V07380,Dipta Nadig,victim,38,male,Chickballapura,True
FIR-2024-DAK-0739,P0153,Saanvi Thaman,accused,60,male,Shivamogga,True
FIR-2024-DAK-0739,P0250,Rachana Naidu,accused,27,male,Tumakuru,True
FIR-2024-DAK-0739,V07390,Amara Rana,victim,73,male,Dakshina Kannada,True
FIR-2024-DAK-0739,V07391,Sai Patil,victim,43,male,Dakshina Kannada,True
FIR-2024-VIJ-0740,P0002,Udant Dewan,accused,35,male,Ballari,True
FIR-2024-VIJ-0740,P0026,Dominic Kakar,accused,32,male,Mysuru,True
FIR-2024-VIJ-0740,P0062,Girindra Chatterjee,accused,32,male,Bengaluru City,True
FIR-2024-VIJ-0740,V07400,Odika Ganesh,victim,46,male,Vijayapur,True
FIR-2024-VIJ-0740,V07401,Arin Dass,victim,47,male,Vijayapur,True
FIR-2024-KAL-0741,P0295,Bhavna Karan,accused,25,female,Belagavi,True
FIR-2024-KAL-0741,V07410,Zayan Buch,victim,16,female,Kalaburagi,True
FIR-2025-VIJ-0742,P0034,Devansh Rajan,accused,55,female,Mandya,True
FIR-2025-VIJ-0742,P0046,Farhan Chada,accused,56,male,Kalaburagi,True
FIR-2025-VIJ-0742,V07420,Ojas Ranganathan,victim,49,male,Vijayapur,True
FIR-2025-VIJ-0742,V07421,Girish Bhatt,victim,72,female,Vijayapur,True
FIR-2024-CHI-0743,P0115,Amara Dutta,accused,18,male,Tumakuru,True
FIR-2024-CHI-0743,V07430,Chatura Bal,victim,22,male,Chickballapura,True
FIR-2024-CHI-0743,V07431,Fiyaz Chawla,victim,23,female,Chickballapura,True
FIR-2025-HAS-0744,P0023,Anamika Kanda,accused,56,male,Raichur,True
FIR-2025-HAS-0744,V07440,Nachiket Chad,victim,38,female,Hassan,True
FIR-2025-DHA-0745,P0068,Logan Sami,accused,33,female,Dharwad,True
FIR-2025-DHA-0745,V07450,Dayamai Karnik,victim,19,female,Dharwad,True
FIR-2025-DHA-0745,V07451,Bhanumati Savant,victim,32,female,Dharwad,True
FIR-2025-UDU-0746,P0063,Irya Sampath,accused,22,male,Ballari,True
FIR-2025-UDU-0746,P0027,Simon Tata,accused,32,male,Hassan,True
FIR-2025-UDU-0746,V07460,Karan Vyas,victim,42,male,Udupi,True
FIR-2025-UDU-0746,V07461,Ayush Banerjee,victim,52,male,Udupi,True
FIR-2024-MAN-0747,P0027,Simon Tata,accused,32,male,Hassan,True
FIR-2024-MAN-0747,P0063,Irya Sampath,accused,22,male,Ballari,True
FIR-2024-MAN-0747,V07470,Eshana Soni,victim,71,male,Mandya,True
FIR-2024-MAN-0747,V07471,Anita Saxena,victim,34,male,Mandya,True
FIR-2024-RAI-0748,P0241,Barkha Setty,accused,18,male,Davanagere,True
FIR-2024-RAI-0748,V07480,Peter Shan,victim,48,female,Raichur,True
FIR-2024-BEN-0749,P0032,Gavin Batta,accused,34,male,Ballari,True
FIR-2024-BEN-0749,P0056,Ekavir Bhargava,accused,56,female,Vijayapur,True
FIR-2024-BEN-0749,V07490,Dayita Palan,victim,24,female,Bengaluru City,True
FIR-2024-BEN-0749,V07491,Utkarsh Chakraborty,victim,71,male,Bengaluru City,True
FIR-2025-DHA-0750,P0118,Inaya Mody,accused,26,male,Shivamogga,True
FIR-2025-DHA-0750,P0262,Netra Varkey,accused,36,male,Bagalkot,True
FIR-2025-DHA-0750,V07500,Darika Pau,victim,28,female,Dharwad,True
FIR-2025-DHA-0750,V07501,Abha Dugal,victim,66,female,Dharwad,True
FIR-2025-BEN-0751,P0013,Tripti Yadav,accused,40,male,Mysuru,True
FIR-2025-BEN-0751,V07510,Advaith Acharya,victim,40,female,Bengaluru City,True
FIR-2025-BEN-0751,V07511,Hemangini Mangat,victim,43,male,Bengaluru City,True
FIR-2024-CHI-0752,P0068,Logan Sami,accused,33,female,Dharwad,True
FIR-2024-CHI-0752,P0044,Isaac Patil,accused,34,male,Kolar,True
FIR-2024-CHI-0752,P0032,Gavin Batta,accused,34,male,Ballari,True
FIR-2024-CHI-0752,V07520,Abhiram Swamy,victim,44,male,Chickballapura,True
FIR-2024-BAL-0753,P0138,Qushi Nagy,accused,54,male,Davanagere,True
FIR-2024-BAL-0753,V07530,Chandani Andra,victim,22,male,Ballari,True
FIR-2025-BAL-0754,P0238,Naksh Agate,accused,55,male,Belagavi,True
FIR-2025-BAL-0754,V07540,Brinda Kashyap,victim,19,female,Ballari,True
FIR-2025-SHI-0755,P0042,Kashvi Edwin,accused,25,male,Dharwad,True
FIR-2025-SHI-0755,P0006,Rushil Saini,accused,32,male,Raichur,True
FIR-2025-SHI-0755,P0030,Priya Rastogi,accused,59,female,Udupi,True
FIR-2025-SHI-0755,V07550,Kashvi Gulati,victim,64,female,Shivamogga,True
FIR-2025-HAS-0756,P0062,Girindra Chatterjee,accused,32,male,Bengaluru City,True
FIR-2025-HAS-0756,P0002,Udant Dewan,accused,35,male,Ballari,True
FIR-2025-HAS-0756,V07560,Rajeshri Rana,victim,60,male,Hassan,True
FIR-2025-HAS-0756,V07561,Nihal Ramakrishnan,victim,40,male,Hassan,True
FIR-2024-KOL-0757,P0262,Netra Varkey,accused,36,male,Bagalkot,True
FIR-2024-KOL-0757,V07570,Thomas Lall,victim,24,female,Kolar,True
FIR-2024-KOL-0757,V07571,Pahal Khatri,victim,41,male,Kolar,True
FIR-2024-DHA-0758,P0035,Upadhriti Wadhwa,accused,32,male,Kolar,True
FIR-2024-DHA-0758,P0071,Chandresh Zachariah,accused,45,female,Bagalkot,True
FIR-2024-DHA-0758,P0023,Anamika Kanda,accused,56,male,Raichur,True
FIR-2024-DHA-0758,V07580,Bhavani Wali,victim,34,male,Dharwad,True
FIR-2024-CHI-0759,P0022,Nihal Shere,accused,60,male,Tumakuru,True
FIR-2024-CHI-0759,V07590,Nitara Guha,victim,16,female,Chickballapura,True
FIR-2024-CHI-0759,V07591,Qabil Deshpande,victim,42,male,Chickballapura,True
FIR-2025-BEN-0760,P0164,Ojasvi Bhatia,accused,53,male,Belagavi,True
FIR-2025-BEN-0760,V07600,Indrajit Shah,victim,22,male,Bengaluru City,True
FIR-2025-BEN-0760,V07601,Anita Swamy,victim,55,female,Bengaluru City,True
FIR-2024-RAI-0761,P0284,Vivaan Roy,accused,38,male,Hassan,True
FIR-2024-RAI-0761,V07610,Ekani Bahl,victim,53,female,Raichur,True
FIR-2024-RAI-0761,V07611,Chandran Warrior,victim,39,female,Raichur,True
FIR-2025-RAI-0762,P0014,Kritika Brar,accused,47,male,Udupi,True
FIR-2025-RAI-0762,P0038,Radhika Dugar,accused,45,male,Udupi,True
FIR-2025-RAI-0762,V07620,Quincy Chaudry,victim,24,female,Raichur,True
FIR-2025-BEN-0763,P0284,Vivaan Roy,accused,38,male,Hassan,True
FIR-2025-BEN-0763,V07630,Amruta Dass,victim,26,female,Bengaluru City,True
FIR-2024-BAG-0764,P0039,Aarush Lall,accused,42,female,Kolar,True
FIR-2024-BAG-0764,V07640,Abhiram Kaul,victim,51,female,Bagalkot,True
FIR-2025-CHI-0765,P0041,Yashica Issac,accused,52,male,Hassan,True
FIR-2025-CHI-0765,P0017,Fariq Kaul,accused,20,male,Shivamogga,True
FIR-2025-CHI-0765,V07650,Matthew Aurora,victim,61,male,Chickballapura,True
FIR-2025-CHI-0765,V07651,Teerth Oommen,victim,69,female,Chickballapura,True
FIR-2025-BEL-0766,P0004,Ayushman Chander,accused,23,female,Mysuru,True
FIR-2025-BEL-0766,P0040,Yashica Cherian,accused,34,male,Belagavi,True
FIR-2025-BEL-0766,P0052,Raksha Varughese,accused,23,female,Tumakuru,True
FIR-2025-BEL-0766,V07660,Devika Tara,victim,55,male,Belagavi,True
FIR-2025-DAK-0767,P0078,Mohammed Gupta,accused,46,male,Mysuru,True
FIR-2025-DAK-0767,P0153,Saanvi Thaman,accused,60,male,Shivamogga,True
FIR-2025-DAK-0767,V07670,Ubika Balay,victim,22,female,Dakshina Kannada,True
FIR-2025-DAK-0767,V07671,Faris Dhingra,victim,74,female,Dakshina Kannada,True
FIR-2024-DAV-0768,P0169,Vinaya Kanda,accused,46,male,Ballari,True
FIR-2024-DAV-0768,V07680,Amaira Ramanathan,victim,52,male,Davanagere,True
FIR-2025-BAG-0769,P0005,Viraj Tiwari,accused,19,male,Vijayapur,True
FIR-2025-BAG-0769,P0029,Liam Koshy,accused,31,male,Vijayapur,True
FIR-2025-BAG-0769,V07690,Upma Golla,victim,21,female,Bagalkot,True
FIR-2025-MYS-0770,P0312,Lakshmi Parmer,accused,20,male,Kolar,True
FIR-2025-MYS-0770,P0230,Manthan Modi,accused,37,male,Chickballapura,True
FIR-2025-MYS-0770,V07700,Zashil Raj,victim,37,female,Mysuru,True
FIR-2025-MYS-0771,P0182,Banjeet Balasubramanian,accused,37,female,Dharwad,True
FIR-2025-MYS-0771,P0187,Ishwar Gade,accused,47,male,Raichur,True
FIR-2025-MYS-0771,V07710,Jairaj Kothari,victim,33,male,Mysuru,True
FIR-2025-DAK-0772,P0045,Wriddhish Bhardwaj,accused,24,male,Kolar,True
FIR-2025-DAK-0772,P0069,Arya Shere,accused,30,male,Belagavi,True
FIR-2025-DAK-0772,V07720,Saanvi Kota,victim,21,male,Dakshina Kannada,True
FIR-2025-DAK-0772,V07721,Rushil Sharma,victim,74,male,Dakshina Kannada,True
FIR-2024-BEN-0773,P0135,Osha Raghavan,accused,20,male,Dharwad,True
FIR-2024-BEN-0773,V07730,Sathvik Solanki,victim,35,male,Bengaluru City,True
FIR-2024-MYS-0774,P0036,Advay Contractor,accused,49,male,Mysuru,True
FIR-2024-MYS-0774,P0024,Daksh Karnik,accused,33,male,Bagalkot,True
FIR-2024-MYS-0774,P0072,Girik Khalsa,accused,21,male,Mysuru,True
FIR-2024-MYS-0774,V07740,Devika Naidu,victim,72,male,Mysuru,True
FIR-2024-MYS-0774,V07741,Brijesh Verma,victim,27,female,Mysuru,True
FIR-2025-BAG-0775,P0105,Prisha Andra,accused,18,male,Belagavi,True
FIR-2025-BAG-0775,V07750,Zehaan Srivastava,victim,69,male,Bagalkot,True
FIR-2025-BAG-0775,V07751,Rushil Patel,victim,18,female,Bagalkot,True
FIR-2025-SHI-0776,P0012,Hemangini Lalla,accused,42,male,Mandya,True
FIR-2025-SHI-0776,V07760,Tejas Chowdhury,victim,29,female,Shivamogga,True
FIR-2025-SHI-0776,V07761,Radha Nair,victim,32,male,Shivamogga,True
FIR-2024-BAG-0777,P0146,Oeshi Hayer,accused,44,female,Dakshina Kannada,True
FIR-2024-BAG-0777,V07770,Oliver Majumdar,victim,60,male,Bagalkot,True
FIR-2024-BAG-0777,V07771,Meghana Kibe,victim,56,female,Bagalkot,True
FIR-2024-DHA-0778,P0271,Ishaan Shenoy,accused,52,female,Bagalkot,True
FIR-2024-DHA-0778,P0164,Ojasvi Bhatia,accused,53,male,Belagavi,True
FIR-2024-DHA-0778,V07780,Brijesh Soman,victim,26,female,Dharwad,True
FIR-2024-DHA-0778,V07781,Kamya Chakraborty,victim,50,male,Dharwad,True
FIR-2025-BAG-0779,P0236,Aishani Bumb,accused,52,male,Vijayapur,True
FIR-2025-BAG-0779,V07790,Nakul Tata,victim,54,female,Bagalkot,True
FIR-2025-BAG-0779,V07791,Hamsini Bhasin,victim,46,female,Bagalkot,True
FIR-2024-BAL-0780,P0297,Sachi Ganesan,accused,36,male,Dharwad,True
FIR-2024-BAL-0780,V07800,Ishani Dube,victim,26,male,Ballari,True
FIR-2025-KOL-0781,P0193,Kamala Biswas,accused,39,female,Davanagere,True
FIR-2025-KOL-0781,P0158,Faras Mangal,accused,57,male,Bagalkot,True
FIR-2025-KOL-0781,V07810,Jeremiah Sura,victim,21,female,Kolar,True
FIR-2024-DAK-0782,P0040,Yashica Cherian,accused,34,male,Belagavi,True
FIR-2024-DAK-0782,P0052,Raksha Varughese,accused,23,female,Tumakuru,True
FIR-2024-DAK-0782,V07820,Edhitha Palan,victim,62,male,Dakshina Kannada,True
FIR-2025-DAK-0783,P0166,Lajita Sood,accused,60,male,Bagalkot,True
FIR-2025-DAK-0783,V07830,Reyansh Bail,victim,69,female,Dakshina Kannada,True
FIR-2025-DAK-0783,V07831,Ishita Desai,victim,61,male,Dakshina Kannada,True
FIR-2025-KAL-0784,P0228,Dhruv Rattan,accused,19,male,Shivamogga,True
FIR-2025-KAL-0784,V07840,Balveer Sundaram,victim,54,female,Kalaburagi,True
FIR-2025-KAL-0784,V07841,Chaitaly Suri,victim,50,male,Kalaburagi,True
FIR-2025-DAK-0785,P0065,Darsh Rau,accused,22,male,Davanagere,True
FIR-2025-DAK-0785,P0005,Viraj Tiwari,accused,19,male,Vijayapur,True
FIR-2025-DAK-0785,P0017,Fariq Kaul,accused,20,male,Shivamogga,True
FIR-2025-DAK-0785,V07850,Rachit Pall,victim,47,male,Dakshina Kannada,True
FIR-2025-TUM-0786,P0055,Victor Kannan,accused,28,male,Kolar,True
FIR-2025-TUM-0786,P0043,Ekiya Suresh,accused,28,female,Bengaluru City,True
FIR-2025-TUM-0786,P0007,Saumya Mall,accused,30,female,Ballari,True
FIR-2025-TUM-0786,V07860,Upadhriti Maharaj,victim,42,male,Tumakuru,True
FIR-2025-TUM-0786,V07861,Ekapad Wali,victim,26,female,Tumakuru,True
FIR-2024-BAG-0787,P0013,Tripti Yadav,accused,40,male,Mysuru,True
FIR-2024-BAG-0787,V07870,Shivani Merchant,victim,26,female,Bagalkot,True
FIR-2025-CHI-0788,P0039,Aarush Lall,accused,42,female,Kolar,True
FIR-2025-CHI-0788,P0063,Irya Sampath,accused,22,male,Ballari,True
FIR-2025-CHI-0788,V07880,Jeevika Setty,victim,48,female,Chickballapura,True
FIR-2025-CHI-0788,V07881,Yashawini Raghavan,victim,65,female,Chickballapura,True
FIR-2025-RAI-0789,P0020,Isha Kadakia,accused,58,male,Dakshina Kannada,True
FIR-2025-RAI-0789,P0032,Gavin Batta,accused,34,male,Ballari,True
FIR-2025-RAI-0789,P0056,Ekavir Bhargava,accused,56,female,Vijayapur,True
FIR-2025-RAI-0789,V07890,Anirudh Patla,victim,19,female,Raichur,True
FIR-2025-RAI-0789,V07891,Ekani Bhatnagar,victim,34,male,Raichur,True
FIR-2025-MAN-0790,P0033,Michael Dutta,accused,53,male,Dharwad,True
FIR-2025-MAN-0790,P0009,Arunima Dugal,accused,28,female,Hassan,True
FIR-2025-MAN-0790,P0045,Wriddhish Bhardwaj,accused,24,male,Kolar,True
FIR-2025-MAN-0790,V07900,Ranveer Viswanathan,victim,34,female,Mandya,True
FIR-2025-MYS-0791,P0082,Dakshesh Trivedi,accused,43,male,Dakshina Kannada,True
FIR-2025-MYS-0791,P0111,Irya Ray,accused,23,female,Davanagere,True
FIR-2025-MYS-0791,V07910,Mitesh Mandal,victim,43,female,Mysuru,True
FIR-2025-MYS-0791,V07911,Nimrat Nagy,victim,38,female,Mysuru,True
FIR-2025-BAG-0792,P0005,Viraj Tiwari,accused,19,male,Vijayapur,True
FIR-2025-BAG-0792,V07920,Gopal Virk,victim,40,male,Bagalkot,True
FIR-2025-UDU-0793,P0178,Geetika Raghavan,accused,52,female,Dharwad,True
FIR-2025-UDU-0793,V07930,Caleb Dayal,victim,69,female,Udupi,True
FIR-2025-SHI-0794,P0048,Kabir Soman,accused,51,male,Hassan,True
FIR-2025-SHI-0794,P0036,Advay Contractor,accused,49,male,Mysuru,True
FIR-2025-SHI-0794,P0024,Daksh Karnik,accused,33,male,Bagalkot,True
FIR-2025-SHI-0794,V07940,Azad Jaggi,victim,48,male,Shivamogga,True
FIR-2025-SHI-0794,V07941,Vedika Handa,victim,54,female,Shivamogga,True
FIR-2025-SHI-0795,P0003,Gagan Sami,accused,26,male,Raichur,True
FIR-2025-SHI-0795,P0039,Aarush Lall,accused,42,female,Kolar,True
FIR-2025-SHI-0795,V07950,Azad Rama,victim,45,female,Shivamogga,True
FIR-2025-SHI-0795,V07951,Aahana Bawa,victim,22,male,Shivamogga,True
FIR-2024-SHI-0796,P0113,Nitara Bakshi,accused,26,male,Dakshina Kannada,True
FIR-2024-SHI-0796,V07960,Timothy Bobal,victim,75,male,Shivamogga,True
FIR-2024-SHI-0796,V07961,Sathvik Swamy,victim,37,female,Shivamogga,True
FIR-2024-CHI-0797,P0153,Saanvi Thaman,accused,60,male,Shivamogga,True
FIR-2024-CHI-0797,V07970,Upadhriti Bhat,victim,58,male,Chickballapura,True
FIR-2025-SHI-0798,P0004,Ayushman Chander,accused,23,female,Mysuru,True
FIR-2025-SHI-0798,V07980,Ojasvi Pillay,victim,55,female,Shivamogga,True
FIR-2025-BEN-0799,P0315,Watika Mangat,accused,47,male,Kalaburagi,True
FIR-2025-BEN-0799,V07990,Amaira Wadhwa,victim,40,male,Bengaluru City,True
FIR-2025-BEL-0800,P0201,Yagnesh Shetty,accused,54,male,Bagalkot,True
FIR-2025-BEL-0800,V08000,Ekavir Modi,victim,51,female,Belagavi,True
FIR-2025-BEL-0800,V08001,Tarak Venkataraman,victim,38,male,Belagavi,True
FIR-2025-DAV-0801,P0014,Kritika Brar,accused,47,male,Udupi,True
FIR-2025-DAV-0801,V08010,Harrison Kashyap,victim,48,female,Davanagere,True
FIR-2025-DAV-0801,V08011,Ranveer Hans,victim,30,female,Davanagere,True
FIR-2025-DAK-0802,P0081,Vansha Thakkar,accused,49,female,Vijayapur,True
FIR-2025-DAK-0802,V08020,Praneel Sagar,victim,57,male,Dakshina Kannada,True
FIR-2025-DAK-0802,V08021,Ishita Shanker,victim,59,male,Dakshina Kannada,True
FIR-2025-DHA-0803,P0004,Ayushman Chander,accused,23,female,Mysuru,True
FIR-2025-DHA-0803,P0064,Unni Bhagat,accused,22,male,Hassan,True
FIR-2025-DHA-0803,V08030,Hemang Ganesan,victim,17,female,Dharwad,True
FIR-2025-DHA-0803,V08031,Neelima Thaman,victim,55,male,Dharwad,True
FIR-2025-TUM-0804,P0091,Tara Chaudhry,accused,22,male,Ballari,True
FIR-2025-TUM-0804,V08040,Nakul Walla,victim,45,female,Tumakuru,True
FIR-2025-VIJ-0805,P0266,Samar Loke,accused,35,male,Tumakuru,True
FIR-2025-VIJ-0805,V08050,Indira Murty,victim,45,male,Vijayapur,True
FIR-2025-VIJ-0805,V08051,Kamya Sachar,victim,59,female,Vijayapur,True
FIR-2024-TUM-0806,P0252,Ansh Luthra,accused,44,male,Kolar,True
FIR-2024-TUM-0806,V08060,Ekiya Khosla,victim,20,female,Tumakuru,True
FIR-2024-TUM-0806,V08061,Keya Kumar,victim,32,male,Tumakuru,True
FIR-2024-MYS-0807,P0047,Ekapad Walia,accused,41,male,Raichur,True
FIR-2024-MYS-0807,V08070,Sneha Sem,victim,43,male,Mysuru,True
FIR-2024-MYS-0807,V08071,Aadi Banerjee,victim,22,male,Mysuru,True
FIR-2025-BEL-0808,P0044,Isaac Patil,accused,34,male,Kolar,True
FIR-2025-BEL-0808,V08080,Amol Vasa,victim,29,female,Belagavi,True
FIR-2025-BEL-0808,V08081,Chasmum Ahuja,victim,22,female,Belagavi,True
FIR-2024-BAG-0809,P0034,Devansh Rajan,accused,55,female,Mandya,True
FIR-2024-BAG-0809,P0022,Nihal Shere,accused,60,male,Tumakuru,True
FIR-2024-BAG-0809,V08090,Tristan Kala,victim,49,female,Bagalkot,True
FIR-2024-MAN-0810,P0292,Mitali Buch,accused,19,male,Dakshina Kannada,True
FIR-2024-MAN-0810,P0235,Hardik Johal,accused,30,male,Belagavi,True
FIR-2024-MAN-0810,V08100,Anthony Majumdar,victim,46,female,Mandya,True
FIR-2024-MAN-0810,V08101,Girindra Barad,victim,59,female,Mandya,True
FIR-2025-SHI-0811,P0004,Ayushman Chander,accused,23,female,Mysuru,True
FIR-2025-SHI-0811,P0028,Tara Dhar,accused,43,male,Tumakuru,True
FIR-2025-SHI-0811,P0016,Chakradev Kari,accused,54,male,Tumakuru,True
FIR-2025-SHI-0811,V08110,Ishani Dugal,victim,39,female,Shivamogga,True
FIR-2025-SHI-0811,V08111,Alka Peri,victim,46,male,Shivamogga,True
FIR-2025-KOL-0812,P0252,Ansh Luthra,accused,44,male,Kolar,True
FIR-2025-KOL-0812,V08120,Viraj Kunda,victim,71,female,Kolar,True
FIR-2024-TUM-0813,P0120,Mohini Narasimhan,accused,31,male,Belagavi,True
FIR-2024-TUM-0813,V08130,George Ratta,victim,57,male,Tumakuru,True
FIR-2024-MYS-0814,P0068,Logan Sami,accused,33,female,Dharwad,True
FIR-2024-MYS-0814,P0008,Nathaniel Sami,accused,46,male,Bengaluru City,True
FIR-2024-MYS-0814,V08140,Faras Nair,victim,52,male,Mysuru,True
FIR-2024-MYS-0814,V08141,Oscar Sura,victim,31,female,Mysuru,True
FIR-2024-BAG-0815,P0012,Hemangini Lalla,accused,42,male,Mandya,True
FIR-2024-BAG-0815,P0036,Advay Contractor,accused,49,male,Mysuru,True
FIR-2024-BAG-0815,V08150,Charita Barad,victim,19,male,Bagalkot,True
FIR-2024-BAG-0815,V08151,Farhan Bhalla,victim,30,male,Bagalkot,True
FIR-2025-CHI-0816,P0041,Yashica Issac,accused,52,male,Hassan,True
FIR-2025-CHI-0816,V08160,Ijaya Saraf,victim,46,male,Chickballapura,True
FIR-2024-CHI-0817,P0039,Aarush Lall,accused,42,female,Kolar,True
FIR-2024-CHI-0817,P0003,Gagan Sami,accused,26,male,Raichur,True
FIR-2024-CHI-0817,P0051,Devika Rastogi,accused,21,male,Tumakuru,True
FIR-2024-CHI-0817,V08170,Jai Karan,victim,53,female,Chickballapura,True
FIR-2025-DAV-0818,P0068,Logan Sami,accused,33,female,Dharwad,True
FIR-2025-DAV-0818,P0032,Gavin Batta,accused,34,male,Ballari,True
FIR-2025-DAV-0818,P0020,Isha Kadakia,accused,58,male,Dakshina Kannada,True
FIR-2025-DAV-0818,V08180,Lavanya Bhagat,victim,33,female,Davanagere,True
FIR-2025-DAV-0818,V08181,Benjamin Nagar,victim,56,female,Davanagere,True
FIR-2025-KOL-0819,P0009,Arunima Dugal,accused,28,female,Hassan,True
FIR-2025-KOL-0819,P0021,Ekbal Garg,accused,41,male,Vijayapur,True
FIR-2025-KOL-0819,P0057,Ekansh Balay,accused,52,male,Shivamogga,True
FIR-2025-KOL-0819,V08190,Eta Thakkar,victim,56,male,Kolar,True
FIR-2025-KOL-0819,V08191,Michael Bedi,victim,28,male,Kolar,True
FIR-2024-SHI-0820,P0014,Kritika Brar,accused,47,male,Udupi,True
FIR-2024-SHI-0820,P0062,Girindra Chatterjee,accused,32,male,Bengaluru City,True
FIR-2024-SHI-0820,V08200,Sanaya Thaman,victim,36,male,Shivamogga,True
FIR-2024-KOL-0821,P0208,Vrinda Khosla,accused,54,male,Mandya,True
FIR-2024-KOL-0821,V08210,Tristan Sankaran,victim,46,female,Kolar,True
FIR-2024-KOL-0821,V08211,Meera Divan,victim,39,male,Kolar,True
FIR-2024-MAN-0822,P0097,Krish Lalla,accused,60,male,Bagalkot,True
FIR-2024-MAN-0822,V08220,Gayathri Butala,victim,64,female,Mandya,True
FIR-2025-MAN-0823,P0003,Gagan Sami,accused,26,male,Raichur,True
FIR-2025-MAN-0823,V08230,Chandran Rastogi,victim,58,female,Mandya,True
FIR-2025-BEN-0824,P0042,Kashvi Edwin,accused,25,male,Dharwad,True
FIR-2025-BEN-0824,P0018,Lajita Mall,accused,23,male,Belagavi,True
FIR-2025-BEN-0824,V08240,Frederick Rastogi,victim,70,female,Bengaluru City,True
FIR-2025-BEN-0824,V08241,Kalpit Deshmukh,victim,22,male,Bengaluru City,True
FIR-2024-CHI-0825,P0208,Vrinda Khosla,accused,54,male,Mandya,True
FIR-2024-CHI-0825,V08250,Rudra Sura,victim,31,female,Chickballapura,True
FIR-2024-CHI-0825,V08251,Rohan Viswanathan,victim,54,female,Chickballapura,True
FIR-2024-MYS-0826,P0061,Urvashi Ray,accused,39,male,Raichur,True
FIR-2024-MYS-0826,V08260,Xavier Bora,victim,36,female,Mysuru,True
FIR-2025-TUM-0827,P0094,Yash Pingle,accused,44,male,Davanagere,True
FIR-2025-TUM-0827,V08270,Qushi Naik,victim,24,male,Tumakuru,True
FIR-2025-BAG-0828,P0030,Priya Rastogi,accused,59,female,Udupi,True
FIR-2025-BAG-0828,P0042,Kashvi Edwin,accused,25,male,Dharwad,True
FIR-2025-BAG-0828,V08280,Isaiah Sachdev,victim,54,male,Bagalkot,True
FIR-2025-BAG-0828,V08281,Jasmit Pall,victim,24,male,Bagalkot,True
FIR-2024-KOL-0829,P0003,Gagan Sami,accused,26,male,Raichur,True
FIR-2024-KOL-0829,P0063,Irya Sampath,accused,22,male,Ballari,True
FIR-2024-KOL-0829,V08290,Ekani Padmanabhan,victim,66,female,Kolar,True
FIR-2024-KOL-0829,V08291,Dalaja Gara,victim,34,female,Kolar,True
FIR-2025-RAI-0830,P0242,Vivaan Lalla,accused,20,male,Raichur,True
FIR-2025-RAI-0830,P0310,Chasmum Issac,accused,48,female,Udupi,True
FIR-2025-RAI-0830,V08300,Riya Dhingra,victim,55,male,Raichur,True
FIR-2025-RAI-0830,V08301,Chaitanya Kaur,victim,64,male,Raichur,True
FIR-2024-BAG-0831,P0020,Isha Kadakia,accused,58,male,Dakshina Kannada,True
FIR-2024-BAG-0831,P0068,Logan Sami,accused,33,female,Dharwad,True
FIR-2024-BAG-0831,V08310,Kashvi Dugal,victim,45,female,Bagalkot,True
FIR-2024-BAG-0831,V08311,Isaiah Bhagat,victim,72,male,Bagalkot,True
FIR-2025-UDU-0832,P0055,Victor Kannan,accused,28,male,Kolar,True
FIR-2025-UDU-0832,P0067,Ranveer Yadav,accused,52,male,Chickballapura,True
FIR-2025-UDU-0832,V08320,Manbir Mani,victim,50,female,Udupi,True
FIR-2025-UDU-0832,V08321,Hemal Choudhry,victim,57,male,Udupi,True
FIR-2025-KAL-0833,P0040,Yashica Cherian,accused,34,male,Belagavi,True
FIR-2025-KAL-0833,P0016,Chakradev Kari,accused,54,male,Tumakuru,True
FIR-2025-KAL-0833,V08330,Shivani Sinha,victim,20,female,Kalaburagi,True
FIR-2025-KAL-0833,V08331,Garima Kadakia,victim,71,female,Kalaburagi,True
FIR-2025-VIJ-0834,P0316,Indira Kanda,accused,44,male,Tumakuru,True
FIR-2025-VIJ-0834,V08340,Samar Virk,victim,65,female,Vijayapur,True
FIR-2024-BAG-0835,P0004,Ayushman Chander,accused,23,female,Mysuru,True
FIR-2024-BAG-0835,V08350,Vasudha Dhaliwal,victim,40,male,Bagalkot,True
FIR-2025-UDU-0836,P0111,Irya Ray,accused,23,female,Davanagere,True
FIR-2025-UDU-0836,P0118,Inaya Mody,accused,26,male,Shivamogga,True
FIR-2025-UDU-0836,V08360,Krisha Vyas,victim,26,male,Udupi,True
FIR-2024-VIJ-0837,P0062,Girindra Chatterjee,accused,32,male,Bengaluru City,True
FIR-2024-VIJ-0837,P0002,Udant Dewan,accused,35,male,Ballari,True
FIR-2024-VIJ-0837,P0050,Siddharth Zacharia,accused,41,male,Ballari,True
FIR-2024-VIJ-0837,V08370,Aadhya Garde,victim,67,female,Vijayapur,True
FIR-2024-VIJ-0837,V08371,Bhanumati Iyer,victim,41,male,Vijayapur,True
FIR-2025-SHI-0838,P0030,Priya Rastogi,accused,59,female,Udupi,True
FIR-2025-SHI-0838,V08380,Chatresh Shroff,victim,72,female,Shivamogga,True
FIR-2025-SHI-0838,V08381,Ekalinga Rama,victim,17,female,Shivamogga,True
FIR-2024-KOL-0839,P0114,Gaurangi Sabharwal,accused,46,female,Raichur,True
FIR-2024-KOL-0839,V08390,Jagvi Chokshi,victim,39,female,Kolar,True
FIR-2024-KOL-0839,V08391,Brinda Raju,victim,68,male,Kolar,True
FIR-2024-DAK-0840,P0024,Daksh Karnik,accused,33,male,Bagalkot,True
FIR-2024-DAK-0840,V08400,Lajita Trivedi,victim,66,male,Dakshina Kannada,True
FIR-2024-UDU-0841,P0127,Lekha Gupta,accused,32,male,Bagalkot,True
FIR-2024-UDU-0841,P0079,Teerth Bhardwaj,accused,59,male,Tumakuru,True
FIR-2024-UDU-0841,V08410,Diya Sundaram,victim,17,female,Udupi,True
FIR-2024-UDU-0841,V08411,Quincy Issac,victim,18,male,Udupi,True
FIR-2024-RAI-0842,P0077,Bhavika Sampath,accused,47,male,Tumakuru,True
FIR-2024-RAI-0842,P0076,Madhavi Lanka,accused,45,male,Davanagere,True
FIR-2024-RAI-0842,V08420,Anthony Baral,victim,73,male,Raichur,True
FIR-2024-RAI-0842,V08421,Dalaja Nath,victim,21,female,Raichur,True
FIR-2025-DHA-0843,P0040,Yashica Cherian,accused,34,male,Belagavi,True
FIR-2025-DHA-0843,P0016,Chakradev Kari,accused,54,male,Tumakuru,True
FIR-2025-DHA-0843,P0028,Tara Dhar,accused,43,male,Tumakuru,True
FIR-2025-DHA-0843,V08430,Maya Dugar,victim,55,male,Dharwad,True
FIR-2025-DHA-0843,V08431,Idika Pandey,victim,46,female,Dharwad,True
FIR-2025-KAL-0844,P0013,Tripti Yadav,accused,40,male,Mysuru,True
FIR-2025-KAL-0844,P0025,Diya Rattan,accused,42,male,Raichur,True
FIR-2025-KAL-0844,V08440,Chasmum Keer,victim,32,male,Kalaburagi,True
FIR-2024-BAG-0845,P0042,Kashvi Edwin,accused,25,male,Dharwad,True
FIR-2024-BAG-0845,P0066,Ikbal Kothari,accused,60,female,Vijayapur,True
FIR-2024-BAG-0845,V08450,David Kurian,victim,63,female,Bagalkot,True
FIR-2024-DAK-0846,P0051,Devika Rastogi,accused,21,male,Tumakuru,True
FIR-2024-DAK-0846,P0039,Aarush Lall,accused,42,female,Kolar,True
FIR-2024-DAK-0846,P0027,Simon Tata,accused,32,male,Hassan,True
FIR-2024-DAK-0846,V08460,Ayushman Mammen,victim,56,female,Dakshina Kannada,True
FIR-2024-BAG-0847,P0190,Faqid Kibe,accused,47,male,Mysuru,True
FIR-2024-BAG-0847,V08470,Max Om,victim,37,male,Bagalkot,True
FIR-2024-BAG-0847,V08471,Laksh Chahal,victim,32,female,Bagalkot,True
FIR-2025-BEL-0848,P0009,Arunima Dugal,accused,28,female,Hassan,True
FIR-2025-BEL-0848,P0069,Arya Shere,accused,30,male,Belagavi,True
FIR-2025-BEL-0848,V08480,Utkarsh Sahni,victim,22,male,Belagavi,True
FIR-2024-BAG-0849,P0303,Farhan Raja,accused,36,male,Chickballapura,True
FIR-2024-BAG-0849,V08490,Michael Sandhu,victim,41,male,Bagalkot,True
FIR-2025-BAL-0850,P0078,Mohammed Gupta,accused,46,male,Mysuru,True
FIR-2025-BAL-0850,V08500,Forum Sen,victim,67,female,Ballari,True
FIR-2024-KOL-0851,P0157,William Maharaj,accused,20,male,Chickballapura,True
FIR-2024-KOL-0851,V08510,Samuel Devi,victim,69,male,Kolar,True
FIR-2025-DHA-0852,P0038,Radhika Dugar,accused,45,male,Udupi,True
FIR-2025-DHA-0852,V08520,Lakshit More,victim,73,female,Dharwad,True
FIR-2025-DHA-0852,V08521,Qushi Dhillon,victim,45,female,Dharwad,True
FIR-2024-BEN-0853,P0281,Veda Pai,accused,39,female,Chickballapura,True
FIR-2024-BEN-0853,V08530,Eesha Bir,victim,19,female,Bengaluru City,True
FIR-2024-DAK-0854,P0139,Riya Sathe,accused,20,female,Bengaluru City,True
FIR-2024-DAK-0854,V08540,Qarin Nadkarni,victim,31,female,Dakshina Kannada,True
FIR-2024-KAL-0855,P0020,Isha Kadakia,accused,58,male,Dakshina Kannada,True
FIR-2024-KAL-0855,P0044,Isaac Patil,accused,34,male,Kolar,True
FIR-2024-KAL-0855,P0008,Nathaniel Sami,accused,46,male,Bengaluru City,True
FIR-2024-KAL-0855,V08550,Ayushman Nagar,victim,49,female,Kalaburagi,True
FIR-2024-CHI-0856,P0229,Ethan Bera,accused,32,female,Ballari,True
FIR-2024-CHI-0856,V08560,Nisha Mitter,victim,25,male,Chickballapura,True
FIR-2024-CHI-0856,V08561,Anusha Doshi,victim,72,female,Chickballapura,True
FIR-2024-UDU-0857,P0257,Ekani Cheema,accused,60,male,Dakshina Kannada,True
FIR-2024-UDU-0857,V08570,Hredhaan Deep,victim,64,female,Udupi,True
FIR-2024-UDU-0857,V08571,Atharv Loke,victim,30,male,Udupi,True
FIR-2025-CHI-0858,P0014,Kritika Brar,accused,47,male,Udupi,True
FIR-2025-CHI-0858,V08580,Vincent Kashyap,victim,73,female,Chickballapura,True
FIR-2025-CHI-0858,V08581,Jagrati Buch,victim,56,female,Chickballapura,True
FIR-2025-DAV-0859,P0174,Fiyaz Sangha,accused,38,male,Kalaburagi,True
FIR-2025-DAV-0859,V08590,Krish Thakkar,victim,30,female,Davanagere,True
FIR-2025-DAV-0859,V08591,Kashvi Gour,victim,58,female,Davanagere,True
FIR-2025-UDU-0860,P0111,Irya Ray,accused,23,female,Davanagere,True
FIR-2025-UDU-0860,V08600,Vyanjana Som,victim,52,male,Udupi,True
FIR-2024-BAG-0861,P0005,Viraj Tiwari,accused,19,male,Vijayapur,True
FIR-2024-BAG-0861,P0017,Fariq Kaul,accused,20,male,Shivamogga,True
FIR-2024-BAG-0861,P0029,Liam Koshy,accused,31,male,Vijayapur,True
FIR-2024-BAG-0861,V08610,Nihal Hans,victim,17,female,Bagalkot,True
FIR-2024-DHA-0862,P0046,Farhan Chada,accused,56,male,Kalaburagi,True
FIR-2024-DHA-0862,V08620,Bachittar Rege,victim,31,female,Dharwad,True
FIR-2024-DHA-0862,V08621,Anamika Sachar,victim,44,male,Dharwad,True
FIR-2025-DAK-0863,P0188,Hritik Bal,accused,19,female,Bengaluru City,True
FIR-2025-DAK-0863,V08630,Samaksh Jayaraman,victim,70,female,Dakshina Kannada,True
FIR-2024-SHI-0864,P0136,Charvi Ravi,accused,40,male,Dharwad,True
FIR-2024-SHI-0864,V08640,Peter Sarna,victim,56,male,Shivamogga,True
FIR-2024-SHI-0864,V08641,Ekta Shankar,victim,64,female,Shivamogga,True
FIR-2024-HAS-0865,P0300,Kavya Sankar,accused,30,male,Tumakuru,True
FIR-2024-HAS-0865,V08650,Prisha Ravel,victim,28,female,Hassan,True
FIR-2024-UDU-0866,P0052,Raksha Varughese,accused,23,female,Tumakuru,True
FIR-2024-UDU-0866,P0064,Unni Bhagat,accused,22,male,Hassan,True
FIR-2024-UDU-0866,P0028,Tara Dhar,accused,43,male,Tumakuru,True
FIR-2024-UDU-0866,V08660,Lajita Munshi,victim,24,female,Udupi,True
FIR-2024-UDU-0866,V08661,Balvan Verma,victim,22,female,Udupi,True
FIR-2025-TUM-0867,P0231,Yuvraj Dani,accused,53,male,Dharwad,True
FIR-2025-TUM-0867,V08670,Siya Shan,victim,58,female,Tumakuru,True
FIR-2025-BAL-0868,P0057,Ekansh Balay,accused,52,male,Shivamogga,True
FIR-2025-BAL-0868,V08680,Yatan Venkataraman,victim,16,female,Ballari,True
FIR-2025-BAG-0869,P0025,Diya Rattan,accused,42,male,Raichur,True
FIR-2025-BAG-0869,P0061,Urvashi Ray,accused,39,male,Raichur,True
FIR-2025-BAG-0869,P0049,Alka Wable,accused,49,male,Belagavi,True
FIR-2025-BAG-0869,V08690,Balveer Ram,victim,61,female,Bagalkot,True
FIR-2025-BAG-0869,V08691,Ranveer Manne,victim,67,female,Bagalkot,True
FIR-2025-MAN-0870,P0010,Gayathri Chaudry,accused,35,male,Vijayapur,True
FIR-2025-MAN-0870,V08700,Mitali Modi,victim,71,male,Mandya,True
FIR-2025-MAN-0870,V08701,Triya Ganesan,victim,66,male,Mandya,True
FIR-2025-CHI-0871,P0030,Priya Rastogi,accused,59,female,Udupi,True
FIR-2025-CHI-0871,P0054,Devansh Nigam,accused,60,female,Raichur,True
FIR-2025-CHI-0871,V08710,Chaitaly Bhagat,victim,52,male,Chickballapura,True
FIR-2025-CHI-0871,V08711,Ubika Seth,victim,45,female,Chickballapura,True
FIR-2025-DHA-0872,P0003,Gagan Sami,accused,26,male,Raichur,True
FIR-2025-DHA-0872,P0039,Aarush Lall,accused,42,female,Kolar,True
FIR-2025-DHA-0872,V08720,Xiti Chowdhury,victim,71,male,Dharwad,True
FIR-2025-DHA-0872,V08721,Krishna Ramaswamy,victim,20,female,Dharwad,True
FIR-2025-DAV-0873,P0056,Ekavir Bhargava,accused,56,female,Vijayapur,True
FIR-2025-DAV-0873,V08730,Ekiya Seshadri,victim,41,male,Davanagere,True
FIR-2024-RAI-0874,P0019,Janya Gaba,accused,42,male,Bagalkot,True
FIR-2024-RAI-0874,P0007,Saumya Mall,accused,30,female,Ballari,True
FIR-2024-RAI-0874,P0067,Ranveer Yadav,accused,52,male,Chickballapura,True
FIR-2024-RAI-0874,V08740,Praneel Setty,victim,53,male,Raichur,True
FIR-2024-RAI-0874,V08741,Suhani Chana,victim,65,male,Raichur,True
FIR-2024-VIJ-0875,P0236,Aishani Bumb,accused,52,male,Vijayapur,True
FIR-2024-VIJ-0875,P0311,Vasudha Chhabra,accused,60,male,Chickballapura,True
FIR-2024-VIJ-0875,V08750,Ekiya Gade,victim,62,male,Vijayapur,True
FIR-2024-VIJ-0875,V08751,Gavin Comar,victim,37,male,Vijayapur,True
FIR-2024-MAN-0876,P0064,Unni Bhagat,accused,22,male,Hassan,True
FIR-2024-MAN-0876,P0016,Chakradev Kari,accused,54,male,Tumakuru,True
FIR-2024-MAN-0876,P0052,Raksha Varughese,accused,23,female,Tumakuru,True
FIR-2024-MAN-0876,V08760,Janani Chada,victim,57,male,Mandya,True
FIR-2024-MAN-0876,V08761,Yasti Dutta,victim,37,female,Mandya,True
FIR-2025-MYS-0877,P0022,Nihal Shere,accused,60,male,Tumakuru,True
FIR-2025-MYS-0877,V08770,Lajita Bassi,victim,16,female,Mysuru,True
FIR-2024-BEN-0878,P0025,Diya Rattan,accused,42,male,Raichur,True
FIR-2024-BEN-0878,V08780,Gautami Doctor,victim,50,male,Bengaluru City,True
FIR-2025-DAK-0879,P0068,Logan Sami,accused,33,female,Dharwad,True
FIR-2025-DAK-0879,V08790,Maanav Gola,victim,17,male,Dakshina Kannada,True
FIR-2025-DAK-0879,V08791,Oni Morar,victim,75,male,Dakshina Kannada,True
FIR-2024-BEL-0880,P0074,Tanay Rattan,accused,33,male,Vijayapur,True
FIR-2024-BEL-0880,V08800,Sanaya Mani,victim,28,male,Belagavi,True
FIR-2024-BEL-0880,V08801,Jacob Deep,victim,55,female,Belagavi,True
FIR-2025-RAI-0881,P0151,Zaid Dara,accused,46,female,Vijayapur,True
FIR-2025-RAI-0881,P0136,Charvi Ravi,accused,40,male,Dharwad,True
FIR-2025-RAI-0881,V08810,Aarush Kulkarni,victim,25,male,Raichur,True
FIR-2025-RAI-0881,V08811,Tara Tank,victim,68,female,Raichur,True
FIR-2024-MAN-0882,P0224,Harshil Arora,accused,18,male,Tumakuru,True
FIR-2024-MAN-0882,V08820,Abdul Tak,victim,70,male,Mandya,True
FIR-2025-RAI-0883,P0037,Harini Choudhury,accused,25,male,Dakshina Kannada,True
FIR-2025-RAI-0883,P0025,Diya Rattan,accused,42,male,Raichur,True
FIR-2025-RAI-0883,V08830,Teerth Soni,victim,41,female,Raichur,True
FIR-2025-RAI-0883,V08831,Nimrat Sathe,victim,40,male,Raichur,True
FIR-2024-CHI-0884,P0121,Ekaraj Mallick,accused,40,female,Kalaburagi,True
FIR-2024-CHI-0884,V08840,Abeer Konda,victim,65,male,Chickballapura,True
FIR-2024-CHI-0884,V08841,Sarthak Bawa,victim,49,male,Chickballapura,True
FIR-2025-RAI-0885,P0007,Saumya Mall,accused,30,female,Ballari,True
FIR-2025-RAI-0885,P0055,Victor Kannan,accused,28,male,Kolar,True
FIR-2025-RAI-0885,P0031,Theodore Devi,accused,59,female,Kalaburagi,True
FIR-2025-RAI-0885,V08850,Manbir Bhakta,victim,50,male,Raichur,True
FIR-2025-RAI-0885,V08851,Balhaar Dhillon,victim,68,female,Raichur,True
FIR-2025-DAK-0886,P0275,Tanmayi Dhillon,accused,35,male,Dakshina Kannada,True
FIR-2025-DAK-0886,P0317,Zashil Devan,accused,48,male,Hassan,True
FIR-2025-DAK-0886,V08860,Chanchal Narula,victim,73,male,Dakshina Kannada,True
FIR-2024-VIJ-0887,P0006,Rushil Saini,accused,32,male,Raichur,True
FIR-2024-VIJ-0887,P0042,Kashvi Edwin,accused,25,male,Dharwad,True
FIR-2024-VIJ-0887,V08870,Chandran Chopra,victim,73,male,Vijayapur,True
FIR-2025-KAL-0888,P0260,Suhani Chakrabarti,accused,44,female,Chickballapura,True
FIR-2025-KAL-0888,V08880,Pranav Edwin,victim,29,female,Kalaburagi,True
FIR-2025-KAL-0888,V08881,Peter Shah,victim,42,male,Kalaburagi,True
FIR-2025-UDU-0889,P0227,Zayyan Sridhar,accused,59,female,Bagalkot,True
FIR-2025-UDU-0889,V08890,Balendra Chander,victim,56,female,Udupi,True
FIR-2024-BAL-0890,P0021,Ekbal Garg,accused,41,male,Vijayapur,True
FIR-2024-BAL-0890,V08900,Ekantika Pillay,victim,27,female,Ballari,True
FIR-2025-UDU-0891,P0247,Jeet Sidhu,accused,34,female,Belagavi,True
FIR-2025-UDU-0891,V08910,Ekansh Sane,victim,41,male,Udupi,True
FIR-2024-MYS-0892,P0030,Priya Rastogi,accused,59,female,Udupi,True
FIR-2024-MYS-0892,V08920,Brinda Sinha,victim,21,male,Mysuru,True
FIR-2025-VIJ-0893,P0100,Samar Lalla,accused,52,male,Kolar,True
FIR-2025-VIJ-0893,V08930,Jairaj Maharaj,victim,71,female,Vijayapur,True
FIR-2025-VIJ-0893,V08931,Odika Vohra,victim,74,male,Vijayapur,True
FIR-2025-MYS-0894,P0067,Ranveer Yadav,accused,52,male,Chickballapura,True
FIR-2025-MYS-0894,P0031,Theodore Devi,accused,59,female,Kalaburagi,True
FIR-2025-MYS-0894,V08940,Shaurya Bhardwaj,victim,17,female,Mysuru,True
FIR-2025-MYS-0894,V08941,Gagan Sule,victim,20,male,Mysuru,True
FIR-2024-TUM-0895,P0125,Ikbal Saraf,accused,35,male,Belagavi,True
FIR-2024-TUM-0895,P0312,Lakshmi Parmer,accused,20,male,Kolar,True
FIR-2024-TUM-0895,V08950,Prisha Nadig,victim,39,male,Tumakuru,True
FIR-2024-TUM-0895,V08951,Irya Dayal,victim,25,male,Tumakuru,True
FIR-2024-MYS-0896,P0247,Jeet Sidhu,accused,34,female,Belagavi,True
FIR-2024-MYS-0896,V08960,Zinal Tank,victim,52,male,Mysuru,True
FIR-2025-CHI-0897,P0050,Siddharth Zacharia,accused,41,male,Ballari,True
FIR-2025-CHI-0897,V08970,Pranit Kaul,victim,59,female,Chickballapura,True
FIR-2024-MAN-0898,P0059,Arya Sunder,accused,51,female,Belagavi,True
FIR-2024-MAN-0898,V08980,Rishi Agarwal,victim,25,female,Mandya,True
FIR-2024-BEN-0899,P0006,Rushil Saini,accused,32,male,Raichur,True
FIR-2024-BEN-0899,P0054,Devansh Nigam,accused,60,female,Raichur,True
FIR-2024-BEN-0899,V08990,Arjun Shroff,victim,69,female,Bengaluru City,True
FIR-2025-DHA-0900,P0296,Radha Chaudhari,accused,59,male,Chickballapura,True
FIR-2025-DHA-0900,V09000,Sarthak Sachdeva,victim,36,female,Dharwad,True
FIR-2025-DHA-0900,V09001,Chakradev Nath,victim,24,male,Dharwad,True
FIR-2025-MAN-0901,P0048,Kabir Soman,accused,51,male,Hassan,True
FIR-2025-MAN-0901,P0024,Daksh Karnik,accused,33,male,Bagalkot,True
FIR-2025-MAN-0901,P0060,Kevin Solanki,accused,33,male,Tumakuru,True
FIR-2025-MAN-0901,V09010,Simon Apte,victim,50,female,Mandya,True
FIR-2025-DHA-0902,P0091,Tara Chaudhry,accused,22,male,Ballari,True
FIR-2025-DHA-0902,P0172,Noah Sibal,accused,46,male,Shivamogga,True
FIR-2025-DHA-0902,V09020,Baghyawati Kumar,victim,27,female,Dharwad,True
FIR-2025-DHA-0902,V09021,Darika Mital,victim,17,male,Dharwad,True
FIR-2025-DAK-0903,P0097,Krish Lalla,accused,60,male,Bagalkot,True
FIR-2025-DAK-0903,P0176,Abha Raghavan,accused,27,male,Tumakuru,True
FIR-2025-DAK-0903,V09030,Abeer Comar,victim,25,female,Dakshina Kannada,True
FIR-2025-KOL-0904,P0011,Lajita Chatterjee,accused,39,male,Tumakuru,True
FIR-2025-KOL-0904,P0047,Ekapad Walia,accused,41,male,Raichur,True
FIR-2025-KOL-0904,V09040,Harita Randhawa,victim,36,female,Kolar,True
FIR-2024-TUM-0905,P0107,Kala Divan,accused,24,male,Davanagere,True
FIR-2024-TUM-0905,V09050,Parth Hari,victim,37,male,Tumakuru,True
FIR-2024-TUM-0905,V09051,Hamsini Srinivas,victim,34,female,Tumakuru,True
FIR-2025-KAL-0906,P0275,Tanmayi Dhillon,accused,35,male,Dakshina Kannada,True
FIR-2025-KAL-0906,V09060,Balendra Deshpande,victim,60,female,Kalaburagi,True
FIR-2025-KAL-0906,V09061,Nachiket Sharma,victim,60,male,Kalaburagi,True
FIR-2025-KAL-0907,P0018,Lajita Mall,accused,23,male,Belagavi,True
FIR-2025-KAL-0907,P0054,Devansh Nigam,accused,60,female,Raichur,True
FIR-2025-KAL-0907,P0030,Priya Rastogi,accused,59,female,Udupi,True
FIR-2025-KAL-0907,V09070,Turvi Sachdev,victim,53,female,Kalaburagi,True
FIR-2025-DAK-0908,P0293,Lajita Nadig,accused,37,male,Raichur,True
FIR-2025-DAK-0908,V09080,Chandani Mutti,victim,21,female,Dakshina Kannada,True
FIR-2025-DAK-0908,V09081,Sathvik Narula,victim,20,male,Dakshina Kannada,True
FIR-2025-UDU-0909,P0026,Dominic Kakar,accused,32,male,Mysuru,True
FIR-2025-UDU-0909,V09090,Dominic Dixit,victim,61,male,Udupi,True
FIR-2025-UDU-0909,V09091,Azaan Nori,victim,38,female,Udupi,True
FIR-2025-DHA-0910,P0025,Diya Rattan,accused,42,male,Raichur,True
FIR-2025-DHA-0910,P0049,Alka Wable,accused,49,male,Belagavi,True
FIR-2025-DHA-0910,V09100,Noah Ramachandran,victim,73,male,Dharwad,True
FIR-2025-DHA-0910,V09101,Jackson Morar,victim,19,male,Dharwad,True
FIR-2024-BAG-0911,P0192,Idika Walia,accused,31,female,Hassan,True
FIR-2024-BAG-0911,V09110,Azad Magar,victim,58,male,Bagalkot,True
FIR-2024-BAG-0911,V09111,Gabriel Taneja,victim,37,male,Bagalkot,True
FIR-2025-BEN-0912,P0272,Mitesh Tara,accused,23,male,Dharwad,True
FIR-2025-BEN-0912,V09120,Kamya Seth,victim,60,female,Bengaluru City,True
FIR-2024-MAN-0913,P0017,Fariq Kaul,accused,20,male,Shivamogga,True
FIR-2024-MAN-0913,P0065,Darsh Rau,accused,22,male,Davanagere,True
FIR-2024-MAN-0913,P0029,Liam Koshy,accused,31,male,Vijayapur,True
FIR-2024-MAN-0913,V09130,Tarak Vohra,victim,34,female,Mandya,True
FIR-2024-MAN-0913,V09131,Parth Choudhury,victim,21,female,Mandya,True
FIR-2024-KAL-0914,P0101,Zayan Behl,accused,34,male,Mandya,True
FIR-2024-KAL-0914,V09140,Baljiwan Jaggi,victim,71,male,Kalaburagi,True
FIR-2024-TUM-0915,P0132,Charita Tripathi,accused,59,female,Raichur,True
FIR-2024-TUM-0915,V09150,Sachi Toor,victim,55,male,Tumakuru,True
FIR-2025-KAL-0916,P0024,Daksh Karnik,accused,33,male,Bagalkot,True
FIR-2025-KAL-0916,V09160,Vasudha Tella,victim,16,female,Kalaburagi,True
FIR-2024-TUM-0917,P0025,Diya Rattan,accused,42,male,Raichur,True
FIR-2024-TUM-0917,V09170,Ranveer Oak,victim,54,male,Tumakuru,True
FIR-2024-TUM-0917,V09171,Dayita Narang,victim,46,female,Tumakuru,True
FIR-2024-KOL-0918,P0019,Janya Gaba,accused,42,male,Bagalkot,True
FIR-2024-KOL-0918,P0007,Saumya Mall,accused,30,female,Ballari,True
FIR-2024-KOL-0918,V09180,Guneet Varty,victim,28,male,Kolar,True
FIR-2024-SHI-0919,P0028,Tara Dhar,accused,43,male,Tumakuru,True
FIR-2024-SHI-0919,P0016,Chakradev Kari,accused,54,male,Tumakuru,True
FIR-2024-SHI-0919,P0004,Ayushman Chander,accused,23,female,Mysuru,True
FIR-2024-SHI-0919,V09190,Samesh Bansal,victim,34,male,Shivamogga,True
FIR-2024-SHI-0919,V09191,Lila Vig,victim,20,male,Shivamogga,True
FIR-2024-DHA-0920,P0002,Udant Dewan,accused,35,male,Ballari,True
FIR-2024-DHA-0920,V09200,Aayush Mukhopadhyay,victim,36,female,Dharwad,True
FIR-2024-BAG-0921,P0048,Kabir Soman,accused,51,male,Hassan,True
FIR-2024-BAG-0921,P0036,Advay Contractor,accused,49,male,Mysuru,True
FIR-2024-BAG-0921,P0024,Daksh Karnik,accused,33,male,Bagalkot,True
FIR-2024-BAG-0921,V09210,Gagan Nath,victim,53,male,Bagalkot,True
FIR-2025-MAN-0922,P0042,Kashvi Edwin,accused,25,male,Dharwad,True
FIR-2025-MAN-0922,V09220,Chakradhar Chauhan,victim,45,female,Mandya,True
FIR-2025-MAN-0922,V09221,Arin Muni,victim,44,male,Mandya,True
FIR-2025-BEN-0923,P0315,Watika Mangat,accused,47,male,Kalaburagi,True
FIR-2025-BEN-0923,V09230,Ekani Iyer,victim,39,male,Bengaluru City,True
FIR-2025-BEN-0923,V09231,Bhavini Malhotra,victim,43,male,Bengaluru City,True
FIR-2024-UDU-0924,P0051,Devika Rastogi,accused,21,male,Tumakuru,True
FIR-2024-UDU-0924,P0015,Janaki Handa,accused,23,male,Mandya,True
FIR-2024-UDU-0924,P0063,Irya Sampath,accused,22,male,Ballari,True
FIR-2024-UDU-0924,V09240,Ridhi Dalal,victim,54,female,Udupi,True
FIR-2024-UDU-0924,V09241,Manthan Dugar,victim,43,female,Udupi,True
FIR-2024-BEL-0925,P0120,Mohini Narasimhan,accused,31,male,Belagavi,True
FIR-2024-BEL-0925,P0206,Advaith Varughese,accused,30,male,Ballari,True
FIR-2024-BEL-0925,V09250,Ishwar Aurora,victim,67,male,Belagavi,True
FIR-2024-BEL-0925,V09251,Samuel Palla,victim,42,female,Belagavi,True
FIR-2024-DAK-0926,P0125,Ikbal Saraf,accused,35,male,Belagavi,True
FIR-2024-DAK-0926,V09260,Anika Dhaliwal,victim,49,female,Dakshina Kannada,True
FIR-2025-KAL-0927,P0009,Arunima Dugal,accused,28,female,Hassan,True
FIR-2025-KAL-0927,P0033,Michael Dutta,accused,53,male,Dharwad,True
FIR-2025-KAL-0927,P0069,Arya Shere,accused,30,male,Belagavi,True
FIR-2025-KAL-0927,V09270,Yash Garg,victim,60,male,Kalaburagi,True
FIR-2025-KAL-0927,V09271,Deepa Nigam,victim,74,female,Kalaburagi,True
FIR-2024-HAS-0928,P0209,Vritti Sem,accused,52,female,Mandya,True
FIR-2024-HAS-0928,V09280,Chandresh De,victim,61,male,Hassan,True
FIR-2025-CHI-0929,P0050,Siddharth Zacharia,accused,41,male,Ballari,True
FIR-2025-CHI-0929,P0002,Udant Dewan,accused,35,male,Ballari,True
FIR-2025-CHI-0929,P0038,Radhika Dugar,accused,45,male,Udupi,True
FIR-2025-CHI-0929,V09290,Urishilla Bedi,victim,54,female,Chickballapura,True
FIR-2025-CHI-0929,V09291,Leela Bhagat,victim,20,female,Chickballapura,True
FIR-2024-DAV-0930,P0061,Urvashi Ray,accused,39,male,Raichur,True
FIR-2024-DAV-0930,P0025,Diya Rattan,accused,42,male,Raichur,True
FIR-2024-DAV-0930,V09300,Pooja Ramanathan,victim,68,female,Davanagere,True
FIR-2024-DAV-0930,V09301,Sanaya Parekh,victim,51,male,Davanagere,True
FIR-2025-BEL-0931,P0077,Bhavika Sampath,accused,47,male,Tumakuru,True
FIR-2025-BEL-0931,V09310,Gaurangi Hora,victim,66,female,Belagavi,True
FIR-2024-DAV-0932,P0199,Amrita Naidu,accused,19,male,Ballari,True
FIR-2024-DAV-0932,P0192,Idika Walia,accused,31,female,Hassan,True
FIR-2024-DAV-0932,V09320,Udyati Deep,victim,44,female,Davanagere,True
FIR-2024-BAG-0933,P0170,Rajata Sunder,accused,58,male,Kolar,True
FIR-2024-BAG-0933,V09330,Upadhriti Chatterjee,victim,53,male,Bagalkot,True
FIR-2024-BEL-0934,P0048,Kabir Soman,accused,51,male,Hassan,True
FIR-2024-BEL-0934,P0072,Girik Khalsa,accused,21,male,Mysuru,True
FIR-2024-BEL-0934,P0012,Hemangini Lalla,accused,42,male,Mandya,True
FIR-2024-BEL-0934,V09340,Dayita Shroff,victim,57,female,Belagavi,True
FIR-2024-BEL-0934,V09341,Vincent Kapur,victim,41,male,Belagavi,True
FIR-2025-SHI-0935,P0006,Rushil Saini,accused,32,male,Raichur,True
FIR-2025-SHI-0935,P0054,Devansh Nigam,accused,60,female,Raichur,True
FIR-2025-SHI-0935,V09350,Aarna Patla,victim,75,male,Shivamogga,True
FIR-2024-DAK-0936,P0011,Lajita Chatterjee,accused,39,male,Tumakuru,True
FIR-2024-DAK-0936,P0059,Arya Sunder,accused,51,female,Belagavi,True
FIR-2024-DAK-0936,V09360,Qadim Narayanan,victim,50,male,Dakshina Kannada,True
FIR-2024-DAK-0936,V09361,Sudiksha Sura,victim,49,female,Dakshina Kannada,True
FIR-2025-KAL-0937,P0021,Ekbal Garg,accused,41,male,Vijayapur,True
FIR-2025-KAL-0937,V09370,Dhruv Soman,victim,30,male,Kalaburagi,True
FIR-2025-KAL-0937,V09371,Indali Srinivas,victim,19,male,Kalaburagi,True
FIR-2025-MYS-0938,P0295,Bhavna Karan,accused,25,female,Belagavi,True
FIR-2025-MYS-0938,V09380,Onkar Mandal,victim,48,female,Mysuru,True
FIR-2025-UDU-0939,P0064,Unni Bhagat,accused,22,male,Hassan,True
FIR-2025-UDU-0939,V09390,Joshua Trivedi,victim,51,male,Udupi,True
FIR-2025-UDU-0939,V09391,Nidra Chhabra,victim,18,male,Udupi,True
FIR-2025-MAN-0940,P0069,Arya Shere,accused,30,male,Belagavi,True
FIR-2025-MAN-0940,V09400,Ekavir Mittal,victim,29,male,Mandya,True
FIR-2025-MAN-0940,V09401,Nandini Sachdev,victim,50,male,Mandya,True
FIR-2024-MAN-0941,P0043,Ekiya Suresh,accused,28,female,Bengaluru City,True
FIR-2024-MAN-0941,P0055,Victor Kannan,accused,28,male,Kolar,True
FIR-2024-MAN-0941,P0007,Saumya Mall,accused,30,female,Ballari,True
FIR-2024-MAN-0941,V09410,Yagnesh Dutt,victim,44,male,Mandya,True
FIR-2024-MAN-0941,V09411,Leena Bhatti,victim,44,female,Mandya,True
FIR-2024-UDU-0942,P0026,Dominic Kakar,accused,32,male,Mysuru,True
FIR-2024-UDU-0942,P0014,Kritika Brar,accused,47,male,Udupi,True
FIR-2024-UDU-0942,P0038,Radhika Dugar,accused,45,male,Udupi,True
FIR-2024-UDU-0942,V09420,Sathvik Sankar,victim,45,male,Udupi,True
FIR-2024-UDU-0942,V09421,Hema Keer,victim,57,male,Udupi,True
FIR-2024-VIJ-0943,P0233,Shravya Savant,accused,47,male,Shivamogga,True
FIR-2024-VIJ-0943,V09430,Faras Sur,victim,47,female,Vijayapur,True
FIR-2025-SHI-0944,P0261,Zayyan Naik,accused,36,male,Ballari,True
FIR-2025-SHI-0944,V09440,Ubika Nanda,victim,70,male,Shivamogga,True
FIR-2025-UDU-0945,P0028,Tara Dhar,accused,43,male,Tumakuru,True
FIR-2025-UDU-0945,P0040,Yashica Cherian,accused,34,male,Belagavi,True
FIR-2025-UDU-0945,P0004,Ayushman Chander,accused,23,female,Mysuru,True
FIR-2025-UDU-0945,V09450,Sai Goda,victim,42,male,Udupi,True
FIR-2025-UDU-0945,V09451,Nidra Boase,victim,35,male,Udupi,True
FIR-2024-KAL-0946,P0016,Chakradev Kari,accused,54,male,Tumakuru,True
FIR-2024-KAL-0946,V09460,Ladli Narang,victim,72,female,Kalaburagi,True
FIR-2024-BAL-0947,P0035,Upadhriti Wadhwa,accused,32,male,Kolar,True
FIR-2024-BAL-0947,V09470,Darsh Chana,victim,20,male,Ballari,True
FIR-2024-BAL-0947,V09471,Liam Acharya,victim,29,male,Ballari,True
FIR-2025-UDU-0948,P0234,Pushti Mody,accused,34,male,Belagavi,True
FIR-2025-UDU-0948,V09480,Manthan Sethi,victim,52,male,Udupi,True
FIR-2025-SHI-0949,P0004,Ayushman Chander,accused,23,female,Mysuru,True
FIR-2025-SHI-0949,P0028,Tara Dhar,accused,43,male,Tumakuru,True
FIR-2025-SHI-0949,V09490,Madhavi Sekhon,victim,67,male,Shivamogga,True
FIR-2025-SHI-0949,V09491,Samesh Nadig,victim,57,male,Shivamogga,True
FIR-2025-BAL-0950,P0115,Amara Dutta,accused,18,male,Tumakuru,True
FIR-2025-BAL-0950,V09500,Daksha Saran,victim,50,male,Ballari,True
FIR-2025-BAL-0950,V09501,Gaurav Anand,victim,39,female,Ballari,True
FIR-2025-KAL-0951,P0053,Jai Kota,accused,52,male,Kalaburagi,True
FIR-2025-KAL-0951,P0041,Yashica Issac,accused,52,male,Hassan,True
FIR-2025-KAL-0951,P0029,Liam Koshy,accused,31,male,Vijayapur,True
FIR-2025-KAL-0951,V09510,Joshua Menon,victim,25,female,Kalaburagi,True
FIR-2025-KAL-0951,V09511,Kala Bera,victim,59,female,Kalaburagi,True
FIR-2025-TUM-0952,P0282,Krishna Shah,accused,36,female,Raichur,True
FIR-2025-TUM-0952,V09520,Jagrati Choudhary,victim,64,male,Tumakuru,True
FIR-2025-TUM-0952,V09521,Azaan Keer,victim,72,male,Tumakuru,True
FIR-2025-DAK-0953,P0231,Yuvraj Dani,accused,53,male,Dharwad,True
FIR-2025-DAK-0953,V09530,Meera Nadkarni,victim,72,male,Dakshina Kannada,True
FIR-2025-DAK-0953,V09531,Nidra Raj,victim,48,male,Dakshina Kannada,True
FIR-2024-BEN-0954,P0291,Upasna Lanka,accused,46,female,Belagavi,True
FIR-2024-BEN-0954,V09540,Siddharth Ghose,victim,47,male,Bengaluru City,True
FIR-2024-BEN-0954,V09541,Liam Guha,victim,36,female,Bengaluru City,True
FIR-2025-KOL-0955,P0192,Idika Walia,accused,31,female,Hassan,True
FIR-2025-KOL-0955,V09550,Jagvi Sahni,victim,30,female,Kolar,True
FIR-2025-TUM-0956,P0039,Aarush Lall,accused,42,female,Kolar,True
FIR-2025-TUM-0956,P0015,Janaki Handa,accused,23,male,Mandya,True
FIR-2025-TUM-0956,V09560,Bhavya Dass,victim,17,male,Tumakuru,True
FIR-2024-VIJ-0957,P0010,Gayathri Chaudry,accused,35,male,Vijayapur,True
FIR-2024-VIJ-0957,P0058,Ekavir Varkey,accused,43,male,Bagalkot,True
FIR-2024-VIJ-0957,V09570,Advay Bora,victim,58,female,Vijayapur,True
FIR-2024-VIJ-0957,V09571,Maanas Sur,victim,16,female,Vijayapur,True
FIR-2025-MAN-0958,P0134,Chakrika Datta,accused,34,male,Davanagere,True
FIR-2025-MAN-0958,V09580,Laban Chad,victim,18,female,Mandya,True
FIR-2025-MAN-0958,V09581,Ojasvi Shah,victim,36,female,Mandya,True
FIR-2025-RAI-0959,P0294,Balendra Biswas,accused,44,male,Ballari,True
FIR-2025-RAI-0959,V09590,Pranit Sha,victim,40,male,Raichur,True
FIR-2025-TUM-0960,P0132,Charita Tripathi,accused,59,female,Raichur,True
FIR-2025-TUM-0960,P0171,Lopa Nayar,accused,49,male,Davanagere,True
FIR-2025-TUM-0960,V09600,Shivani Rajagopalan,victim,31,female,Tumakuru,True
FIR-2025-TUM-0960,V09601,Upkaar Grewal,victim,18,female,Tumakuru,True
FIR-2025-BAG-0961,P0002,Udant Dewan,accused,35,male,Ballari,True
FIR-2025-BAG-0961,P0062,Girindra Chatterjee,accused,32,male,Bengaluru City,True
FIR-2025-BAG-0961,V09610,Abhimanyu Tara,victim,20,male,Bagalkot,True
FIR-2025-BAG-0961,V09611,Yachana Luthra,victim,45,female,Bagalkot,True
FIR-2024-BEL-0962,P0038,Radhika Dugar,accused,45,male,Udupi,True
FIR-2024-BEL-0962,P0014,Kritika Brar,accused,47,male,Udupi,True
FIR-2024-BEL-0962,V09620,Jeevika Bandi,victim,28,female,Belagavi,True
FIR-2024-BEN-0963,P0204,Simon Pant,accused,37,male,Bengaluru City,True
FIR-2024-BEN-0963,P0119,Udant Bajwa,accused,41,male,Mandya,True
FIR-2024-BEN-0963,V09630,Vasudha Pillay,victim,37,female,Bengaluru City,True
FIR-2025-BEL-0964,P0188,Hritik Bal,accused,19,female,Bengaluru City,True
FIR-2025-BEL-0964,V09640,Vasatika Buch,victim,44,female,Belagavi,True
FIR-2024-KOL-0965,P0054,Devansh Nigam,accused,60,female,Raichur,True
FIR-2024-KOL-0965,P0066,Ikbal Kothari,accused,60,female,Vijayapur,True
FIR-2024-KOL-0965,P0042,Kashvi Edwin,accused,25,male,Dharwad,True
FIR-2024-KOL-0965,V09650,Ati Shroff,victim,20,male,Kolar,True
FIR-2025-BAL-0966,P0012,Hemangini Lalla,accused,42,male,Mandya,True
FIR-2025-BAL-0966,P0060,Kevin Solanki,accused,33,male,Tumakuru,True
FIR-2025-BAL-0966,V09660,Gaurang Korpal,victim,51,female,Ballari,True
FIR-2025-BAL-0966,V09661,Faras Zacharia,victim,46,male,Ballari,True
FIR-2024-RAI-0967,P0168,Oni Yohannan,accused,46,male,Chickballapura,True
FIR-2024-RAI-0967,P0088,William Lanka,accused,21,male,Chickballapura,True
FIR-2024-RAI-0967,V09670,Chatresh Oza,victim,23,female,Raichur,True
FIR-2024-BAL-0968,P0148,Manbir Ahluwalia,accused,53,male,Shivamogga,True
FIR-2024-BAL-0968,V09680,Upasna Setty,victim,22,male,Ballari,True
FIR-2025-RAI-0969,P0248,Neha Magar,accused,22,female,Chickballapura,True
FIR-2025-RAI-0969,P0268,Jairaj Balakrishnan,accused,56,male,Bagalkot,True
FIR-2025-RAI-0969,V09690,Garima Sama,victim,46,male,Raichur,True
FIR-2025-MAN-0970,P0008,Nathaniel Sami,accused,46,male,Bengaluru City,True
FIR-2025-MAN-0970,P0056,Ekavir Bhargava,accused,56,female,Vijayapur,True
FIR-2025-MAN-0970,P0020,Isha Kadakia,accused,58,male,Dakshina Kannada,True
FIR-2025-MAN-0970,V09700,Chaitaly Mann,victim,58,female,Mandya,True
FIR-2024-CHI-0971,P0021,Ekbal Garg,accused,41,male,Vijayapur,True
FIR-2024-CHI-0971,P0057,Ekansh Balay,accused,52,male,Shivamogga,True
FIR-2024-CHI-0971,P0009,Arunima Dugal,accused,28,female,Hassan,True
FIR-2024-CHI-0971,V09710,Balendra Modi,victim,54,male,Chickballapura,True
FIR-2024-CHI-0971,V09711,Darsh Solanki,victim,42,male,Chickballapura,True
FIR-2024-KAL-0972,P0036,Advay Contractor,accused,49,male,Mysuru,True
FIR-2024-KAL-0972,V09720,Charan Manne,victim,35,female,Kalaburagi,True
FIR-2024-KAL-0972,V09721,Bhavini Sundaram,victim,74,female,Kalaburagi,True
FIR-2025-CHI-0973,P0061,Urvashi Ray,accused,39,male,Raichur,True
FIR-2025-CHI-0973,P0025,Diya Rattan,accused,42,male,Raichur,True
FIR-2025-CHI-0973,P0001,Aryan Maharaj,accused,58,male,Bengaluru City,True
FIR-2025-CHI-0973,V09730,Jonathan Tiwari,victim,56,female,Chickballapura,True
FIR-2025-CHI-0973,V09731,Arunima Krishnan,victim,75,female,Chickballapura,True
FIR-2024-HAS-0974,P0306,Aadhya Andra,accused,53,female,Bagalkot,True
FIR-2024-HAS-0974,P0158,Faras Mangal,accused,57,male,Bagalkot,True
FIR-2024-HAS-0974,V09740,Avni Maharaj,victim,33,female,Hassan,True
FIR-2024-HAS-0974,V09741,Akshay Choudhury,victim,54,female,Hassan,True
FIR-2024-SHI-0975,P0173,Avi Ramesh,accused,33,male,Hassan,True
FIR-2024-SHI-0975,V09750,Matthew Sekhon,victim,67,female,Shivamogga,True
FIR-2025-SHI-0976,P0024,Daksh Karnik,accused,33,male,Bagalkot,True
FIR-2025-SHI-0976,V09760,Parth Lal,victim,39,male,Shivamogga,True
FIR-2025-SHI-0976,V09761,Vedhika Golla,victim,41,female,Shivamogga,True
FIR-2025-BAG-0977,P0010,Gayathri Chaudry,accused,35,male,Vijayapur,True
FIR-2025-BAG-0977,P0070,Faqid Savant,accused,60,female,Mandya,True
FIR-2025-BAG-0977,P0058,Ekavir Varkey,accused,43,male,Bagalkot,True
FIR-2025-BAG-0977,V09770,Hemal Chad,victim,20,male,Bagalkot,True
FIR-2025-BAG-0978,P0026,Dominic Kakar,accused,32,male,Mysuru,True
FIR-2025-BAG-0978,P0050,Siddharth Zacharia,accused,41,male,Ballari,True
FIR-2025-BAG-0978,P0002,Udant Dewan,accused,35,male,Ballari,True
FIR-2025-BAG-0978,V09780,Mitesh Tandon,victim,43,female,Bagalkot,True
FIR-2025-BAG-0978,V09781,Leela Khanna,victim,36,male,Bagalkot,True
FIR-2024-MYS-0979,P0014,Kritika Brar,accused,47,male,Udupi,True
FIR-2024-MYS-0979,P0002,Udant Dewan,accused,35,male,Ballari,True
FIR-2024-MYS-0979,V09790,Oliver Kade,victim,29,male,Mysuru,True
FIR-2024-MYS-0979,V09791,Chatura Lalla,victim,73,male,Mysuru,True
FIR-2024-HAS-0980,P0118,Inaya Mody,accused,26,male,Shivamogga,True
FIR-2024-HAS-0980,V09800,Charles Ganesh,victim,69,male,Hassan,True
FIR-2024-HAS-0980,V09801,Mohini Soni,victim,25,male,Hassan,True
FIR-2025-HAS-0981,P0027,Simon Tata,accused,32,male,Hassan,True
FIR-2025-HAS-0981,V09810,Vamakshi Walia,victim,21,female,Hassan,True
FIR-2024-BEL-0982,P0031,Theodore Devi,accused,59,female,Kalaburagi,True
FIR-2024-BEL-0982,V09820,Ladli Ramakrishnan,victim,74,male,Belagavi,True
FIR-2025-SHI-0983,P0243,Pavani Contractor,accused,36,male,Chickballapura,True
FIR-2025-SHI-0983,V09830,Adweta Dhillon,victim,22,male,Shivamogga,True
FIR-2025-BAG-0984,P0244,Manthan Lata,accused,24,male,Shivamogga,True
FIR-2025-BAG-0984,V09840,Advik Mani,victim,50,female,Bagalkot,True
FIR-2025-KOL-0985,P0068,Logan Sami,accused,33,female,Dharwad,True
FIR-2025-KOL-0985,P0056,Ekavir Bhargava,accused,56,female,Vijayapur,True
FIR-2025-KOL-0985,P0020,Isha Kadakia,accused,58,male,Dakshina Kannada,True
FIR-2025-KOL-0985,V09850,Lavanya Mutti,victim,25,male,Kolar,True
FIR-2025-KOL-0985,V09851,Gunbir Wali,victim,54,female,Kolar,True
FIR-2024-VIJ-0986,P0032,Gavin Batta,accused,34,male,Ballari,True
FIR-2024-VIJ-0986,P0056,Ekavir Bhargava,accused,56,female,Vijayapur,True
FIR-2024-VIJ-0986,V09860,Rachana Mahajan,victim,17,male,Vijayapur,True
FIR-2024-VIJ-0986,V09861,Anamika Loke,victim,57,male,Vijayapur,True
FIR-2025-MAN-0987,P0056,Ekavir Bhargava,accused,56,female,Vijayapur,True
FIR-2025-MAN-0987,P0008,Nathaniel Sami,accused,46,male,Bengaluru City,True
FIR-2025-MAN-0987,P0044,Isaac Patil,accused,34,male,Kolar,True
FIR-2025-MAN-0987,V09870,Aadhya Raman,victim,38,male,Mandya,True
FIR-2025-MAN-0987,V09871,Wyatt Hayer,victim,33,female,Mandya,True
FIR-2025-DAK-0988,P0139,Riya Sathe,accused,20,female,Bengaluru City,True
FIR-2025-DAK-0988,V09880,Pranit Munshi,victim,70,male,Dakshina Kannada,True
FIR-2025-MYS-0989,P0012,Hemangini Lalla,accused,42,male,Mandya,True
FIR-2025-MYS-0989,V09890,Abhiram Bir,victim,32,male,Mysuru,True
FIR-2024-DHA-0990,P0030,Priya Rastogi,accused,59,female,Udupi,True
FIR-2024-DHA-0990,P0018,Lajita Mall,accused,23,male,Belagavi,True
FIR-2024-DHA-0990,V09900,Nisha Chaudhari,victim,55,male,Dharwad,True
FIR-2024-CHI-0991,P0003,Gagan Sami,accused,26,male,Raichur,True
FIR-2024-CHI-0991,V09910,Sanaya Panchal,victim,20,male,Chickballapura,True
FIR-2024-RAI-0992,P0198,Veda Shroff,accused,19,male,Vijayapur,True
FIR-2024-RAI-0992,V09920,Bhanumati Krishnamurthy,victim,50,male,Raichur,True
FIR-2024-DAK-0993,P0065,Darsh Rau,accused,22,male,Davanagere,True
FIR-2024-DAK-0993,V09930,Bahadurjit Bajwa,victim,24,male,Dakshina Kannada,True
FIR-2024-DAK-0993,V09931,Dakshesh Kalla,victim,19,female,Dakshina Kannada,True
FIR-2024-MAN-0994,P0023,Anamika Kanda,accused,56,male,Raichur,True
FIR-2024-MAN-0994,P0035,Upadhriti Wadhwa,accused,32,male,Kolar,True
FIR-2024-MAN-0994,V09940,Jagdish Chadha,victim,20,female,Mandya,True
FIR-2024-KOL-0995,P0090,Diya Bora,accused,50,male,Dakshina Kannada,True
FIR-2024-KOL-0995,V09950,Keya Goyal,victim,57,female,Kolar,True
FIR-2024-KOL-0995,V09951,Qarin Kulkarni,victim,66,female,Kolar,True
FIR-2025-DHA-0996,P0017,Fariq Kaul,accused,20,male,Shivamogga,True
FIR-2025-DHA-0996,P0065,Darsh Rau,accused,22,male,Davanagere,True
FIR-2025-DHA-0996,V09960,Unni Borra,victim,69,female,Dharwad,True
FIR-2025-DHA-0996,V09961,Aradhana Sane,victim,23,female,Dharwad,True
FIR-2025-SHI-0997,P0026,Dominic Kakar,accused,32,male,Mysuru,True
FIR-2025-SHI-0997,P0014,Kritika Brar,accused,47,male,Udupi,True
FIR-2025-SHI-0997,P0050,Siddharth Zacharia,accused,41,male,Ballari,True
FIR-2025-SHI-0997,V09970,Aarini Edwin,victim,57,female,Shivamogga,True
FIR-2024-BAG-0998,P0173,Avi Ramesh,accused,33,male,Hassan,True
FIR-2024-BAG-0998,V09980,Aradhana Bhatia,victim,45,male,Bagalkot,True
FIR-2024-BAL-0999,P0038,Radhika Dugar,accused,45,male,Udupi,True
FIR-2024-BAL-0999,P0050,Siddharth Zacharia,accused,41,male,Ballari,True
FIR-2024-BAL-0999,P0062,Girindra Chatterjee,accused,32,male,Bengaluru City,True
FIR-2024-BAL-0999,V09990,Lipika Natarajan,victim,54,female,Ballari,True
FIR-2025-MYS-1000,P0025,Diya Rattan,accused,42,male,Raichur,True
FIR-2025-MYS-1000,V10000,Aarna Lanka,victim,16,male,Mysuru,True
FIR-2024-VIJ-1001,P0045,Wriddhish Bhardwaj,accused,24,male,Kolar,True
FIR-2024-VIJ-1001,P0009,Arunima Dugal,accused,28,female,Hassan,True
FIR-2024-VIJ-1001,P0069,Arya Shere,accused,30,male,Belagavi,True
FIR-2024-VIJ-1001,V10010,Ridhi Boase,victim,64,female,Vijayapur,True
FIR-2024-VIJ-1001,V10011,Sai Ramaswamy,victim,43,male,Vijayapur,True
FIR-2025-KOL-1002,P0286,Libni Doshi,accused,18,female,Dharwad,True
FIR-2025-KOL-1002,V10020,Vyanjana Chopra,victim,62,female,Kolar,True
FIR-2025-KOL-1002,V10021,Raagini Kamdar,victim,25,male,Kolar,True
FIR-2024-UDU-1003,P0006,Rushil Saini,accused,32,male,Raichur,True
FIR-2024-UDU-1003,P0030,Priya Rastogi,accused,59,female,Udupi,True
FIR-2024-UDU-1003,V10030,Riya Lad,victim,52,male,Udupi,True
FIR-2024-UDU-1003,V10031,Bakhshi Bora,victim,42,male,Udupi,True
FIR-2025-DAV-1004,P0021,Ekbal Garg,accused,41,male,Vijayapur,True
FIR-2025-DAV-1004,P0009,Arunima Dugal,accused,28,female,Hassan,True
FIR-2025-DAV-1004,P0033,Michael Dutta,accused,53,male,Dharwad,True
FIR-2025-DAV-1004,V10040,Zashil Sehgal,victim,74,male,Davanagere,True
FIR-2025-DAV-1004,V10041,Widisha Dixit,victim,75,female,Davanagere,True
FIR-2024-MAN-1005,P0104,Adweta Edwin,accused,52,male,Kolar,True
FIR-2024-MAN-1005,V10050,Baljiwan Ramakrishnan,victim,56,female,Mandya,True
FIR-2024-MAN-1005,V10051,Max Narayan,victim,49,male,Mandya,True
FIR-2025-HAS-1006,P0316,Indira Kanda,accused,44,male,Tumakuru,True
FIR-2025-HAS-1006,P0224,Harshil Arora,accused,18,male,Tumakuru,True
FIR-2025-HAS-1006,V10060,Aarush Varma,victim,67,female,Hassan,True
FIR-2025-HAS-1006,V10061,Vanya Sarin,victim,22,male,Hassan,True
FIR-2024-BAL-1007,P0283,Ranbir Khare,accused,20,female,Tumakuru,True
FIR-2024-BAL-1007,V10070,Ekaraj Zachariah,victim,42,female,Ballari,True
FIR-2024-BAL-1007,V10071,Aarush Rajagopalan,victim,42,female,Ballari,True
FIR-2024-BAL-1008,P0009,Arunima Dugal,accused,28,female,Hassan,True
FIR-2024-BAL-1008,P0057,Ekansh Balay,accused,52,male,Shivamogga,True
FIR-2024-BAL-1008,V10080,Jairaj Wason,victim,68,female,Ballari,True
FIR-2024-BAL-1008,V10081,Gauri Mitter,victim,25,female,Ballari,True
FIR-2024-HAS-1009,P0110,Shivansh Krish,accused,49,male,Mysuru,True
FIR-2024-HAS-1009,V10090,Christopher Chana,victim,34,male,Hassan,True
FIR-2025-UDU-1010,P0216,Reyansh Mutti,accused,55,male,Hassan,True
FIR-2025-UDU-1010,P0211,Nidhi Kohli,accused,44,female,Belagavi,True
FIR-2025-UDU-1010,V10100,Harini Buch,victim,47,male,Udupi,True
FIR-2025-UDU-1010,V10101,Bimala Jain,victim,75,male,Udupi,True
FIR-2024-CHI-1011,P0160,Faris Devi,accused,49,female,Ballari,True
FIR-2024-CHI-1011,V10110,Balveer Rajagopalan,victim,58,male,Chickballapura,True
FIR-2024-CHI-1011,V10111,Chandani Ramakrishnan,victim,18,male,Chickballapura,True
FIR-2024-BEL-1012,P0314,Anvi Anand,accused,46,male,Kolar,True
FIR-2024-BEL-1012,V10120,Jagrati Sur,victim,66,male,Belagavi,True
FIR-2025-BEL-1013,P0237,Wriddhish Ghose,accused,31,female,Davanagere,True
FIR-2025-BEL-1013,P0229,Ethan Bera,accused,32,female,Ballari,True
FIR-2025-BEL-1013,V10130,Raksha Gupta,victim,24,male,Belagavi,True
FIR-2025-BEL-1013,V10131,Balendra Hans,victim,45,female,Belagavi,True
FIR-2024-CHI-1014,P0051,Devika Rastogi,accused,21,male,Tumakuru,True
FIR-2024-CHI-1014,P0039,Aarush Lall,accused,42,female,Kolar,True
FIR-2024-CHI-1014,V10140,William Suresh,victim,38,female,Chickballapura,True
FIR-2024-CHI-1014,V10141,Dev Zachariah,victim,34,female,Chickballapura,True
FIR-2024-SHI-1015,P0005,Viraj Tiwari,accused,19,male,Vijayapur,True
FIR-2024-SHI-1015,P0029,Liam Koshy,accused,31,male,Vijayapur,True
FIR-2024-SHI-1015,V10150,Xalak Walla,victim,44,male,Shivamogga,True
FIR-2024-HAS-1016,P0062,Girindra Chatterjee,accused,32,male,Bengaluru City,True
FIR-2024-HAS-1016,P0014,Kritika Brar,accused,47,male,Udupi,True
FIR-2024-HAS-1016,P0038,Radhika Dugar,accused,45,male,Udupi,True
FIR-2024-HAS-1016,V10160,Amol Bansal,victim,39,male,Hassan,True
FIR-2024-MAN-1017,P0050,Siddharth Zacharia,accused,41,male,Ballari,True
FIR-2024-MAN-1017,V10170,Daksh Nazareth,victim,58,female,Mandya,True
FIR-2024-MAN-1017,V10171,Nidra Dani,victim,66,female,Mandya,True
FIR-2025-HAS-1018,P0297,Sachi Ganesan,accused,36,male,Dharwad,True
FIR-2025-HAS-1018,V10180,Tara Yadav,victim,72,female,Hassan,True
FIR-2025-HAS-1018,V10181,Viraj Bora,victim,25,male,Hassan,True
FIR-2025-CHI-1019,P0024,Daksh Karnik,accused,33,male,Bagalkot,True
FIR-2025-CHI-1019,P0048,Kabir Soman,accused,51,male,Hassan,True
FIR-2025-CHI-1019,V10190,Lohit Suresh,victim,67,female,Chickballapura,True
FIR-2025-CHI-1019,V10191,Urishilla Bath,victim,37,male,Chickballapura,True
FIR-2025-KAL-1020,P0189,Keya Ranganathan,accused,23,female,Kalaburagi,True
FIR-2025-KAL-1020,V10200,Kalpit Atwal,victim,72,male,Kalaburagi,True
FIR-2025-KAL-1020,V10201,Chandresh Mohanty,victim,43,male,Kalaburagi,True
FIR-2025-RAI-1021,P0006,Rushil Saini,accused,32,male,Raichur,True
FIR-2025-RAI-1021,P0066,Ikbal Kothari,accused,60,female,Vijayapur,True
FIR-2025-RAI-1021,P0018,Lajita Mall,accused,23,male,Belagavi,True
FIR-2025-RAI-1021,V10210,Tanmayi Garde,victim,69,female,Raichur,True
FIR-2025-RAI-1021,V10211,Hitesh Comar,victim,75,female,Raichur,True
FIR-2025-DAV-1022,P0227,Zayyan Sridhar,accused,59,female,Bagalkot,True
FIR-2025-DAV-1022,V10220,Thomas Bhatnagar,victim,41,female,Davanagere,True
FIR-2025-DAV-1022,V10221,Pooja Nazareth,victim,16,male,Davanagere,True
FIR-2024-UDU-1023,P0219,Harish Hari,accused,54,female,Hassan,True
FIR-2024-UDU-1023,V10230,Ekta Dara,victim,17,female,Udupi,True
FIR-2024-UDU-1023,V10231,Ekanta Kala,victim,65,male,Udupi,True
FIR-2025-RAI-1024,P0282,Krishna Shah,accused,36,female,Raichur,True
FIR-2025-RAI-1024,V10240,Oscar Nayak,victim,27,male,Raichur,True
FIR-2025-RAI-1024,V10241,Jai Mahal,victim,16,female,Raichur,True
FIR-2024-BAL-1025,P0034,Devansh Rajan,accused,55,female,Mandya,True
FIR-2024-BAL-1025,V10250,Ojasvi Ganguly,victim,42,male,Ballari,True
FIR-2024-BAL-1025,V10251,Nitesh Sarna,victim,73,female,Ballari,True
FIR-2024-SHI-1026,P0089,Karan Mital,accused,50,male,Mysuru,True
FIR-2024-SHI-1026,P0113,Nitara Bakshi,accused,26,male,Dakshina Kannada,True
FIR-2024-SHI-1026,V10260,Banjeet Deol,victim,70,male,Shivamogga,True
FIR-2024-DAK-1027,P0016,Chakradev Kari,accused,54,male,Tumakuru,True
FIR-2024-DAK-1027,V10270,Krisha Dugar,victim,48,male,Dakshina Kannada,True
FIR-2024-DAK-1027,V10271,Vidhi Buch,victim,46,female,Dakshina Kannada,True
FIR-2024-TUM-1028,P0292,Mitali Buch,accused,19,male,Dakshina Kannada,True
FIR-2024-TUM-1028,V10280,Abhimanyu Gola,victim,20,male,Tumakuru,True
FIR-2024-RAI-1029,P0004,Ayushman Chander,accused,23,female,Mysuru,True
FIR-2024-RAI-1029,V10290,Bhanumati Saha,victim,22,female,Raichur,True
FIR-2024-RAI-1029,V10291,Jonathan Jhaveri,victim,29,male,Raichur,True
FIR-2025-RAI-1030,P0048,Kabir Soman,accused,51,male,Hassan,True
FIR-2025-RAI-1030,V10300,Anika Virk,victim,44,male,Raichur,True
FIR-2025-MAN-1031,P0141,Frado Mander,accused,45,male,Hassan,True
FIR-2025-MAN-1031,V10310,Nisha Khare,victim,36,female,Mandya,True
FIR-2025-RAI-1032,P0211,Nidhi Kohli,accused,44,female,Belagavi,True
FIR-2025-RAI-1032,V10320,Baljiwan Gole,victim,35,female,Raichur,True
FIR-2024-BEL-1033,P0302,Pranit Garde,accused,50,male,Bengaluru City,True
FIR-2024-BEL-1033,P0139,Riya Sathe,accused,20,female,Bengaluru City,True
FIR-2024-BEL-1033,V10330,Gaurang Mitra,victim,25,female,Belagavi,True
FIR-2024-BEL-1033,V10331,Omya Agrawal,victim,37,female,Belagavi,True
FIR-2025-CHI-1034,P0003,Gagan Sami,accused,26,male,Raichur,True
FIR-2025-CHI-1034,V10340,Rehaan Dalal,victim,27,male,Chickballapura,True
FIR-2025-CHI-1034,V10341,Janaki Zacharia,victim,71,male,Chickballapura,True
FIR-2025-BEL-1035,P0202,Gayathri Balakrishnan,accused,34,male,Dakshina Kannada,True
FIR-2025-BEL-1035,V10350,Ucchal Joshi,victim,27,male,Belagavi,True
FIR-2024-DAV-1036,P0224,Harshil Arora,accused,18,male,Tumakuru,True
FIR-2024-DAV-1036,V10360,Chatresh Hari,victim,74,female,Davanagere,True
FIR-2024-DAV-1036,V10361,Manthan Som,victim,22,female,Davanagere,True
FIR-2024-DHA-1037,P0188,Hritik Bal,accused,19,female,Bengaluru City,True
FIR-2024-DHA-1037,P0097,Krish Lalla,accused,60,male,Bagalkot,True
FIR-2024-DHA-1037,V10370,Patrick Dutta,victim,22,female,Dharwad,True
FIR-2025-MAN-1038,P0021,Ekbal Garg,accused,41,male,Vijayapur,True
FIR-2025-MAN-1038,V10380,Chatura Patla,victim,21,female,Mandya,True
FIR-2024-KAL-1039,P0315,Watika Mangat,accused,47,male,Kalaburagi,True
FIR-2024-KAL-1039,P0206,Advaith Varughese,accused,30,male,Ballari,True
FIR-2024-KAL-1039,V10390,Shaurya Saran,victim,52,male,Kalaburagi,True
FIR-2024-KAL-1039,V10391,Gaurika Setty,victim,47,male,Kalaburagi,True
FIR-2025-VIJ-1040,P0038,Radhika Dugar,accused,45,male,Udupi,True
FIR-2025-VIJ-1040,P0062,Girindra Chatterjee,accused,32,male,Bengaluru City,True
FIR-2025-VIJ-1040,P0026,Dominic Kakar,accused,32,male,Mysuru,True
FIR-2025-VIJ-1040,V10400,Hemang Ben,victim,31,male,Vijayapur,True
FIR-2025-VIJ-1040,V10401,Nakul Balakrishnan,victim,61,female,Vijayapur,True
FIR-2025-CHI-1041,P0111,Irya Ray,accused,23,female,Davanagere,True
FIR-2025-CHI-1041,V10410,Yutika D’Alia,victim,52,male,Chickballapura,True
FIR-2024-KAL-1042,P0159,Anita Nayak,accused,44,male,Udupi,True
FIR-2024-KAL-1042,P0128,Chaitanya Sarin,accused,40,male,Ballari,True
FIR-2024-KAL-1042,V10420,Wahab Saxena,victim,23,male,Kalaburagi,True
FIR-2024-KAL-1042,V10421,Oni Issac,victim,57,male,Kalaburagi,True
FIR-2025-BEN-1043,P0058,Ekavir Varkey,accused,43,male,Bagalkot,True
FIR-2025-BEN-1043,P0034,Devansh Rajan,accused,55,female,Mandya,True
FIR-2025-BEN-1043,V10430,Victor Choudhary,victim,42,female,Bengaluru City,True
FIR-2025-BEN-1043,V10431,Vedant Chaudhari,victim,58,female,Bengaluru City,True
FIR-2025-VIJ-1044,P0025,Diya Rattan,accused,42,male,Raichur,True
FIR-2025-VIJ-1044,V10440,Nitara Iyengar,victim,47,female,Vijayapur,True
FIR-2024-DHA-1045,P0192,Idika Walia,accused,31,female,Hassan,True
FIR-2024-DHA-1045,V10450,Thomas Borah,victim,42,male,Dharwad,True
FIR-2024-SHI-1046,P0211,Nidhi Kohli,accused,44,female,Belagavi,True
FIR-2024-SHI-1046,V10460,Vedhika Bhagat,victim,38,female,Shivamogga,True
FIR-2024-SHI-1046,V10461,Maanav Kalita,victim,57,male,Shivamogga,True
FIR-2024-DAV-1047,P0021,Ekbal Garg,accused,41,male,Vijayapur,True
FIR-2024-DAV-1047,P0009,Arunima Dugal,accused,28,female,Hassan,True
FIR-2024-DAV-1047,V10470,Pranav Ram,victim,57,female,Davanagere,True
FIR-2025-KAL-1048,P0076,Madhavi Lanka,accused,45,male,Davanagere,True
FIR-2025-KAL-1048,V10480,Laban Shankar,victim,71,female,Kalaburagi,True
FIR-2025-KAL-1048,V10481,Jagrati Madan,victim,63,female,Kalaburagi,True
FIR-2024-BEL-1049,P0223,Brinda Date,accused,35,male,Raichur,True
FIR-2024-BEL-1049,V10490,Gautami Datta,victim,56,female,Belagavi,True
FIR-2024-KAL-1050,P0203,Ekta Gopal,accused,56,male,Dakshina Kannada,True
FIR-2024-KAL-1050,V10500,Darpan Mand,victim,16,female,Kalaburagi,True
FIR-2024-KAL-1050,V10501,Indrajit Shroff,victim,28,male,Kalaburagi,True
FIR-2024-DHA-1051,P0109,Janya Baral,accused,31,male,Kolar,True
FIR-2024-DHA-1051,V10510,Omya Garg,victim,22,female,Dharwad,True
FIR-2024-DHA-1051,V10511,Thomas Merchant,victim,46,male,Dharwad,True
FIR-2024-MYS-1052,P0081,Vansha Thakkar,accused,49,female,Vijayapur,True
FIR-2024-MYS-1052,V10520,Onkar Karpe,victim,51,male,Mysuru,True
FIR-2024-MYS-1052,V10521,Nisha Vig,victim,60,male,Mysuru,True
FIR-2024-MYS-1053,P0318,Balveer More,accused,57,female,Tumakuru,True
FIR-2024-MYS-1053,P0247,Jeet Sidhu,accused,34,female,Belagavi,True
FIR-2024-MYS-1053,V10530,Tarak Solanki,victim,61,male,Mysuru,True
FIR-2024-MYS-1053,V10531,Arya Atwal,victim,30,male,Mysuru,True
FIR-2025-DAV-1054,P0016,Chakradev Kari,accused,54,male,Tumakuru,True
FIR-2025-DAV-1054,P0028,Tara Dhar,accused,43,male,Tumakuru,True
FIR-2025-DAV-1054,P0004,Ayushman Chander,accused,23,female,Mysuru,True
FIR-2025-DAV-1054,V10540,Yatin Kota,victim,75,male,Davanagere,True
FIR-2025-DAV-1054,V10541,Radha Kapadia,victim,55,male,Davanagere,True
FIR-2024-DAV-1055,P0182,Banjeet Balasubramanian,accused,37,female,Dharwad,True
FIR-2024-DAV-1055,V10550,Abdul Sahni,victim,68,male,Davanagere,True
FIR-2024-DAV-1055,V10551,Banjeet Singhal,victim,66,female,Davanagere,True
FIR-2024-BAL-1056,P0194,Advik Salvi,accused,44,male,Tumakuru,True
FIR-2024-BAL-1056,V10560,Pavani Wali,victim,17,male,Ballari,True
FIR-2024-DAK-1057,P0232,Upkaar Virk,accused,53,male,Mandya,True
FIR-2024-DAK-1057,P0148,Manbir Ahluwalia,accused,53,male,Shivamogga,True
FIR-2024-DAK-1057,V10570,Varenya Chaudhari,victim,19,female,Dakshina Kannada,True
FIR-2024-DAK-1057,V10571,Warhi Khosla,victim,30,male,Dakshina Kannada,True
FIR-2024-VIJ-1058,P0236,Aishani Bumb,accused,52,male,Vijayapur,True
FIR-2024-VIJ-1058,V10580,Advik Ray,victim,69,male,Vijayapur,True
FIR-2025-BEN-1059,P0159,Anita Nayak,accused,44,male,Udupi,True
FIR-2025-BEN-1059,V10590,Kevin Parmer,victim,21,male,Bengaluru City,True
FIR-2025-BAL-1060,P0262,Netra Varkey,accused,36,male,Bagalkot,True
FIR-2025-BAL-1060,P0225,Upasna Srinivas,accused,33,female,Chickballapura,True
FIR-2025-BAL-1060,V10600,William Chana,victim,44,female,Ballari,True
FIR-2025-DAV-1061,P0026,Dominic Kakar,accused,32,male,Mysuru,True
FIR-2025-DAV-1061,P0002,Udant Dewan,accused,35,male,Ballari,True
FIR-2025-DAV-1061,P0062,Girindra Chatterjee,accused,32,male,Bengaluru City,True
FIR-2025-DAV-1061,V10610,Varsha Mody,victim,73,male,Davanagere,True
FIR-2024-RAI-1062,P0106,Faqid Dixit,accused,26,male,Belagavi,True
FIR-2024-RAI-1062,V10620,Tripti Bajwa,victim,19,male,Raichur,True
FIR-2024-KAL-1063,P0248,Neha Magar,accused,22,female,Chickballapura,True
FIR-2024-KAL-1063,V10630,Ubika Devi,victim,31,male,Kalaburagi,True
FIR-2024-RAI-1064,P0055,Victor Kannan,accused,28,male,Kolar,True
FIR-2024-RAI-1064,V10640,Qasim Prabhakar,victim,24,male,Raichur,True
FIR-2025-BAG-1065,P0186,Aahana Pillay,accused,39,female,Dakshina Kannada,True
FIR-2025-BAG-1065,V10650,Aarav Bobal,victim,59,female,Bagalkot,True
FIR-2024-MYS-1066,P0250,Rachana Naidu,accused,27,male,Tumakuru,True
FIR-2024-MYS-1066,V10660,Gaurangi Wali,victim,36,male,Mysuru,True
FIR-2025-BEL-1067,P0140,Yasti Solanki,accused,51,male,Mandya,True
FIR-2025-BEL-1067,P0235,Hardik Johal,accused,30,male,Belagavi,True
FIR-2025-BEL-1067,V10670,Chaman Sandhu,victim,62,male,Belagavi,True
FIR-2024-BEL-1068,P0021,Ekbal Garg,accused,41,male,Vijayapur,True
FIR-2024-BEL-1068,P0069,Arya Shere,accused,30,male,Belagavi,True
FIR-2024-BEL-1068,V10680,Sarthak Buch,victim,34,female,Belagavi,True
FIR-2024-BEL-1068,V10681,Christopher Varma,victim,49,male,Belagavi,True
FIR-2025-MYS-1069,P0068,Logan Sami,accused,33,female,Dharwad,True
FIR-2025-MYS-1069,P0056,Ekavir Bhargava,accused,56,female,Vijayapur,True
FIR-2025-MYS-1069,V10690,Charan Choudhry,victim,16,female,Mysuru,True
FIR-2025-HAS-1070,P0036,Advay Contractor,accused,49,male,Mysuru,True
FIR-2025-HAS-1070,P0072,Girik Khalsa,accused,21,male,Mysuru,True
FIR-2025-HAS-1070,P0012,Hemangini Lalla,accused,42,male,Mandya,True
FIR-2025-HAS-1070,V10700,Jasmit Shroff,victim,42,male,Hassan,True
FIR-2025-BAL-1071,P0047,Ekapad Walia,accused,41,male,Raichur,True
FIR-2025-BAL-1071,V10710,Jasmit Peri,victim,62,male,Ballari,True
FIR-2025-BAL-1071,V10711,Ekalinga Jayaraman,victim,51,male,Ballari,True
FIR-2024-DHA-1072,P0125,Ikbal Saraf,accused,35,male,Belagavi,True
FIR-2024-DHA-1072,V10720,Gaurika Khare,victim,65,male,Dharwad,True
FIR-2024-MYS-1073,P0236,Aishani Bumb,accused,52,male,Vijayapur,True
FIR-2024-MYS-1073,P0215,Zayan Kashyap,accused,48,female,Dharwad,True
FIR-2024-MYS-1073,V10730,Vanya Kadakia,victim,32,female,Mysuru,True
FIR-2024-BAL-1074,P0165,Osha Ramachandran,accused,47,male,Bagalkot,True
FIR-2024-BAL-1074,V10740,Ekani Pandit,victim,62,male,Ballari,True
FIR-2024-BAL-1074,V10741,Yahvi Sampath,victim,49,female,Ballari,True
FIR-2024-DAK-1075,P0048,Kabir Soman,accused,51,male,Hassan,True
FIR-2024-DAK-1075,V10750,Chatura Bhatnagar,victim,29,male,Dakshina Kannada,True
FIR-2024-DAK-1075,V10751,Hemani Sethi,victim,35,female,Dakshina Kannada,True
FIR-2025-SHI-1076,P0196,Tripti Dua,accused,21,male,Ballari,True
FIR-2025-SHI-1076,V10760,Yachana Vyas,victim,27,female,Shivamogga,True
FIR-2025-MAN-1077,P0038,Radhika Dugar,accused,45,male,Udupi,True
FIR-2025-MAN-1077,V10770,Upma Wali,victim,58,male,Mandya,True
FIR-2025-SHI-1078,P0071,Chandresh Zachariah,accused,45,female,Bagalkot,True
FIR-2025-SHI-1078,V10780,Siya Pillai,victim,65,male,Shivamogga,True
FIR-2025-DAV-1079,P0060,Kevin Solanki,accused,33,male,Tumakuru,True
FIR-2025-DAV-1079,V10790,Raghav Shankar,victim,59,female,Davanagere,True
FIR-2024-MYS-1080,P0305,Triya Kumar,accused,48,male,Hassan,True
FIR-2024-MYS-1080,V10800,Faris Raman,victim,69,female,Mysuru,True
FIR-2024-BAL-1081,P0013,Tripti Yadav,accused,40,male,Mysuru,True
FIR-2024-BAL-1081,P0001,Aryan Maharaj,accused,58,male,Bengaluru City,True
FIR-2024-BAL-1081,P0061,Urvashi Ray,accused,39,male,Raichur,True
FIR-2024-BAL-1081,V10810,Bhavya Bose,victim,31,male,Ballari,True
FIR-2025-VIJ-1082,P0320,Gautam Merchant,accused,58,female,Raichur,True
FIR-2025-VIJ-1082,P0177,Siddharth Sha,accused,44,female,Hassan,True
FIR-2025-VIJ-1082,V10820,Nitesh Majumdar,victim,62,male,Vijayapur,True
FIR-2024-UDU-1083,P0248,Neha Magar,accused,22,female,Chickballapura,True
FIR-2024-UDU-1083,V10830,Manbir Taneja,victim,16,male,Udupi,True
FIR-2024-RAI-1084,P0282,Krishna Shah,accused,36,female,Raichur,True
FIR-2024-RAI-1084,V10840,Samarth Verma,victim,37,female,Raichur,True
FIR-2024-RAI-1084,V10841,Chaaya Saha,victim,56,female,Raichur,True
FIR-2024-BEL-1085,P0157,William Maharaj,accused,20,male,Chickballapura,True
FIR-2024-BEL-1085,V10850,Urvi Palan,victim,24,male,Belagavi,True
FIR-2024-BEL-1085,V10851,Sachi Bail,victim,20,female,Belagavi,True
FIR-2025-SHI-1086,P0030,Priya Rastogi,accused,59,female,Udupi,True
FIR-2025-SHI-1086,P0006,Rushil Saini,accused,32,male,Raichur,True
FIR-2025-SHI-1086,P0018,Lajita Mall,accused,23,male,Belagavi,True
FIR-2025-SHI-1086,V10860,Ranbir Bhatnagar,victim,28,male,Shivamogga,True
FIR-2025-SHI-1086,V10861,Vincent Venkatesh,victim,68,male,Shivamogga,True
FIR-2024-TUM-1087,P0044,Isaac Patil,accused,34,male,Kolar,True
FIR-2024-TUM-1087,P0008,Nathaniel Sami,accused,46,male,Bengaluru City,True
FIR-2024-TUM-1087,P0032,Gavin Batta,accused,34,male,Ballari,True
FIR-2024-TUM-1087,V10870,Nisha Oza,victim,49,female,Tumakuru,True
FIR-2025-BEN-1088,P0055,Victor Kannan,accused,28,male,Kolar,True
FIR-2025-BEN-1088,V10880,Vedika Wagle,victim,49,male,Bengaluru City,True
FIR-2024-BEN-1089,P0075,Nitesh Raghavan,accused,52,female,Kalaburagi,True
FIR-2024-BEN-1089,V10890,Tanvi Modi,victim,41,male,Bengaluru City,True
FIR-2024-BEN-1089,V10891,Damini Garg,victim,68,male,Bengaluru City,True
FIR-2024-BAG-1090,P0028,Tara Dhar,accused,43,male,Tumakuru,True
FIR-2024-BAG-1090,V10900,Utkarsh Sule,victim,32,female,Bagalkot,True
FIR-2025-RAI-1091,P0063,Irya Sampath,accused,22,male,Ballari,True
FIR-2025-RAI-1091,V10910,Bhavya Batta,victim,64,male,Raichur,True
FIR-2025-RAI-1091,V10911,Ira Mane,victim,55,male,Raichur,True
FIR-2024-BAL-1092,P0215,Zayan Kashyap,accused,48,female,Dharwad,True
FIR-2024-BAL-1092,V10920,Ojas Dyal,victim,37,female,Ballari,True
FIR-2025-RAI-1093,P0030,Priya Rastogi,accused,59,female,Udupi,True
FIR-2025-RAI-1093,P0006,Rushil Saini,accused,32,male,Raichur,True
FIR-2025-RAI-1093,V10930,Qabil Gill,victim,58,female,Raichur,True
FIR-2025-BEN-1094,P0220,Utkarsh Patel,accused,19,female,Hassan,True
FIR-2025-BEN-1094,V10940,Neel Khanna,victim,75,male,Bengaluru City,True
FIR-2025-DHA-1095,P0234,Pushti Mody,accused,34,male,Belagavi,True
FIR-2025-DHA-1095,V10950,Benjamin Nadig,victim,21,female,Dharwad,True
FIR-2025-DHA-1095,V10951,Ridhi Lad,victim,25,female,Dharwad,True
FIR-2025-BAL-1096,P0038,Radhika Dugar,accused,45,male,Udupi,True
FIR-2025-BAL-1096,V10960,Qarin Jha,victim,52,male,Ballari,True
FIR-2025-BAL-1096,V10961,Edhitha Padmanabhan,victim,27,male,Ballari,True
FIR-2024-KAL-1097,P0300,Kavya Sankar,accused,30,male,Tumakuru,True
FIR-2024-KAL-1097,P0232,Upkaar Virk,accused,53,male,Mandya,True
FIR-2024-KAL-1097,V10970,Kashish Sen,victim,51,female,Kalaburagi,True
FIR-2024-RAI-1098,P0042,Kashvi Edwin,accused,25,male,Dharwad,True
FIR-2024-RAI-1098,V10980,Charvi Dara,victim,57,male,Raichur,True
FIR-2024-RAI-1098,V10981,Nidhi Tata,victim,73,male,Raichur,True
FIR-2024-SHI-1099,P0263,Turvi Sachdev,accused,22,male,Davanagere,True
FIR-2024-SHI-1099,P0109,Janya Baral,accused,31,male,Kolar,True
FIR-2024-SHI-1099,V10990,Tara Nagarajan,victim,37,male,Shivamogga,True
FIR-2024-SHI-1099,V10991,Aayush Tripathi,victim,51,male,Shivamogga,True
FIR-2025-MAN-1100,P0012,Hemangini Lalla,accused,42,male,Mandya,True
FIR-2025-MAN-1100,P0048,Kabir Soman,accused,51,male,Hassan,True
FIR-2025-MAN-1100,P0060,Kevin Solanki,accused,33,male,Tumakuru,True
FIR-2025-MAN-1100,V11000,Chakrika Som,victim,75,male,Mandya,True
FIR-2025-BEL-1101,P0101,Zayan Behl,accused,34,male,Mandya,True
FIR-2025-BEL-1101,V11010,Manan Sathe,victim,32,male,Belagavi,True
FIR-2024-KOL-1102,P0246,Damyanti Mani,accused,39,male,Mysuru,True
FIR-2024-KOL-1102,V11020,Isaiah Srinivas,victim,46,male,Kolar,True
FIR-2024-KOL-1103,P0009,Arunima Dugal,accused,28,female,Hassan,True
FIR-2024-KOL-1103,P0069,Arya Shere,accused,30,male,Belagavi,True
FIR-2024-KOL-1103,P0033,Michael Dutta,accused,53,male,Dharwad,True
FIR-2024-KOL-1103,V11030,Liam Dada,victim,21,male,Kolar,True
FIR-2024-TUM-1104,P0011,Lajita Chatterjee,accused,39,male,Tumakuru,True
FIR-2024-TUM-1104,V11040,Aryan Ratti,victim,70,female,Tumakuru,True
FIR-2025-DHA-1105,P0026,Dominic Kakar,accused,32,male,Mysuru,True
FIR-2025-DHA-1105,P0050,Siddharth Zacharia,accused,41,male,Ballari,True
FIR-2025-DHA-1105,P0014,Kritika Brar,accused,47,male,Udupi,True
FIR-2025-DHA-1105,V11050,Sanaya Parikh,victim,62,female,Dharwad,True
FIR-2025-DAV-1106,P0057,Ekansh Balay,accused,52,male,Shivamogga,True
FIR-2025-DAV-1106,P0021,Ekbal Garg,accused,41,male,Vijayapur,True
FIR-2025-DAV-1106,P0009,Arunima Dugal,accused,28,female,Hassan,True
FIR-2025-DAV-1106,V11060,Eta Bhakta,victim,72,male,Davanagere,True
FIR-2025-DAV-1106,V11061,Tristan Mall,victim,62,female,Davanagere,True
FIR-2025-KAL-1107,P0217,Qasim Handa,accused,33,male,Davanagere,True
FIR-2025-KAL-1107,V11070,Arin Chacko,victim,62,female,Kalaburagi,True
FIR-2025-KAL-1107,V11071,Gagan Vala,victim,75,female,Kalaburagi,True
FIR-2024-BEN-1108,P0009,Arunima Dugal,accused,28,female,Hassan,True
FIR-2024-BEN-1108,P0057,Ekansh Balay,accused,52,male,Shivamogga,True
FIR-2024-BEN-1108,V11080,Robert Swaminathan,victim,21,male,Bengaluru City,True
FIR-2025-DAK-1109,P0014,Kritika Brar,accused,47,male,Udupi,True
FIR-2025-DAK-1109,P0050,Siddharth Zacharia,accused,41,male,Ballari,True
FIR-2025-DAK-1109,V11090,Yasti Bhalla,victim,29,male,Dakshina Kannada,True
FIR-2024-BEL-1110,P0231,Yuvraj Dani,accused,53,male,Dharwad,True
FIR-2024-BEL-1110,V11100,Mitali Divan,victim,24,female,Belagavi,True
FIR-2024-BEL-1110,V11101,Kala Raju,victim,47,female,Belagavi,True
FIR-2024-VIJ-1111,P0088,William Lanka,accused,21,male,Chickballapura,True
FIR-2024-VIJ-1111,V11110,Advik Mane,victim,62,male,Vijayapur,True
FIR-2024-KOL-1112,P0056,Ekavir Bhargava,accused,56,female,Vijayapur,True
FIR-2024-KOL-1112,P0020,Isha Kadakia,accused,58,male,Dakshina Kannada,True
FIR-2024-KOL-1112,V11120,Indali Morar,victim,29,female,Kolar,True
FIR-2024-KOL-1112,V11121,Gagan Kale,victim,69,male,Kolar,True
FIR-2024-DAK-1113,P0083,Quincy Biswas,accused,42,male,Udupi,True
FIR-2024-DAK-1113,P0234,Pushti Mody,accused,34,male,Belagavi,True
FIR-2024-DAK-1113,V11130,Ojasvi Savant,victim,32,female,Dakshina Kannada,True
FIR-2025-BEL-1114,P0053,Jai Kota,accused,52,male,Kalaburagi,True
FIR-2025-BEL-1114,P0005,Viraj Tiwari,accused,19,male,Vijayapur,True
FIR-2025-BEL-1114,P0041,Yashica Issac,accused,52,male,Hassan,True
FIR-2025-BEL-1114,V11140,Nihal Samra,victim,41,male,Belagavi,True
FIR-2025-BEL-1114,V11141,Liam Chadha,victim,45,female,Belagavi,True
FIR-2025-CHI-1115,P0208,Vrinda Khosla,accused,54,male,Mandya,True
FIR-2025-CHI-1115,P0276,Rayaan Trivedi,accused,48,female,Davanagere,True
FIR-2025-CHI-1115,V11150,Sarthak Mitter,victim,39,male,Chickballapura,True
FIR-2025-KAL-1116,P0024,Daksh Karnik,accused,33,male,Bagalkot,True
FIR-2025-KAL-1116,V11160,Gautami Bhatti,victim,59,male,Kalaburagi,True
FIR-2025-KAL-1116,V11161,Gaurang Ahuja,victim,21,female,Kalaburagi,True
FIR-2025-KAL-1117,P0010,Gayathri Chaudry,accused,35,male,Vijayapur,True
FIR-2025-KAL-1117,P0070,Faqid Savant,accused,60,female,Mandya,True
FIR-2025-KAL-1117,P0058,Ekavir Varkey,accused,43,male,Bagalkot,True
FIR-2025-KAL-1117,V11170,Anjali Sachdeva,victim,64,male,Kalaburagi,True
FIR-2025-KAL-1117,V11171,Turvi Devan,victim,51,female,Kalaburagi,True
FIR-2025-RAI-1118,P0296,Radha Chaudhari,accused,59,male,Chickballapura,True
FIR-2025-RAI-1118,P0309,Panini Krishna,accused,44,male,Hassan,True
FIR-2025-RAI-1118,V11180,Quincy Raj,victim,70,female,Raichur,True
FIR-2025-BAL-1119,P0175,Triya Gopal,accused,27,male,Udupi,True
FIR-2025-BAL-1119,V11190,Vritti Basak,victim,57,male,Ballari,True
FIR-2025-BAL-1119,V11191,Daksha Tak,victim,35,female,Ballari,True
FIR-2024-RAI-1120,P0164,Ojasvi Bhatia,accused,53,male,Belagavi,True
FIR-2024-RAI-1120,V11200,Udarsh Bala,victim,75,male,Raichur,True
FIR-2024-RAI-1120,V11201,Mitesh Lala,victim,31,female,Raichur,True
FIR-2025-CHI-1121,P0004,Ayushman Chander,accused,23,female,Mysuru,True
FIR-2025-CHI-1121,V11210,Urmi Dash,victim,40,male,Chickballapura,True
FIR-2025-CHI-1121,V11211,Omisha Gola,victim,55,male,Chickballapura,True
FIR-2025-UDU-1122,P0277,Ekaraj Majumdar,accused,29,female,Chickballapura,True
FIR-2025-UDU-1122,V11220,Yash Balakrishnan,victim,69,male,Udupi,True
FIR-2024-RAI-1123,P0052,Raksha Varughese,accused,23,female,Tumakuru,True
FIR-2024-RAI-1123,P0028,Tara Dhar,accused,43,male,Tumakuru,True
FIR-2024-RAI-1123,V11230,Aradhana Tailor,victim,60,female,Raichur,True
FIR-2025-UDU-1124,P0004,Ayushman Chander,accused,23,female,Mysuru,True
FIR-2025-UDU-1124,P0064,Unni Bhagat,accused,22,male,Hassan,True
FIR-2025-UDU-1124,P0028,Tara Dhar,accused,43,male,Tumakuru,True
FIR-2025-UDU-1124,V11240,Janaki Srivastava,victim,70,female,Udupi,True
FIR-2025-UDU-1124,V11241,Aarna Soni,victim,33,female,Udupi,True
FIR-2025-BAG-1125,P0232,Upkaar Virk,accused,53,male,Mandya,True
FIR-2025-BAG-1125,V11250,Kashvi Vala,victim,56,male,Bagalkot,True
FIR-2025-RAI-1126,P0252,Ansh Luthra,accused,44,male,Kolar,True
FIR-2025-RAI-1126,P0319,Bahadurjit Patla,accused,39,female,Hassan,True
FIR-2025-RAI-1126,V11260,Aashi Gaba,victim,37,female,Raichur,True
FIR-2024-HAS-1127,P0178,Geetika Raghavan,accused,52,female,Dharwad,True
FIR-2024-HAS-1127,V11270,Madhav Nagarajan,victim,74,female,Hassan,True
FIR-2024-DAK-1128,P0253,Parth Singhal,accused,42,female,Bagalkot,True
FIR-2024-DAK-1128,V11280,Krishna Parikh,victim,22,male,Dakshina Kannada,True
FIR-2024-DAK-1128,V11281,Chatresh Mahajan,victim,71,male,Dakshina Kannada,True
FIR-2025-DAV-1129,P0003,Gagan Sami,accused,26,male,Raichur,True
FIR-2025-DAV-1129,P0039,Aarush Lall,accused,42,female,Kolar,True
FIR-2025-DAV-1129,P0063,Irya Sampath,accused,22,male,Ballari,True
FIR-2025-DAV-1129,V11290,Oni Parekh,victim,16,male,Davanagere,True
FIR-2025-KOL-1130,P0276,Rayaan Trivedi,accused,48,female,Davanagere,True
FIR-2025-KOL-1130,V11300,Bimala Manne,victim,19,male,Kolar,True
FIR-2025-HAS-1131,P0012,Hemangini Lalla,accused,42,male,Mandya,True
FIR-2025-HAS-1131,P0048,Kabir Soman,accused,51,male,Hassan,True
FIR-2025-HAS-1131,P0024,Daksh Karnik,accused,33,male,Bagalkot,True
FIR-2025-HAS-1131,V11310,Yoshita Hari,victim,34,female,Hassan,True
FIR-2025-HAS-1131,V11311,Girindra Ganesh,victim,22,female,Hassan,True
FIR-2024-DAK-1132,P0227,Zayyan Sridhar,accused,59,female,Bagalkot,True
FIR-2024-DAK-1132,V11320,Diya Mitra,victim,31,female,Dakshina Kannada,True
FIR-2024-DAV-1133,P0219,Harish Hari,accused,54,female,Hassan,True
FIR-2024-DAV-1133,V11330,Janani Char,victim,18,female,Davanagere,True
FIR-2025-KOL-1134,P0096,Abhiram Mistry,accused,34,female,Kalaburagi,True
FIR-2025-KOL-1134,V11340,Maanas Arya,victim,64,female,Kolar,True
FIR-2024-MAN-1135,P0052,Raksha Varughese,accused,23,female,Tumakuru,True
FIR-2024-MAN-1135,V11350,Zarna Manda,victim,51,female,Mandya,True
FIR-2024-MAN-1135,V11351,Vedhika Sabharwal,victim,42,male,Mandya,True
FIR-2024-DAK-1136,P0070,Faqid Savant,accused,60,female,Mandya,True
FIR-2024-DAK-1136,V11360,Nicholas Chaudry,victim,50,female,Dakshina Kannada,True
FIR-2024-DAK-1136,V11361,Mohammed Thakur,victim,62,female,Dakshina Kannada,True
FIR-2024-KAL-1137,P0304,Widisha Dhar,accused,27,female,Raichur,True
FIR-2024-KAL-1137,V11370,Raghav Vora,victim,37,male,Kalaburagi,True
FIR-2024-KAL-1137,V11371,Omisha Sharma,victim,24,male,Kalaburagi,True
FIR-2024-MAN-1138,P0010,Gayathri Chaudry,accused,35,male,Vijayapur,True
FIR-2024-MAN-1138,P0046,Farhan Chada,accused,56,male,Kalaburagi,True
FIR-2024-MAN-1138,V11380,Jackson Deep,victim,20,male,Mandya,True
FIR-2024-MAN-1138,V11381,Varsha Pall,victim,16,female,Mandya,True
FIR-2025-VIJ-1139,P0158,Faras Mangal,accused,57,male,Bagalkot,True
FIR-2025-VIJ-1139,V11390,Janani Dewan,victim,70,female,Vijayapur,True
FIR-2025-VIJ-1139,V11391,Hema Gera,victim,40,female,Vijayapur,True
FIR-2025-BAG-1140,P0191,Charvi Dara,accused,34,female,Hassan,True
FIR-2025-BAG-1140,P0290,Nimrat Dubey,accused,53,male,Shivamogga,True
FIR-2025-BAG-1140,V11400,Ayush Dani,victim,74,female,Bagalkot,True
FIR-2024-TUM-1141,P0171,Lopa Nayar,accused,49,male,Davanagere,True
FIR-2024-TUM-1141,V11410,Kabir Dhar,victim,63,male,Tumakuru,True
FIR-2024-KAL-1142,P0012,Hemangini Lalla,accused,42,male,Mandya,True
FIR-2024-KAL-1142,P0024,Daksh Karnik,accused,33,male,Bagalkot,True
FIR-2024-KAL-1142,V11420,Damyanti Dass,victim,42,female,Kalaburagi,True
FIR-2024-VIJ-1143,P0201,Yagnesh Shetty,accused,54,male,Bagalkot,True
FIR-2024-VIJ-1143,V11430,Kalpit Brar,victim,58,female,Vijayapur,True
FIR-2024-HAS-1144,P0096,Abhiram Mistry,accused,34,female,Kalaburagi,True
FIR-2024-HAS-1144,V11440,Isaac Brahmbhatt,victim,40,male,Hassan,True
FIR-2024-TUM-1145,P0182,Banjeet Balasubramanian,accused,37,female,Dharwad,True
FIR-2024-TUM-1145,V11450,Veda Sankar,victim,61,female,Tumakuru,True
FIR-2025-CHI-1146,P0028,Tara Dhar,accused,43,male,Tumakuru,True
FIR-2025-CHI-1146,P0064,Unni Bhagat,accused,22,male,Hassan,True
FIR-2025-CHI-1146,V11460,Ronith Chokshi,victim,69,male,Chickballapura,True
FIR-2024-VIJ-1147,P0184,William Date,accused,32,male,Dharwad,True
FIR-2024-VIJ-1147,V11470,Yochana Bhargava,victim,56,female,Vijayapur,True
FIR-2024-BAL-1148,P0168,Oni Yohannan,accused,46,male,Chickballapura,True
FIR-2024-BAL-1148,V11480,Jagat Kulkarni,victim,36,female,Ballari,True
FIR-2025-BEL-1149,P0186,Aahana Pillay,accused,39,female,Dakshina Kannada,True
FIR-2025-BEL-1149,V11490,Dominic Mitra,victim,26,female,Belagavi,True
FIR-2024-BEN-1150,P0175,Triya Gopal,accused,27,male,Udupi,True
FIR-2024-BEN-1150,P0302,Pranit Garde,accused,50,male,Bengaluru City,True
FIR-2024-BEN-1150,V11500,Gopal Dasgupta,victim,54,female,Bengaluru City,True
FIR-2024-BEN-1150,V11501,Ryan Goyal,victim,16,male,Bengaluru City,True
FIR-2024-DAK-1151,P0197,Patrick Vig,accused,59,male,Mysuru,True
FIR-2024-DAK-1151,V11510,Ayush Chana,victim,29,female,Dakshina Kannada,True
FIR-2025-KAL-1152,P0018,Lajita Mall,accused,23,male,Belagavi,True
FIR-2025-KAL-1152,P0066,Ikbal Kothari,accused,60,female,Vijayapur,True
FIR-2025-KAL-1152,V11520,Arunima Pall,victim,27,male,Kalaburagi,True
FIR-2025-BAG-1153,P0163,Nikita Narayanan,accused,51,female,Mysuru,True
FIR-2025-BAG-1153,V11530,Naveen Tella,victim,58,female,Bagalkot,True
FIR-2025-BAG-1153,V11531,Yashasvi Bir,victim,27,male,Bagalkot,True
FIR-2025-MYS-1154,P0309,Panini Krishna,accused,44,male,Hassan,True
FIR-2025-MYS-1154,V11540,Akshay Wadhwa,victim,57,male,Mysuru,True
FIR-2025-MYS-1154,V11541,Rehaan Manda,victim,68,female,Mysuru,True
FIR-2025-DAK-1155,P0269,Nathan Mukhopadhyay,accused,25,female,Shivamogga,True
FIR-2025-DAK-1155,V11550,Aayush Chaudhary,victim,65,male,Dakshina Kannada,True
FIR-2025-MAN-1156,P0062,Girindra Chatterjee,accused,32,male,Bengaluru City,True
FIR-2025-MAN-1156,V11560,Yamini Soman,victim,19,male,Mandya,True
FIR-2025-DHA-1157,P0112,Warjas Gaba,accused,20,male,Hassan,True
FIR-2025-DHA-1157,P0102,Pallavi Malhotra,accused,22,male,Mandya,True
FIR-2025-DHA-1157,V11570,Qasim Sarraf,victim,41,male,Dharwad,True
FIR-2024-DAK-1158,P0053,Jai Kota,accused,52,male,Kalaburagi,True
FIR-2024-DAK-1158,V11580,Pratyush Pant,victim,19,male,Dakshina Kannada,True
FIR-2025-BEL-1159,P0276,Rayaan Trivedi,accused,48,female,Davanagere,True
FIR-2025-BEL-1159,P0231,Yuvraj Dani,accused,53,male,Dharwad,True
FIR-2025-BEL-1159,V11590,Panini Kala,victim,44,male,Belagavi,True
FIR-2024-VIJ-1160,P0027,Simon Tata,accused,32,male,Hassan,True
FIR-2024-VIJ-1160,P0051,Devika Rastogi,accused,21,male,Tumakuru,True
FIR-2024-VIJ-1160,V11600,Nikita Chowdhury,victim,65,male,Vijayapur,True
FIR-2024-VIJ-1160,V11601,Jatin Shukla,victim,25,female,Vijayapur,True
FIR-2024-BEN-1161,P0281,Veda Pai,accused,39,female,Chickballapura,True
FIR-2024-BEN-1161,V11610,Zinal Deshpande,victim,24,male,Bengaluru City,True
FIR-2024-BEN-1161,V11611,Jalsa Mani,victim,54,female,Bengaluru City,True
FIR-2024-BEN-1162,P0318,Balveer More,accused,57,female,Tumakuru,True
FIR-2024-BEN-1162,V11620,Fitan Narang,victim,69,male,Bengaluru City,True
FIR-2024-BEN-1162,V11621,Jack Rajan,victim,67,male,Bengaluru City,True
FIR-2025-MAN-1163,P0230,Manthan Modi,accused,37,male,Chickballapura,True
FIR-2025-MAN-1163,V11630,Tanmayi Muni,victim,45,male,Mandya,True
FIR-2024-VIJ-1164,P0085,Yatin Baral,accused,45,female,Kalaburagi,True
FIR-2024-VIJ-1164,V11640,Upkaar Reddy,victim,29,male,Vijayapur,True
FIR-2024-KAL-1165,P0016,Chakradev Kari,accused,54,male,Tumakuru,True
FIR-2024-KAL-1165,V11650,Priya Gulati,victim,30,female,Kalaburagi,True
FIR-2024-KAL-1165,V11651,Vamakshi Pillai,victim,33,male,Kalaburagi,True
FIR-2024-BEN-1166,P0044,Isaac Patil,accused,34,male,Kolar,True
FIR-2024-BEN-1166,P0008,Nathaniel Sami,accused,46,male,Bengaluru City,True
FIR-2024-BEN-1166,V11660,Agastya Swamy,victim,60,female,Bengaluru City,True
FIR-2024-MYS-1167,P0097,Krish Lalla,accused,60,male,Bagalkot,True
FIR-2024-MYS-1167,V11670,Meghana Sarma,victim,39,female,Mysuru,True
FIR-2024-MYS-1167,V11671,Jagdish Dhar,victim,73,female,Mysuru,True
FIR-2024-MAN-1168,P0033,Michael Dutta,accused,53,male,Dharwad,True
FIR-2024-MAN-1168,V11680,Nandini Chaudry,victim,69,female,Mandya,True
FIR-2025-BEN-1169,P0202,Gayathri Balakrishnan,accused,34,male,Dakshina Kannada,True
FIR-2025-BEN-1169,V11690,Dhruv Patla,victim,18,male,Bengaluru City,True
FIR-2025-BAL-1170,P0199,Amrita Naidu,accused,19,male,Ballari,True
FIR-2025-BAL-1170,P0114,Gaurangi Sabharwal,accused,46,female,Raichur,True
FIR-2025-BAL-1170,V11700,Hamsini Iyer,victim,49,male,Ballari,True
FIR-2025-BAL-1170,V11701,Jason Kaul,victim,50,male,Ballari,True
FIR-2025-BEN-1171,P0060,Kevin Solanki,accused,33,male,Tumakuru,True
FIR-2025-BEN-1171,P0048,Kabir Soman,accused,51,male,Hassan,True
FIR-2025-BEN-1171,V11710,Xalak Mallick,victim,22,male,Bengaluru City,True
FIR-2025-BEN-1171,V11711,Mugdha Parekh,victim,19,female,Bengaluru City,True
FIR-2024-MAN-1172,P0219,Harish Hari,accused,54,female,Hassan,True
FIR-2024-MAN-1172,P0254,Arunima Golla,accused,37,female,Shivamogga,True
FIR-2024-MAN-1172,V11720,Nidhi Sundaram,victim,17,male,Mandya,True
FIR-2025-RAI-1173,P0114,Gaurangi Sabharwal,accused,46,female,Raichur,True
FIR-2025-RAI-1173,V11730,Manan Sha,victim,23,male,Raichur,True
FIR-2025-DAV-1174,P0230,Manthan Modi,accused,37,male,Chickballapura,True
FIR-2025-DAV-1174,P0222,Anusha Bath,accused,40,male,Hassan,True
FIR-2025-DAV-1174,V11740,Jason Krishna,victim,49,male,Davanagere,True
FIR-2024-MYS-1175,P0054,Devansh Nigam,accused,60,female,Raichur,True
FIR-2024-MYS-1175,P0066,Ikbal Kothari,accused,60,female,Vijayapur,True
FIR-2024-MYS-1175,P0006,Rushil Saini,accused,32,male,Raichur,True
FIR-2024-MYS-1175,V11750,Widisha Kashyap,victim,66,male,Mysuru,True
FIR-2024-DAV-1176,P0229,Ethan Bera,accused,32,female,Ballari,True
FIR-2024-DAV-1176,V11760,Ayushman Chaudhary,victim,52,male,Davanagere,True
FIR-2024-DAV-1176,V11761,Ekansh Tara,victim,36,male,Davanagere,True
FIR-2024-DAK-1177,P0222,Anusha Bath,accused,40,male,Hassan,True
FIR-2024-DAK-1177,V11770,Praneel Raja,victim,75,female,Dakshina Kannada,True
FIR-2024-DAK-1177,V11771,Michael Mitter,victim,66,female,Dakshina Kannada,True
FIR-2025-TUM-1178,P0159,Anita Nayak,accused,44,male,Udupi,True
FIR-2025-TUM-1178,V11780,Faraj Venkatesh,victim,54,female,Tumakuru,True
FIR-2025-TUM-1178,V11781,Unnati Jaggi,victim,22,female,Tumakuru,True
FIR-2024-KAL-1179,P0063,Irya Sampath,accused,22,male,Ballari,True
FIR-2024-KAL-1179,P0015,Janaki Handa,accused,23,male,Mandya,True
FIR-2024-KAL-1179,V11790,Widisha Swaminathan,victim,64,female,Kalaburagi,True
FIR-2025-SHI-1180,P0222,Anusha Bath,accused,40,male,Hassan,True
FIR-2025-SHI-1180,P0284,Vivaan Roy,accused,38,male,Hassan,True
FIR-2025-SHI-1180,V11800,Hemal Zachariah,victim,26,female,Shivamogga,True
FIR-2025-SHI-1180,V11801,Azad Sani,victim,70,male,Shivamogga,True
FIR-2024-BAG-1181,P0241,Barkha Setty,accused,18,male,Davanagere,True
FIR-2024-BAG-1181,P0178,Geetika Raghavan,accused,52,female,Dharwad,True
FIR-2024-BAG-1181,V11810,Leela Sengupta,victim,69,male,Bagalkot,True
FIR-2025-DAV-1182,P0292,Mitali Buch,accused,19,male,Dakshina Kannada,True
FIR-2025-DAV-1182,V11820,Krisha Savant,victim,39,female,Davanagere,True
FIR-2024-BAG-1183,P0284,Vivaan Roy,accused,38,male,Hassan,True
FIR-2024-BAG-1183,V11830,Balendra Bali,victim,50,female,Bagalkot,True
FIR-2024-RAI-1184,P0071,Chandresh Zachariah,accused,45,female,Bagalkot,True
FIR-2024-RAI-1184,V11840,Chavvi Gala,victim,48,female,Raichur,True
FIR-2024-RAI-1184,V11841,Raagini Desai,victim,44,male,Raichur,True
FIR-2024-MYS-1185,P0061,Urvashi Ray,accused,39,male,Raichur,True
FIR-2024-MYS-1185,P0013,Tripti Yadav,accused,40,male,Mysuru,True
FIR-2024-MYS-1185,V11850,Lopa Sura,victim,52,male,Mysuru,True
FIR-2024-MYS-1185,V11851,Vritti Zacharia,victim,35,female,Mysuru,True
FIR-2025-TUM-1186,P0154,Sanaya Dutt,accused,50,male,Tumakuru,True
FIR-2025-TUM-1186,V11860,Vamakshi Dugar,victim,54,female,Tumakuru,True
FIR-2025-KAL-1187,P0105,Prisha Andra,accused,18,male,Belagavi,True
FIR-2025-KAL-1187,V11870,Mahika Lall,victim,58,male,Kalaburagi,True
FIR-2025-KAL-1187,V11871,Krishna Pandit,victim,33,male,Kalaburagi,True
FIR-2024-BEL-1188,P0213,Pavani Narayanan,accused,27,female,Dakshina Kannada,True
FIR-2024-BEL-1188,V11880,Ekani Bhat,victim,43,male,Belagavi,True
FIR-2024-BEL-1188,V11881,Chakradev Dave,victim,47,male,Belagavi,True
FIR-2025-RAI-1189,P0046,Farhan Chada,accused,56,male,Kalaburagi,True
FIR-2025-RAI-1189,V11890,Ikshita Bala,victim,53,female,Raichur,True
FIR-2025-RAI-1189,V11891,Lajita Chatterjee,victim,27,female,Raichur,True
FIR-2025-DHA-1190,P0050,Siddharth Zacharia,accused,41,male,Ballari,True
FIR-2025-DHA-1190,P0062,Girindra Chatterjee,accused,32,male,Bengaluru City,True
FIR-2025-DHA-1190,P0038,Radhika Dugar,accused,45,male,Udupi,True
FIR-2025-DHA-1190,V11900,Hemani Parikh,victim,33,female,Dharwad,True
FIR-2024-KAL-1191,P0096,Abhiram Mistry,accused,34,female,Kalaburagi,True
FIR-2024-KAL-1191,P0110,Shivansh Krish,accused,49,male,Mysuru,True
FIR-2024-KAL-1191,V11910,Indali Bhalla,victim,75,female,Kalaburagi,True
FIR-2024-DHA-1192,P0001,Aryan Maharaj,accused,58,male,Bengaluru City,True
FIR-2024-DHA-1192,V11920,Yug Keer,victim,33,female,Dharwad,True
FIR-2025-KOL-1193,P0018,Lajita Mall,accused,23,male,Belagavi,True
FIR-2025-KOL-1193,P0030,Priya Rastogi,accused,59,female,Udupi,True
FIR-2025-KOL-1193,P0054,Devansh Nigam,accused,60,female,Raichur,True
FIR-2025-KOL-1193,V11930,Frado Bhatti,victim,43,male,Kolar,True
FIR-2024-TUM-1194,P0109,Janya Baral,accused,31,male,Kolar,True
FIR-2024-TUM-1194,V11940,Ishwar Nazareth,victim,38,male,Tumakuru,True
FIR-2025-VIJ-1195,P0044,Isaac Patil,accused,34,male,Kolar,True
FIR-2025-VIJ-1195,V11950,Anmol Yohannan,victim,74,female,Vijayapur,True
FIR-2025-HAS-1196,P0273,Yashodhara Mahajan,accused,38,male,Bengaluru City,True
FIR-2025-HAS-1196,V11960,Baljiwan Sharma,victim,47,male,Hassan,True
FIR-2025-HAS-1196,V11961,Yutika Sama,victim,32,male,Hassan,True
FIR-2025-VIJ-1197,P0052,Raksha Varughese,accused,23,female,Tumakuru,True
FIR-2025-VIJ-1197,P0004,Ayushman Chander,accused,23,female,Mysuru,True
FIR-2025-VIJ-1197,P0016,Chakradev Kari,accused,54,male,Tumakuru,True
FIR-2025-VIJ-1197,V11970,Anmol Singh,victim,54,male,Vijayapur,True
FIR-2025-VIJ-1197,V11971,Edhitha Purohit,victim,50,male,Vijayapur,True
FIR-2024-BEL-1198,P0212,Jyoti Solanki,accused,45,male,Bagalkot,True
FIR-2024-BEL-1198,V11980,Ekantika Chaudhari,victim,74,female,Belagavi,True
FIR-2024-RAI-1199,P0125,Ikbal Saraf,accused,35,male,Belagavi,True
FIR-2024-RAI-1199,V11990,Harish Jha,victim,60,female,Raichur,True
FIR-2024-RAI-1199,V11991,Watika Thakkar,victim,35,female,Raichur,True
FIR-2024-HAS-1200,P0007,Saumya Mall,accused,30,female,Ballari,True
FIR-2024-HAS-1200,P0067,Ranveer Yadav,accused,52,male,Chickballapura,True
FIR-2024-HAS-1200,V12000,Ojas Mistry,victim,19,female,Hassan,True
