fir_number,date,district,area,crime_type,sections,modus_operandi,status,is_synthetic
FIR-2025-UDU-0001,2025-08-21,Udupi,Agate Street,Theft,BNS 303,vehicle theft from parking,under-investigation,True
FIR-2025-SHI-0002,2025-12-18,Shivamogga,Rao Nagar,Extortion,BNS 308,protection money demand,under-investigation,True
FIR-2025-KAL-0003,2025-03-05,Kalaburagi,Kant,NDPS,NDPS Act 20,courier parcel concealment,court-pending,True
FIR-2024-MAN-0004,2024-08-29,Mandya,Nath Nagar,Extortion,BNS 308,digital arrest threat call,closed,True
FIR-2024-VIJ-0005,2024-04-03,Vijayapur,Tailor Road,Extortion,BNS 308,protection money demand,convicted,True
FIR-2025-KAL-0006,2025-09-02,Kalaburagi,Sinha Ganj,Chain Snatching,BNS 304,two-wheeler drive-by snatching,court-pending,True
FIR-2025-DAK-0007,2025-08-25,Dakshina Kannada,Dey Zila,Burglary,BNS 331,terrace entry,under-investigation,True
FIR-2025-BAL-0008,2025-05-30,Ballari,Prabhakar Chowk,Extortion,BNS 308,digital arrest threat call,convicted,True
FIR-2025-BAG-0009,2025-12-30,Bagalkot,Khanna Path,Extortion,BNS 308,digital arrest threat call,closed,True
FIR-2025-RAI-0010,2025-11-01,Raichur,Srinivas Nagar,Robbery,BNS 309,knife-point street robbery,charge-sheeted,True
FIR-2025-KAL-0011,2025-11-12,Kalaburagi,Kant,Cyber Fraud,IT Act 66D,UPI phishing call,under-investigation,True
FIR-2024-SHI-0012,2024-10-21,Shivamogga,Parmer Circle,Murder,BNS 103,gang rivalry,convicted,True
FIR-2024-DHA-0013,2024-08-19,Dharwad,Zachariah Street,Rioting,BNS 191,protest escalation,court-pending,True
FIR-2025-KAL-0014,2025-11-04,Kalaburagi,Chokshi Path,Rioting,BNS 191,communal flashpoint clash,under-investigation,True
FIR-2024-DAK-0015,2024-06-08,Dakshina Kannada,Shetty Zila,Murder,BNS 103,property dispute,court-pending,True
FIR-2025-BEL-0016,2025-03-16,Belagavi,Pillay Chowk,Cyber Fraud,IT Act 66D,courier scam,court-pending,True
FIR-2024-KAL-0017,2024-08-04,Kalaburagi,Narang Nagar,Theft,BNS 303,pickpocketing in transit,closed,True
FIR-2024-BAG-0018,2024-01-20,Bagalkot,Khanna Path,Cheating,BNS 318,land document forgery,convicted,True
FIR-2024-UDU-0019,2024-09-06,Udupi,Kalita,Robbery,BNS 309,highway vehicle stop,charge-sheeted,True
FIR-2025-VIJ-0020,2025-06-06,Vijayapur,Yogi Ganj,NDPS,NDPS Act 20,hostel network supply,charge-sheeted,True
FIR-2025-TUM-0021,2025-09-08,Tumakuru,Kara Street,Chain Snatching,BNS 304,market crowd snatching,closed,True
FIR-2025-SHI-0022,2025-10-08,Shivamogga,Parmer Circle,Extortion,BNS 308,digital arrest threat call,court-pending,True
FIR-2024-BAG-0023,2024-02-12,Bagalkot,Naik,NDPS,NDPS Act 20,courier parcel concealment,charge-sheeted,True
FIR-2025-DAK-0024,2025-10-23,Dakshina Kannada,Shetty Zila,NDPS,NDPS Act 20,courier parcel concealment,under-investigation,True
FIR-2025-DHA-0025,2025-01-31,Dharwad,Bal Zila,Theft,BNS 303,vehicle theft from parking,court-pending,True
FIR-2025-UDU-0026,2025-11-25,Udupi,Agate Street,NDPS,NDPS Act 20,hostel network supply,under-investigation,True
FIR-2025-MAN-0027,2025-11-10,Mandya,Jha,Rioting,BNS 191,protest escalation,closed,True
FIR-2025-KOL-0028,2025-03-09,Kolar,Bassi Ganj,Cyber Fraud,IT Act 66D,OTP social engineering,under-investigation,True
FIR-2025-HAS-0029,2025-06-23,Hassan,Sha Zila,Robbery,BNS 309,knife-point street robbery,court-pending,True
FIR-2025-MAN-0030,2025-02-24,Mandya,Dass Ganj,Murder,BNS 103,gang rivalry,closed,True
FIR-2025-SHI-0031,2025-04-17,Shivamogga,Rao Nagar,Burglary,BNS 331,lock-picking daytime entry,court-pending,True
FIR-2025-CHI-0032,2025-10-18,Chickballapura,Soni Zila,Murder,BNS 103,personal enmity,court-pending,True
FIR-2024-BAG-0033,2024-10-06,Bagalkot,Naik,Chain Snatching,BNS 304,two-wheeler drive-by snatching,convicted,True
FIR-2024-UDU-0034,2024-02-24,Udupi,Agate Street,Cheating,BNS 318,fake job placement racket,under-investigation,True
FIR-2025-KAL-0035,2025-12-13,Kalaburagi,Kant,Extortion,BNS 308,protection money demand,charge-sheeted,True
FIR-2024-SHI-0036,2024-08-31,Shivamogga,Patil Ganj,Theft,BNS 303,shop till theft,court-pending,True
FIR-2024-DHA-0037,2024-10-25,Dharwad,Zachariah Street,Chain Snatching,BNS 304,two-wheeler drive-by snatching,court-pending,True
FIR-2025-BEN-0038,2025-01-17,Bengaluru City,Zacharia Street,Robbery,BNS 309,highway vehicle stop,convicted,True
FIR-2024-HAS-0039,2024-02-15,Hassan,Sha Zila,Chain Snatching,BNS 304,market crowd snatching,convicted,True
FIR-2025-VIJ-0040,2025-04-13,Vijayapur,Tailor Road,Robbery,BNS 309,knife-point street robbery,convicted,True
FIR-2025-HAS-0041,2025-11-02,Hassan,Kala Zila,Murder,BNS 103,property dispute,under-investigation,True
FIR-2025-TUM-0042,2025-06-15,Tumakuru,Rana Zila,Cyber Fraud,IT Act 66D,fake loan app extortion,under-investigation,True
FIR-2024-BAG-0043,2024-06-19,Bagalkot,Ghosh Nagar,Cheating,BNS 318,land document forgery,charge-sheeted,True
FIR-2024-BAG-0044,2024-02-01,Bagalkot,Khanna Path,Chain Snatching,BNS 304,market crowd snatching,court-pending,True
FIR-2025-MAN-0045,2025-01-14,Mandya,Johal Zila,Extortion,BNS 308,protection money demand,convicted,True
FIR-2024-DAV-0046,2024-04-30,Davanagere,Kalla Path,NDPS,NDPS Act 20,street-level peddling,convicted,True
FIR-2024-BAG-0047,2024-06-25,Bagalkot,Khanna Path,Extortion,BNS 308,digital arrest threat call,convicted,True
FIR-2025-VIJ-0048,2025-06-04,Vijayapur,Chatterjee Zila,Cyber Fraud,IT Act 66D,courier scam,under-investigation,True
FIR-2025-DHA-0049,2025-06-22,Dharwad,Aurora Street,Extortion,BNS 308,protection money demand,convicted,True
FIR-2024-BEL-0050,2024-02-26,Belagavi,Dasgupta Circle,NDPS,NDPS Act 20,street-level peddling,charge-sheeted,True
FIR-2024-RAI-0051,2024-07-20,Raichur,Sandhu Marg,Theft,BNS 303,vehicle theft from parking,court-pending,True
FIR-2025-VIJ-0052,2025-08-13,Vijayapur,Rama Street,Robbery,BNS 309,knife-point street robbery,court-pending,True
FIR-2024-BAG-0053,2024-10-31,Bagalkot,Khanna Path,Cheating,BNS 318,investment ponzi scheme,convicted,True
FIR-2024-BEL-0054,2024-11-22,Belagavi,Pillay Chowk,Cyber Fraud,IT Act 66D,fake loan app extortion,charge-sheeted,True
FIR-2025-SHI-0055,2025-04-23,Shivamogga,Rao Nagar,Cyber Fraud,IT Act 66D,courier scam,under-investigation,True
FIR-2025-CHI-0056,2025-05-21,Chickballapura,Soni Zila,Theft,BNS 303,vehicle theft from parking,court-pending,True
FIR-2024-RAI-0057,2024-02-22,Raichur,Srinivas Nagar,Cheating,BNS 318,fake job placement racket,charge-sheeted,True
FIR-2025-KAL-0058,2025-01-09,Kalaburagi,Sinha Ganj,NDPS,NDPS Act 20,courier parcel concealment,court-pending,True
FIR-2025-UDU-0059,2025-09-19,Udupi,Agate Street,Cyber Fraud,IT Act 66D,courier scam,court-pending,True
FIR-2025-CHI-0060,2025-09-03,Chickballapura,Soni Zila,Rioting,BNS 191,communal flashpoint clash,closed,True
FIR-2025-BAL-0061,2025-11-28,Ballari,Prabhakar Chowk,Chain Snatching,BNS 304,two-wheeler drive-by snatching,court-pending,True
FIR-2025-KAL-0062,2025-12-23,Kalaburagi,Sinha Ganj,Murder,BNS 103,gang rivalry,court-pending,True
FIR-2025-BAL-0063,2025-05-10,Ballari,Dubey,Rioting,BNS 191,communal flashpoint clash,court-pending,True
FIR-2025-DAV-0064,2025-05-06,Davanagere,Kalla Path,Cyber Fraud,IT Act 66D,courier scam,under-investigation,True
FIR-2025-DAV-0065,2025-03-28,Davanagere,Saxena Chowk,Cyber Fraud,IT Act 66D,OTP social engineering,under-investigation,True
FIR-2024-BAL-0066,2024-08-19,Ballari,Prabhakar Chowk,NDPS,NDPS Act 20,street-level peddling,closed,True
FIR-2025-VIJ-0067,2025-10-28,Vijayapur,Yogi Ganj,Extortion,BNS 308,protection money demand,charge-sheeted,True
FIR-2024-MYS-0068,2024-10-23,Mysuru,Mahajan Circle,Chain Snatching,BNS 304,market crowd snatching,under-investigation,True
FIR-2024-BEL-0069,2024-07-16,Belagavi,Pillay Chowk,Theft,BNS 303,pickpocketing in transit,closed,True
FIR-2025-HAS-0070,2025-06-11,Hassan,Gupta Road,Cheating,BNS 318,investment ponzi scheme,charge-sheeted,True
FIR-2024-MAN-0071,2024-01-12,Mandya,Dass Ganj,Rioting,BNS 191,communal flashpoint clash,closed,True
FIR-2024-BAG-0072,2024-06-05,Bagalkot,Ghosh Nagar,Extortion,BNS 308,digital arrest threat call,charge-sheeted,True
FIR-2025-MAN-0073,2025-06-24,Mandya,Nath Nagar,Extortion,BNS 308,protection money demand,closed,True
FIR-2025-KOL-0074,2025-08-20,Kolar,Mitra Circle,Burglary,BNS 331,lock-picking daytime entry,convicted,True
FIR-2024-BEN-0075,2024-09-17,Bengaluru City,Iyer Street,Cheating,BNS 318,investment ponzi scheme,court-pending,True
FIR-2024-KAL-0076,2024-07-03,Kalaburagi,Kant,Cheating,BNS 318,fake job placement racket,charge-sheeted,True
FIR-2025-KOL-0077,2025-02-06,Kolar,Thakur Chowk,NDPS,NDPS Act 20,street-level peddling,convicted,True
FIR-2024-KAL-0078,2024-09-10,Kalaburagi,Narang Nagar,Burglary,BNS 331,night house-break via rear entry,under-investigation,True
FIR-2025-MYS-0079,2025-12-21,Mysuru,Kurian Street,Robbery,BNS 309,highway vehicle stop,convicted,True
FIR-2024-KAL-0080,2024-11-05,Kalaburagi,Sinha Ganj,Burglary,BNS 331,lock-picking daytime entry,charge-sheeted,True
FIR-2025-MYS-0081,2025-05-22,Mysuru,Merchant Chowk,NDPS,NDPS Act 20,hostel network supply,closed,True
FIR-2024-KAL-0082,2024-08-18,Kalaburagi,Kant,Burglary,BNS 331,terrace entry,closed,True
FIR-2025-BAG-0083,2025-10-24,Bagalkot,Ghosh Nagar,Cyber Fraud,IT Act 66D,fake loan app extortion,under-investigation,True
FIR-2024-VIJ-0084,2024-01-16,Vijayapur,Chatterjee Zila,Cyber Fraud,IT Act 66D,UPI phishing call,closed,True
FIR-2024-SHI-0085,2024-11-25,Shivamogga,Rao Nagar,NDPS,NDPS Act 20,hostel network supply,charge-sheeted,True
FIR-2024-BAL-0086,2024-11-16,Ballari,Saini Circle,Cyber Fraud,IT Act 66D,courier scam,court-pending,True
FIR-2025-CHI-0087,2025-10-19,Chickballapura,Pathak Chowk,Extortion,BNS 308,digital arrest threat call,under-investigation,True
FIR-2024-DHA-0088,2024-01-07,Dharwad,Ghosh Road,Murder,BNS 103,personal enmity,convicted,True
FIR-2024-BEN-0089,2024-01-17,Bengaluru City,Wali Path,Extortion,BNS 308,digital arrest threat call,closed,True
FIR-2024-UDU-0090,2024-12-28,Udupi,Kalita,Burglary,BNS 331,lock-picking daytime entry,charge-sheeted,True
FIR-2025-RAI-0091,2025-02-19,Raichur,Swaminathan Zila,Robbery,BNS 309,knife-point street robbery,under-investigation,True
FIR-2024-BAL-0092,2024-02-13,Ballari,Saini Circle,NDPS,NDPS Act 20,hostel network supply,closed,True
FIR-2025-MYS-0093,2025-07-10,Mysuru,Kurian Street,Theft,BNS 303,shop till theft,closed,True
FIR-2024-UDU-0094,2024-09-03,Udupi,Agate Street,Rioting,BNS 191,communal flashpoint clash,charge-sheeted,True
FIR-2024-DHA-0095,2024-04-10,Dharwad,Ghosh Road,Murder,BNS 103,property dispute,convicted,True
FIR-2025-BAL-0096,2025-05-17,Ballari,Dubey,Extortion,BNS 308,digital arrest threat call,court-pending,True
FIR-2024-UDU-0097,2024-06-06,Udupi,Narasimhan Ganj,Theft,BNS 303,shop till theft,convicted,True
FIR-2025-RAI-0098,2025-04-04,Raichur,Swaminathan Zila,Cheating,BNS 318,investment ponzi scheme,under-investigation,True
FIR-2024-UDU-0099,2024-06-22,Udupi,Narasimhan Ganj,NDPS,NDPS Act 20,street-level peddling,closed,True
FIR-2025-CHI-0100,2025-10-02,Chickballapura,Comar Circle,Burglary,BNS 331,night house-break via rear entry,charge-sheeted,True
FIR-2024-DHA-0101,2024-12-08,Dharwad,Ghosh Road,Extortion,BNS 308,protection money demand,charge-sheeted,True
FIR-2025-BEL-0102,2025-01-08,Belagavi,Dasgupta Circle,Cheating,BNS 318,land document forgery,court-pending,True
FIR-2025-TUM-0103,2025-12-10,Tumakuru,Rana Zila,Theft,BNS 303,vehicle theft from parking,court-pending,True
FIR-2024-BAG-0104,2024-03-16,Bagalkot,Ben Road,Cheating,BNS 318,land document forgery,court-pending,True
FIR-2025-MAN-0105,2025-11-04,Mandya,Dass Ganj,Burglary,BNS 331,night house-break via rear entry,court-pending,True
FIR-2024-BAL-0106,2024-01-11,Ballari,Saini Circle,Robbery,BNS 309,highway vehicle stop,charge-sheeted,True
FIR-2024-SHI-0107,2024-04-17,Shivamogga,Rao Nagar,Extortion,BNS 308,protection money demand,closed,True
FIR-2025-CHI-0108,2025-06-17,Chickballapura,Sama Street,Burglary,BNS 331,terrace entry,charge-sheeted,True
FIR-2025-DAK-0109,2025-11-24,Dakshina Kannada,Rege Road,Robbery,BNS 309,ATM-exit targeting,court-pending,True
FIR-2024-VIJ-0110,2024-01-30,Vijayapur,Rama Street,Cheating,BNS 318,fake job placement racket,court-pending,True
FIR-2025-HAS-0111,2025-10-16,Hassan,Bail,Robbery,BNS 309,ATM-exit targeting,court-pending,True
FIR-2024-BEL-0112,2024-04-30,Belagavi,Dasgupta Circle,Cyber Fraud,IT Act 66D,fake loan app extortion,charge-sheeted,True
FIR-2024-DAK-0113,2024-05-23,Dakshina Kannada,Dey Zila,Theft,BNS 303,pickpocketing in transit,convicted,True
FIR-2025-CHI-0114,2025-06-01,Chickballapura,Pathak Chowk,NDPS,NDPS Act 20,courier parcel concealment,convicted,True
FIR-2024-MYS-0115,2024-10-26,Mysuru,Merchant Chowk,Burglary,BNS 331,terrace entry,closed,True
FIR-2025-MAN-0116,2025-07-10,Mandya,Nath Nagar,Theft,BNS 303,shop till theft,convicted,True
FIR-2024-BAG-0117,2024-02-03,Bagalkot,Ghosh Nagar,Theft,BNS 303,vehicle theft from parking,charge-sheeted,True
FIR-2025-KAL-0118,2025-10-09,Kalaburagi,Sinha Ganj,Rioting,BNS 191,communal flashpoint clash,convicted,True
FIR-2025-DAV-0119,2025-08-09,Davanagere,Reddy Chowk,Theft,BNS 303,shop till theft,under-investigation,True
FIR-2024-HAS-0120,2024-05-29,Hassan,Sha Zila,Burglary,BNS 331,terrace entry,convicted,True
FIR-2025-TUM-0121,2025-12-15,Tumakuru,Rana Zila,Cyber Fraud,IT Act 66D,courier scam,under-investigation,True
FIR-2024-BEL-0122,2024-02-17,Belagavi,Raj Road,Murder,BNS 103,personal enmity,under-investigation,True
FIR-2024-MAN-0123,2024-03-25,Mandya,Dass Ganj,Theft,BNS 303,pickpocketing in transit,under-investigation,True
FIR-2024-CHI-0124,2024-08-06,Chickballapura,Sama Street,Murder,BNS 103,property dispute,court-pending,True
FIR-2025-UDU-0125,2025-05-04,Udupi,Kalita,Chain Snatching,BNS 304,two-wheeler drive-by snatching,convicted,True
FIR-2025-VIJ-0126,2025-03-26,Vijayapur,Chatterjee Zila,Robbery,BNS 309,ATM-exit targeting,closed,True
FIR-2025-DHA-0127,2025-01-28,Dharwad,Bal Zila,Chain Snatching,BNS 304,two-wheeler drive-by snatching,convicted,True
FIR-2024-MYS-0128,2024-10-29,Mysuru,Kurian Street,Cheating,BNS 318,investment ponzi scheme,charge-sheeted,True
FIR-2025-RAI-0129,2025-08-05,Raichur,Srinivas Nagar,Chain Snatching,BNS 304,two-wheeler drive-by snatching,convicted,True
FIR-2024-KOL-0130,2024-10-20,Kolar,Mitra Circle,NDPS,NDPS Act 20,courier parcel concealment,charge-sheeted,True
FIR-2024-KAL-0131,2024-07-27,Kalaburagi,Narang Nagar,NDPS,NDPS Act 20,hostel network supply,charge-sheeted,True
FIR-2024-DHA-0132,2024-02-29,Dharwad,Zachariah Street,Burglary,BNS 331,terrace entry,charge-sheeted,True
FIR-2025-CHI-0133,2025-12-19,Chickballapura,Soni Zila,Chain Snatching,BNS 304,market crowd snatching,court-pending,True
FIR-2025-TUM-0134,2025-12-30,Tumakuru,Rana Zila,Theft,BNS 303,shop till theft,charge-sheeted,True
FIR-2024-BEL-0135,2024-04-15,Belagavi,Dasgupta Circle,Theft,BNS 303,vehicle theft from parking,convicted,True
FIR-2025-KAL-0136,2025-01-27,Kalaburagi,Sinha Ganj,Cyber Fraud,IT Act 66D,UPI phishing call,closed,True
FIR-2025-KOL-0137,2025-08-08,Kolar,Chopra Circle,Robbery,BNS 309,ATM-exit targeting,under-investigation,True
FIR-2024-HAS-0138,2024-11-14,Hassan,Gupta Road,Theft,BNS 303,vehicle theft from parking,court-pending,True
FIR-2024-KAL-0139,2024-09-08,Kalaburagi,Chokshi Path,NDPS,NDPS Act 20,street-level peddling,closed,True
FIR-2024-VIJ-0140,2024-04-16,Vijayapur,Chatterjee Zila,Theft,BNS 303,vehicle theft from parking,charge-sheeted,True
FIR-2025-MAN-0141,2025-02-26,Mandya,Johal Zila,NDPS,NDPS Act 20,street-level peddling,closed,True
FIR-2024-DAV-0142,2024-10-25,Davanagere,Kalla Path,Burglary,BNS 331,lock-picking daytime entry,closed,True
FIR-2024-BEL-0143,2024-05-19,Belagavi,Dasgupta Circle,Burglary,BNS 331,lock-picking daytime entry,closed,True
FIR-2024-MYS-0144,2024-11-07,Mysuru,Kurian Street,Robbery,BNS 309,highway vehicle stop,convicted,True
FIR-2024-BEN-0145,2024-06-27,Bengaluru City,Wali Path,Theft,BNS 303,pickpocketing in transit,convicted,True
FIR-2024-KAL-0146,2024-08-15,Kalaburagi,Sinha Ganj,Murder,BNS 103,property dispute,convicted,True
FIR-2024-BEL-0147,2024-12-05,Belagavi,Lalla Nagar,Robbery,BNS 309,knife-point street robbery,closed,True
FIR-2024-BAG-0148,2024-07-10,Bagalkot,Naik,Burglary,BNS 331,night house-break via rear entry,under-investigation,True
FIR-2025-KOL-0149,2025-03-05,Kolar,Thakur Chowk,Chain Snatching,BNS 304,two-wheeler drive-by snatching,court-pending,True
FIR-2024-DAK-0150,2024-10-03,Dakshina Kannada,Shetty Zila,Cheating,BNS 318,investment ponzi scheme,charge-sheeted,True
FIR-2025-DAK-0151,2025-02-01,Dakshina Kannada,Rege Road,Robbery,BNS 309,highway vehicle stop,under-investigation,True
FIR-2025-VIJ-0152,2025-07-31,Vijayapur,Rama Street,Rioting,BNS 191,communal flashpoint clash,court-pending,True
FIR-2024-VIJ-0153,2024-12-05,Vijayapur,Chatterjee Zila,Murder,BNS 103,personal enmity,charge-sheeted,True
FIR-2024-UDU-0154,2024-03-15,Udupi,Kalita,Robbery,BNS 309,highway vehicle stop,charge-sheeted,True
FIR-2025-DAK-0155,2025-11-12,Dakshina Kannada,Barad Nagar,Burglary,BNS 331,terrace entry,charge-sheeted,True
FIR-2024-BEL-0156,2024-08-14,Belagavi,Raj Road,Rioting,BNS 191,communal flashpoint clash,under-investigation,True
FIR-2024-DAV-0157,2024-12-24,Davanagere,Reddy Chowk,Robbery,BNS 309,knife-point street robbery,convicted,True
FIR-2025-MAN-0158,2025-01-22,Mandya,Johal Zila,Extortion,BNS 308,digital arrest threat call,under-investigation,True
FIR-2024-BEN-0159,2024-10-28,Bengaluru City,Zacharia Street,Murder,BNS 103,personal enmity,closed,True
FIR-2025-DAK-0160,2025-03-17,Dakshina Kannada,Barad Nagar,Murder,BNS 103,personal enmity,under-investigation,True
FIR-2024-BEL-0161,2024-08-31,Belagavi,Lalla Nagar,Theft,BNS 303,pickpocketing in transit,charge-sheeted,True
FIR-2025-CHI-0162,2025-11-08,Chickballapura,Comar Circle,Theft,BNS 303,vehicle theft from parking,under-investigation,True
FIR-2025-DAV-0163,2025-05-15,Davanagere,Reddy Chowk,Extortion,BNS 308,digital arrest threat call,court-pending,True
FIR-2024-MYS-0164,2024-10-02,Mysuru,Kurian Street,Burglary,BNS 331,terrace entry,convicted,True
FIR-2025-DHA-0165,2025-06-19,Dharwad,Aurora Street,Cheating,BNS 318,investment ponzi scheme,court-pending,True
FIR-2024-DHA-0166,2024-07-16,Dharwad,Zachariah Street,Burglary,BNS 331,lock-picking daytime entry,closed,True
FIR-2024-TUM-0167,2024-03-09,Tumakuru,Rana Zila,Cyber Fraud,IT Act 66D,OTP social engineering,court-pending,True
FIR-2024-RAI-0168,2024-10-19,Raichur,Sandhu Marg,Chain Snatching,BNS 304,market crowd snatching,convicted,True
FIR-2025-HAS-0169,2025-02-09,Hassan,Sha Zila,Murder,BNS 103,property dispute,under-investigation,True
FIR-2024-CHI-0170,2024-10-14,Chickballapura,Sama Street,Theft,BNS 303,vehicle theft from parking,closed,True
FIR-2025-BAG-0171,2025-10-23,Bagalkot,Naik,Rioting,BNS 191,protest escalation,closed,True
FIR-2024-KOL-0172,2024-11-14,Kolar,Mitra Circle,Robbery,BNS 309,ATM-exit targeting,under-investigation,True
FIR-2025-VIJ-0173,2025-01-04,Vijayapur,Yogi Ganj,Murder,BNS 103,property dispute,charge-sheeted,True
FIR-2025-BAG-0174,2025-01-16,Bagalkot,Naik,Burglary,BNS 331,lock-picking daytime entry,closed,True
FIR-2024-BEN-0175,2024-10-18,Bengaluru City,Wali Path,Robbery,BNS 309,knife-point street robbery,under-investigation,True
FIR-2024-BEN-0176,2024-01-21,Bengaluru City,Wali Path,NDPS,NDPS Act 20,hostel network supply,closed,True
FIR-2025-UDU-0177,2025-03-09,Udupi,Agate Street,Theft,BNS 303,vehicle theft from parking,charge-sheeted,True
FIR-2025-SHI-0178,2025-10-24,Shivamogga,Parmer Circle,NDPS,NDPS Act 20,courier parcel concealment,convicted,True
FIR-2025-HAS-0179,2025-09-06,Hassan,Sha Zila,Burglary,BNS 331,terrace entry,convicted,True
FIR-2025-RAI-0180,2025-12-31,Raichur,Swaminathan Zila,Cyber Fraud,IT Act 66D,OTP social engineering,closed,True
FIR-2025-DAK-0181,2025-07-26,Dakshina Kannada,Dey Zila,Theft,BNS 303,vehicle theft from parking,court-pending,True
FIR-2024-BEL-0182,2024-10-28,Belagavi,Raj Road,Rioting,BNS 191,communal flashpoint clash,under-investigation,True
FIR-2024-BAG-0183,2024-07-24,Bagalkot,Naik,Chain Snatching,BNS 304,two-wheeler drive-by snatching,charge-sheeted,True
FIR-2025-DAV-0184,2025-04-07,Davanagere,Bali Road,Murder,BNS 103,personal enmity,convicted,True
FIR-2025-DHA-0185,2025-02-17,Dharwad,Aurora Street,Cheating,BNS 318,investment ponzi scheme,charge-sheeted,True
FIR-2025-BAL-0186,2025-10-03,Ballari,Saini Circle,Murder,BNS 103,property dispute,convicted,True
FIR-2025-KOL-0187,2025-06-16,Kolar,Bassi Ganj,Extortion,BNS 308,protection money demand,charge-sheeted,True
FIR-2024-VIJ-0188,2024-05-14,Vijayapur,Tailor Road,Burglary,BNS 331,night house-break via rear entry,court-pending,True
FIR-2025-MYS-0189,2025-09-30,Mysuru,Mahajan Circle,NDPS,NDPS Act 20,hostel network supply,court-pending,True
FIR-2025-KAL-0190,2025-12-19,Kalaburagi,Sinha Ganj,Extortion,BNS 308,protection money demand,convicted,True
FIR-2024-VIJ-0191,2024-04-18,Vijayapur,Yogi Ganj,Robbery,BNS 309,knife-point street robbery,convicted,True
FIR-2024-TUM-0192,2024-08-28,Tumakuru,Borra Chowk,Cyber Fraud,IT Act 66D,courier scam,convicted,True
FIR-2024-MAN-0193,2024-10-24,Mandya,Jha,Robbery,BNS 309,knife-point street robbery,charge-sheeted,True
FIR-2024-BAG-0194,2024-12-02,Bagalkot,Ghosh Nagar,Chain Snatching,BNS 304,two-wheeler drive-by snatching,convicted,True
FIR-2025-DAK-0195,2025-03-07,Dakshina Kannada,Shetty Zila,Extortion,BNS 308,protection money demand,under-investigation,True
FIR-2025-BEN-0196,2025-01-02,Bengaluru City,Iyer Street,Cheating,BNS 318,fake job placement racket,charge-sheeted,True
FIR-2024-BAL-0197,2024-04-07,Ballari,Chaudhary Marg,Rioting,BNS 191,protest escalation,charge-sheeted,True
FIR-2025-CHI-0198,2025-04-25,Chickballapura,Comar Circle,NDPS,NDPS Act 20,courier parcel concealment,under-investigation,True
FIR-2025-BAG-0199,2025-08-09,Bagalkot,Khanna Path,Extortion,BNS 308,digital arrest threat call,convicted,True
FIR-2024-TUM-0200,2024-01-01,Tumakuru,Pau Marg,NDPS,NDPS Act 20,hostel network supply,closed,True
FIR-2024-RAI-0201,2024-12-05,Raichur,Swaminathan Zila,Extortion,BNS 308,digital arrest threat call,convicted,True
FIR-2025-KOL-0202,2025-07-14,Kolar,Bassi Ganj,Theft,BNS 303,vehicle theft from parking,convicted,True
FIR-2024-UDU-0203,2024-05-03,Udupi,Narasimhan Ganj,Burglary,BNS 331,night house-break via rear entry,charge-sheeted,True
FIR-2025-KOL-0204,2025-04-13,Kolar,Thakur Chowk,Extortion,BNS 308,protection money demand,closed,True
FIR-2024-HAS-0205,2024-04-16,Hassan,Bail,Chain Snatching,BNS 304,two-wheeler drive-by snatching,charge-sheeted,True
FIR-2025-RAI-0206,2025-06-08,Raichur,Sandhu Marg,Rioting,BNS 191,communal flashpoint clash,convicted,True
FIR-2025-HAS-0207,2025-10-14,Hassan,Gupta Road,Chain Snatching,BNS 304,market crowd snatching,convicted,True
FIR-2025-BEL-0208,2025-06-19,Belagavi,Lalla Nagar,Murder,BNS 103,personal enmity,charge-sheeted,True
FIR-2024-VIJ-0209,2024-10-29,Vijayapur,Tailor Road,Chain Snatching,BNS 304,market crowd snatching,charge-sheeted,True
FIR-2025-MYS-0210,2025-12-13,Mysuru,Contractor Path,Burglary,BNS 331,terrace entry,charge-sheeted,True
FIR-2025-MAN-0211,2025-10-10,Mandya,Dass Ganj,Burglary,BNS 331,night house-break via rear entry,convicted,True
FIR-2024-DHA-0212,2024-02-11,Dharwad,Bal Zila,Cheating,BNS 318,investment ponzi scheme,court-pending,True
FIR-2024-MYS-0213,2024-11-26,Mysuru,Merchant Chowk,Chain Snatching,BNS 304,market crowd snatching,charge-sheeted,True
FIR-2024-DHA-0214,2024-06-12,Dharwad,Aurora Street,NDPS,NDPS Act 20,hostel network supply,convicted,True
FIR-2024-BAL-0215,2024-09-03,Ballari,Prabhakar Chowk,Extortion,BNS 308,digital arrest threat call,convicted,True
FIR-2025-KOL-0216,2025-01-18,Kolar,Mitra Circle,NDPS,NDPS Act 20,courier parcel concealment,charge-sheeted,True
FIR-2025-BEN-0217,2025-06-30,Bengaluru City,Sagar Path,NDPS,NDPS Act 20,hostel network supply,under-investigation,True
FIR-2025-KAL-0218,2025-12-03,Kalaburagi,Chokshi Path,Robbery,BNS 309,highway vehicle stop,charge-sheeted,True
FIR-2025-UDU-0219,2025-02-21,Udupi,Dhillon Road,Theft,BNS 303,shop till theft,court-pending,True
FIR-2024-KOL-0220,2024-03-15,Kolar,Chopra Circle,Rioting,BNS 191,communal flashpoint clash,under-investigation,True
FIR-2024-KAL-0221,2024-08-13,Kalaburagi,Kant,NDPS,NDPS Act 20,hostel network supply,convicted,True
FIR-2024-UDU-0222,2024-02-12,Udupi,Kalita,Robbery,BNS 309,ATM-exit targeting,charge-sheeted,True
FIR-2024-DAV-0223,2024-07-07,Davanagere,Bali Road,Chain Snatching,BNS 304,two-wheeler drive-by snatching,under-investigation,True
FIR-2024-VIJ-0224,2024-04-10,Vijayapur,Rama Street,Theft,BNS 303,shop till theft,closed,True
FIR-2024-CHI-0225,2024-11-21,Chickballapura,Pathak Chowk,Burglary,BNS 331,terrace entry,charge-sheeted,True
FIR-2025-DHA-0226,2025-10-18,Dharwad,Bal Zila,Burglary,BNS 331,night house-break via rear entry,convicted,True
FIR-2025-BEL-0227,2025-07-18,Belagavi,Dasgupta Circle,Extortion,BNS 308,protection money demand,court-pending,True
FIR-2025-MYS-0228,2025-08-27,Mysuru,Merchant Chowk,Robbery,BNS 309,ATM-exit targeting,court-pending,True
FIR-2024-KOL-0229,2024-04-02,Kolar,Chopra Circle,Chain Snatching,BNS 304,two-wheeler drive-by snatching,court-pending,True
FIR-2025-MYS-0230,2025-01-02,Mysuru,Kurian Street,Extortion,BNS 308,protection money demand,convicted,True
FIR-2025-UDU-0231,2025-08-06,Udupi,Agate Street,Cyber Fraud,IT Act 66D,UPI phishing call,court-pending,True
FIR-2025-KAL-0232,2025-09-10,Kalaburagi,Kant,Cyber Fraud,IT Act 66D,UPI phishing call,under-investigation,True
FIR-2024-CHI-0233,2024-04-26,Chickballapura,Pathak Chowk,Cyber Fraud,IT Act 66D,UPI phishing call,closed,True
FIR-2024-KOL-0234,2024-07-03,Kolar,Mitra Circle,Theft,BNS 303,pickpocketing in transit,court-pending,True
FIR-2024-BAL-0235,2024-06-23,Ballari,Chaudhary Marg,Extortion,BNS 308,protection money demand,court-pending,True
FIR-2024-KAL-0236,2024-08-23,Kalaburagi,Chokshi Path,Robbery,BNS 309,ATM-exit targeting,court-pending,True
FIR-2025-DHA-0237,2025-11-25,Dharwad,Aurora Street,Robbery,BNS 309,knife-point street robbery,charge-sheeted,True
FIR-2024-DAV-0238,2024-05-17,Davanagere,Saxena Chowk,Cheating,BNS 318,investment ponzi scheme,convicted,True
FIR-2025-VIJ-0239,2025-01-19,Vijayapur,Yogi Ganj,Murder,BNS 103,personal enmity,charge-sheeted,True
FIR-2025-MAN-0240,2025-07-24,Mandya,Johal Zila,Rioting,BNS 191,protest escalation,under-investigation,True
FIR-2025-DAK-0241,2025-04-02,Dakshina Kannada,Shetty Zila,Burglary,BNS 331,lock-picking daytime entry,under-investigation,True
FIR-2024-KAL-0242,2024-04-03,Kalaburagi,Kant,Murder,BNS 103,property dispute,closed,True
FIR-2025-KOL-0243,2025-03-25,Kolar,Bassi Ganj,Rioting,BNS 191,communal flashpoint clash,under-investigation,True
FIR-2025-MAN-0244,2025-02-13,Mandya,Johal Zila,Theft,BNS 303,vehicle theft from parking,charge-sheeted,True
FIR-2024-RAI-0245,2024-10-18,Raichur,Sandhu Marg,NDPS,NDPS Act 20,courier parcel concealment,charge-sheeted,True
FIR-2024-DHA-0246,2024-06-28,Dharwad,Zachariah Street,Theft,BNS 303,pickpocketing in transit,court-pending,True
FIR-2025-CHI-0247,2025-07-30,Chickballapura,Comar Circle,Cheating,BNS 318,fake job placement racket,convicted,True
FIR-2025-BAL-0248,2025-11-24,Ballari,Dubey,Burglary,BNS 331,lock-picking daytime entry,charge-sheeted,True
FIR-2024-RAI-0249,2024-03-18,Raichur,Srinivas Nagar,Cyber Fraud,IT Act 66D,OTP social engineering,charge-sheeted,True
FIR-2024-BEL-0250,2024-12-30,Belagavi,Lalla Nagar,Burglary,BNS 331,terrace entry,closed,True
FIR-2025-HAS-0251,2025-01-15,Hassan,Bail,Extortion,BNS 308,digital arrest threat call,closed,True
FIR-2025-RAI-0252,2025-05-04,Raichur,Balasubramanian Chowk,Cheating,BNS 318,fake job placement racket,court-pending,True
FIR-2024-MAN-0253,2024-11-29,Mandya,Jha,Burglary,BNS 331,lock-picking daytime entry,closed,True
FIR-2025-UDU-0254,2025-01-16,Udupi,Agate Street,Burglary,BNS 331,terrace entry,charge-sheeted,True
FIR-2024-KAL-0255,2024-07-19,Kalaburagi,Sinha Ganj,Cheating,BNS 318,investment ponzi scheme,charge-sheeted,True
FIR-2024-BEL-0256,2024-09-17,Belagavi,Raj Road,Burglary,BNS 331,lock-picking daytime entry,convicted,True
FIR-2025-RAI-0257,2025-08-12,Raichur,Srinivas Nagar,Rioting,BNS 191,protest escalation,closed,True
FIR-2025-SHI-0258,2025-09-20,Shivamogga,Rao Nagar,Cheating,BNS 318,investment ponzi scheme,court-pending,True
FIR-2024-SHI-0259,2024-08-21,Shivamogga,Parmer Circle,Cyber Fraud,IT Act 66D,courier scam,court-pending,True
FIR-2025-DAV-0260,2025-11-08,Davanagere,Reddy Chowk,Burglary,BNS 331,lock-picking daytime entry,under-investigation,True
FIR-2024-BEL-0261,2024-03-26,Belagavi,Pillay Chowk,NDPS,NDPS Act 20,street-level peddling,court-pending,True
FIR-2025-KAL-0262,2025-10-03,Kalaburagi,Sinha Ganj,Extortion,BNS 308,protection money demand,court-pending,True
FIR-2024-BAG-0263,2024-06-30,Bagalkot,Ben Road,NDPS,NDPS Act 20,hostel network supply,court-pending,True
FIR-2024-MAN-0264,2024-11-11,Mandya,Johal Zila,Extortion,BNS 308,protection money demand,convicted,True
FIR-2025-MAN-0265,2025-07-15,Mandya,Dass Ganj,Murder,BNS 103,gang rivalry,charge-sheeted,True
FIR-2025-DAV-0266,2025-09-19,Davanagere,Kalla Path,NDPS,NDPS Act 20,hostel network supply,court-pending,True
FIR-2024-BAG-0267,2024-04-23,Bagalkot,Ben Road,Theft,BNS 303,vehicle theft from parking,under-investigation,True
FIR-2024-BEN-0268,2024-08-26,Bengaluru City,Wali Path,Chain Snatching,BNS 304,market crowd snatching,closed,True
FIR-2024-RAI-0269,2024-03-14,Raichur,Swaminathan Zila,Cheating,BNS 318,fake job placement racket,under-investigation,True
FIR-2024-BEL-0270,2024-02-04,Belagavi,Dasgupta Circle,Burglary,BNS 331,terrace entry,charge-sheeted,True
FIR-2025-BEL-0271,2025-06-17,Belagavi,Pillay Chowk,NDPS,NDPS Act 20,courier parcel concealment,charge-sheeted,True
FIR-2024-BEN-0272,2024-11-28,Bengaluru City,Iyer Street,Cheating,BNS 318,land document forgery,convicted,True
FIR-2024-TUM-0273,2024-09-11,Tumakuru,Pau Marg,Robbery,BNS 309,ATM-exit targeting,closed,True
FIR-2024-RAI-0274,2024-11-20,Raichur,Sandhu Marg,Burglary,BNS 331,lock-picking daytime entry,convicted,True
FIR-2025-BAG-0275,2025-12-24,Bagalkot,Ghosh Nagar,Extortion,BNS 308,digital arrest threat call,court-pending,True
FIR-2025-MAN-0276,2025-07-08,Mandya,Johal Zila,Theft,BNS 303,pickpocketing in transit,under-investigation,True
FIR-2024-HAS-0277,2024-09-01,Hassan,Gupta Road,Rioting,BNS 191,protest escalation,court-pending,True
FIR-2025-HAS-0278,2025-02-23,Hassan,Gupta Road,Cyber Fraud,IT Act 66D,UPI phishing call,under-investigation,True
FIR-2024-BEL-0279,2024-07-15,Belagavi,Lalla Nagar,Extortion,BNS 308,digital arrest threat call,court-pending,True
FIR-2025-CHI-0280,2025-11-02,Chickballapura,Sama Street,Burglary,BNS 331,terrace entry,charge-sheeted,True
FIR-2024-VIJ-0281,2024-03-20,Vijayapur,Tailor Road,Theft,BNS 303,vehicle theft from parking,closed,True
FIR-2025-MAN-0282,2025-10-15,Mandya,Johal Zila,Robbery,BNS 309,highway vehicle stop,convicted,True
FIR-2025-BAG-0283,2025-09-06,Bagalkot,Ghosh Nagar,NDPS,NDPS Act 20,hostel network supply,closed,True
FIR-2024-RAI-0284,2024-09-03,Raichur,Srinivas Nagar,Rioting,BNS 191,protest escalation,charge-sheeted,True
FIR-2024-SHI-0285,2024-01-07,Shivamogga,Pillai Zila,Theft,BNS 303,shop till theft,court-pending,True
FIR-2024-KAL-0286,2024-12-30,Kalaburagi,Sinha Ganj,Extortion,BNS 308,protection money demand,under-investigation,True
FIR-2024-CHI-0287,2024-11-28,Chickballapura,Comar Circle,Robbery,BNS 309,ATM-exit targeting,charge-sheeted,True
FIR-2025-UDU-0288,2025-08-13,Udupi,Kalita,Murder,BNS 103,property dispute,convicted,True
FIR-2025-SHI-0289,2025-10-09,Shivamogga,Patil Ganj,Rioting,BNS 191,communal flashpoint clash,charge-sheeted,True
FIR-2025-KOL-0290,2025-09-01,Kolar,Chopra Circle,Extortion,BNS 308,digital arrest threat call,under-investigation,True
FIR-2025-DHA-0291,2025-05-28,Dharwad,Ghosh Road,Cheating,BNS 318,fake job placement racket,convicted,True
FIR-2025-HAS-0292,2025-03-16,Hassan,Gupta Road,Theft,BNS 303,shop till theft,under-investigation,True
FIR-2024-BAL-0293,2024-05-29,Ballari,Saini Circle,Rioting,BNS 191,communal flashpoint clash,convicted,True
FIR-2024-BEN-0294,2024-10-21,Bengaluru City,Zacharia Street,Burglary,BNS 331,night house-break via rear entry,convicted,True
FIR-2025-KAL-0295,2025-05-09,Kalaburagi,Chokshi Path,NDPS,NDPS Act 20,hostel network supply,charge-sheeted,True
FIR-2024-BEN-0296,2024-10-04,Bengaluru City,Sagar Path,Rioting,BNS 191,protest escalation,charge-sheeted,True
FIR-2024-UDU-0297,2024-08-24,Udupi,Kalita,Cheating,BNS 318,fake job placement racket,closed,True
FIR-2025-CHI-0298,2025-06-26,Chickballapura,Pathak Chowk,Burglary,BNS 331,night house-break via rear entry,convicted,True
FIR-2024-RAI-0299,2024-01-31,Raichur,Sandhu Marg,Cheating,BNS 318,land document forgery,closed,True
FIR-2025-HAS-0300,2025-09-11,Hassan,Bail,Theft,BNS 303,vehicle theft from parking,court-pending,True
FIR-2025-KOL-0301,2025-12-06,Kolar,Thakur Chowk,Theft,BNS 303,vehicle theft from parking,charge-sheeted,True
FIR-2025-BEL-0302,2025-06-29,Belagavi,Dasgupta Circle,NDPS,NDPS Act 20,street-level peddling,charge-sheeted,True
FIR-2024-DAK-0303,2024-07-11,Dakshina Kannada,Shetty Zila,Chain Snatching,BNS 304,market crowd snatching,convicted,True
FIR-2024-CHI-0304,2024-03-22,Chickballapura,Comar Circle,Cyber Fraud,IT Act 66D,courier scam,court-pending,True
FIR-2025-BEN-0305,2025-02-22,Bengaluru City,Zacharia Street,Murder,BNS 103,personal enmity,closed,True
FIR-2025-CHI-0306,2025-09-23,Chickballapura,Soni Zila,Extortion,BNS 308,protection money demand,convicted,True
FIR-2024-BAL-0307,2024-02-13,Ballari,Chaudhary Marg,Extortion,BNS 308,protection money demand,closed,True
FIR-2024-BAG-0308,2024-10-19,Bagalkot,Naik,Theft,BNS 303,pickpocketing in transit,charge-sheeted,True
FIR-2025-RAI-0309,2025-05-27,Raichur,Srinivas Nagar,Robbery,BNS 309,highway vehicle stop,charge-sheeted,True
FIR-2024-BAG-0310,2024-05-06,Bagalkot,Ghosh Nagar,Chain Snatching,BNS 304,two-wheeler drive-by snatching,under-investigation,True
FIR-2025-SHI-0311,2025-12-30,Shivamogga,Parmer Circle,Chain Snatching,BNS 304,market crowd snatching,convicted,True
FIR-2025-CHI-0312,2025-04-14,Chickballapura,Pathak Chowk,Murder,BNS 103,personal enmity,court-pending,True
FIR-2025-BAG-0313,2025-02-23,Bagalkot,Khanna Path,Extortion,BNS 308,protection money demand,court-pending,True
FIR-2025-SHI-0314,2025-11-14,Shivamogga,Parmer Circle,Murder,BNS 103,personal enmity,closed,True
FIR-2025-RAI-0315,2025-09-01,Raichur,Srinivas Nagar,Rioting,BNS 191,protest escalation,closed,True
FIR-2025-TUM-0316,2025-07-17,Tumakuru,Pau Marg,Cheating,BNS 318,investment ponzi scheme,charge-sheeted,True
FIR-2024-SHI-0317,2024-03-30,Shivamogga,Rao Nagar,Rioting,BNS 191,protest escalation,court-pending,True
FIR-2024-BEN-0318,2024-07-17,Bengaluru City,Sagar Path,Theft,BNS 303,vehicle theft from parking,under-investigation,True
FIR-2025-VIJ-0319,2025-10-14,Vijayapur,Tailor Road,NDPS,NDPS Act 20,hostel network supply,court-pending,True
FIR-2025-HAS-0320,2025-12-03,Hassan,Kala Zila,Robbery,BNS 309,ATM-exit targeting,charge-sheeted,True
FIR-2025-MYS-0321,2025-04-30,Mysuru,Kurian Street,Extortion,BNS 308,digital arrest threat call,charge-sheeted,True
FIR-2024-KAL-0322,2024-12-28,Kalaburagi,Narang Nagar,Cyber Fraud,IT Act 66D,OTP social engineering,convicted,True
FIR-2024-HAS-0323,2024-11-11,Hassan,Gupta Road,Robbery,BNS 309,highway vehicle stop,convicted,True
FIR-2024-MYS-0324,2024-04-24,Mysuru,Kurian Street,Chain Snatching,BNS 304,market crowd snatching,closed,True
FIR-2025-SHI-0325,2025-06-20,Shivamogga,Parmer Circle,Extortion,BNS 308,protection money demand,under-investigation,True
FIR-2024-BEN-0326,2024-04-28,Bengaluru City,Zacharia Street,NDPS,NDPS Act 20,hostel network supply,closed,True
FIR-2025-SHI-0327,2025-08-14,Shivamogga,Pillai Zila,Murder,BNS 103,personal enmity,charge-sheeted,True
FIR-2025-KAL-0328,2025-07-16,Kalaburagi,Narang Nagar,Robbery,BNS 309,knife-point street robbery,court-pending,True
FIR-2025-MYS-0329,2025-04-27,Mysuru,Mahajan Circle,Murder,BNS 103,personal enmity,charge-sheeted,True
FIR-2025-KAL-0330,2025-08-04,Kalaburagi,Chokshi Path,Extortion,BNS 308,digital arrest threat call,convicted,True
FIR-2024-BEN-0331,2024-11-28,Bengaluru City,Sagar Path,Cyber Fraud,IT Act 66D,OTP social engineering,charge-sheeted,True
FIR-2024-RAI-0332,2024-11-29,Raichur,Balasubramanian Chowk,Robbery,BNS 309,ATM-exit targeting,convicted,True
FIR-2025-TUM-0333,2025-01-28,Tumakuru,Pau Marg,Extortion,BNS 308,digital arrest threat call,under-investigation,True
FIR-2025-BEL-0334,2025-04-19,Belagavi,Raj Road,Rioting,BNS 191,protest escalation,under-investigation,True
FIR-2025-BEN-0335,2025-10-13,Bengaluru City,Iyer Street,Chain Snatching,BNS 304,market crowd snatching,court-pending,True
FIR-2025-SHI-0336,2025-08-06,Shivamogga,Rao Nagar,Theft,BNS 303,shop till theft,convicted,True
FIR-2025-RAI-0337,2025-01-13,Raichur,Balasubramanian Chowk,Murder,BNS 103,gang rivalry,under-investigation,True
FIR-2025-UDU-0338,2025-12-29,Udupi,Dhillon Road,Rioting,BNS 191,communal flashpoint clash,court-pending,True
FIR-2024-BEN-0339,2024-01-12,Bengaluru City,Iyer Street,Chain Snatching,BNS 304,market crowd snatching,convicted,True
FIR-2025-DHA-0340,2025-04-11,Dharwad,Ghosh Road,Cheating,BNS 318,fake job placement racket,charge-sheeted,True
FIR-2025-MYS-0341,2025-08-13,Mysuru,Contractor Path,Burglary,BNS 331,night house-break via rear entry,convicted,True
FIR-2025-TUM-0342,2025-06-13,Tumakuru,Borra Chowk,Extortion,BNS 308,protection money demand,under-investigation,True
FIR-2025-CHI-0343,2025-06-08,Chickballapura,Soni Zila,Extortion,BNS 308,digital arrest threat call,charge-sheeted,True
FIR-2025-SHI-0344,2025-11-03,Shivamogga,Patil Ganj,Murder,BNS 103,personal enmity,under-investigation,True
FIR-2024-BAL-0345,2024-09-24,Ballari,Chaudhary Marg,Rioting,BNS 191,protest escalation,convicted,True
FIR-2025-BAL-0346,2025-01-27,Ballari,Chaudhary Marg,Cheating,BNS 318,investment ponzi scheme,convicted,True
FIR-2025-CHI-0347,2025-02-12,Chickballapura,Soni Zila,Extortion,BNS 308,protection money demand,charge-sheeted,True
FIR-2025-HAS-0348,2025-01-26,Hassan,Gupta Road,Extortion,BNS 308,digital arrest threat call,under-investigation,True
FIR-2025-BAL-0349,2025-04-17,Ballari,Saini Circle,Cheating,BNS 318,land document forgery,court-pending,True
FIR-2024-KOL-0350,2024-04-10,Kolar,Chopra Circle,Cheating,BNS 318,fake job placement racket,convicted,True
FIR-2024-UDU-0351,2024-05-13,Udupi,Narasimhan Ganj,Burglary,BNS 331,terrace entry,closed,True
FIR-2024-TUM-0352,2024-06-14,Tumakuru,Pau Marg,Theft,BNS 303,shop till theft,convicted,True
FIR-2024-DHA-0353,2024-04-21,Dharwad,Ghosh Road,Robbery,BNS 309,knife-point street robbery,court-pending,True
FIR-2025-CHI-0354,2025-04-01,Chickballapura,Comar Circle,Robbery,BNS 309,knife-point street robbery,court-pending,True
FIR-2025-UDU-0355,2025-05-17,Udupi,Kalita,Rioting,BNS 191,communal flashpoint clash,court-pending,True
FIR-2024-TUM-0356,2024-02-26,Tumakuru,Pau Marg,Cheating,BNS 318,fake job placement racket,court-pending,True
FIR-2025-MAN-0357,2025-10-07,Mandya,Johal Zila,Robbery,BNS 309,ATM-exit targeting,under-investigation,True
FIR-2025-TUM-0358,2025-02-02,Tumakuru,Pau Marg,Extortion,BNS 308,digital arrest threat call,charge-sheeted,True
FIR-2025-RAI-0359,2025-04-14,Raichur,Srinivas Nagar,NDPS,NDPS Act 20,street-level peddling,convicted,True
FIR-2024-MYS-0360,2024-01-15,Mysuru,Merchant Chowk,Burglary,BNS 331,night house-break via rear entry,convicted,True
FIR-2024-UDU-0361,2024-07-26,Udupi,Agate Street,Robbery,BNS 309,ATM-exit targeting,under-investigation,True
FIR-2024-BEL-0362,2024-06-26,Belagavi,Pillay Chowk,Rioting,BNS 191,protest escalation,court-pending,True
FIR-2024-DAK-0363,2024-03-23,Dakshina Kannada,Shetty Zila,Rioting,BNS 191,protest escalation,convicted,True
FIR-2025-BAG-0364,2025-06-19,Bagalkot,Ben Road,Theft,BNS 303,vehicle theft from parking,under-investigation,True
FIR-2025-BEN-0365,2025-03-04,Bengaluru City,Iyer Street,Cyber Fraud,IT Act 66D,UPI phishing call,under-investigation,True
FIR-2025-DAK-0366,2025-04-30,Dakshina Kannada,Shetty Zila,Robbery,BNS 309,highway vehicle stop,under-investigation,True
FIR-2024-DAK-0367,2024-06-29,Dakshina Kannada,Shetty Zila,NDPS,NDPS Act 20,street-level peddling,charge-sheeted,True
FIR-2024-DHA-0368,2024-08-21,Dharwad,Ghosh Road,Cyber Fraud,IT Act 66D,fake loan app extortion,charge-sheeted,True
FIR-2024-VIJ-0369,2024-05-19,Vijayapur,Yogi Ganj,Cyber Fraud,IT Act 66D,fake loan app extortion,closed,True
FIR-2025-DAK-0370,2025-09-10,Dakshina Kannada,Rege Road,Cyber Fraud,IT Act 66D,courier scam,under-investigation,True
FIR-2024-BAL-0371,2024-09-10,Ballari,Saini Circle,Burglary,BNS 331,night house-break via rear entry,closed,True
FIR-2025-BAL-0372,2025-05-22,Ballari,Prabhakar Chowk,Extortion,BNS 308,protection money demand,court-pending,True
FIR-2024-SHI-0373,2024-01-17,Shivamogga,Pillai Zila,Robbery,BNS 309,ATM-exit targeting,convicted,True
FIR-2025-TUM-0374,2025-10-04,Tumakuru,Rana Zila,Chain Snatching,BNS 304,market crowd snatching,closed,True
FIR-2025-MYS-0375,2025-11-21,Mysuru,Mahajan Circle,Rioting,BNS 191,protest escalation,charge-sheeted,True
FIR-2025-VIJ-0376,2025-12-27,Vijayapur,Chatterjee Zila,NDPS,NDPS Act 20,street-level peddling,closed,True
FIR-2024-MAN-0377,2024-10-10,Mandya,Jha,Cyber Fraud,IT Act 66D,UPI phishing call,charge-sheeted,True
FIR-2024-SHI-0378,2024-07-02,Shivamogga,Patil Ganj,Cheating,BNS 318,investment ponzi scheme,court-pending,True
FIR-2025-BAG-0379,2025-03-06,Bagalkot,Khanna Path,Cyber Fraud,IT Act 66D,UPI phishing call,under-investigation,True
FIR-2025-BAG-0380,2025-07-15,Bagalkot,Ben Road,NDPS,NDPS Act 20,street-level peddling,charge-sheeted,True
FIR-2024-MAN-0381,2024-05-31,Mandya,Jha,Murder,BNS 103,personal enmity,charge-sheeted,True
FIR-2024-HAS-0382,2024-08-31,Hassan,Sha Zila,Chain Snatching,BNS 304,market crowd snatching,charge-sheeted,True
FIR-2024-BEL-0383,2024-11-04,Belagavi,Lalla Nagar,NDPS,NDPS Act 20,courier parcel concealment,charge-sheeted,True
FIR-2025-SHI-0384,2025-04-30,Shivamogga,Pillai Zila,Theft,BNS 303,pickpocketing in transit,convicted,True
FIR-2024-RAI-0385,2024-05-22,Raichur,Balasubramanian Chowk,Murder,BNS 103,property dispute,charge-sheeted,True
FIR-2025-DAV-0386,2025-06-23,Davanagere,Bali Road,Rioting,BNS 191,protest escalation,under-investigation,True
FIR-2025-KAL-0387,2025-02-11,Kalaburagi,Kant,Cyber Fraud,IT Act 66D,OTP social engineering,charge-sheeted,True
FIR-2024-DHA-0388,2024-06-16,Dharwad,Aurora Street,Theft,BNS 303,vehicle theft from parking,convicted,True
FIR-2025-DAK-0389,2025-02-28,Dakshina Kannada,Barad Nagar,Theft,BNS 303,vehicle theft from parking,convicted,True
FIR-2024-BAG-0390,2024-11-07,Bagalkot,Naik,Rioting,BNS 191,protest escalation,closed,True
FIR-2025-BAL-0391,2025-12-05,Ballari,Prabhakar Chowk,Extortion,BNS 308,digital arrest threat call,under-investigation,True
FIR-2025-BEL-0392,2025-12-11,Belagavi,Pillay Chowk,Extortion,BNS 308,protection money demand,court-pending,True
FIR-2024-DHA-0393,2024-02-24,Dharwad,Bal Zila,Chain Snatching,BNS 304,two-wheeler drive-by snatching,court-pending,True
FIR-2025-RAI-0394,2025-12-05,Raichur,Sandhu Marg,Rioting,BNS 191,communal flashpoint clash,convicted,True
FIR-2025-VIJ-0395,2025-05-30,Vijayapur,Tailor Road,Chain Snatching,BNS 304,two-wheeler drive-by snatching,charge-sheeted,True
FIR-2024-SHI-0396,2024-12-16,Shivamogga,Patil Ganj,Rioting,BNS 191,communal flashpoint clash,convicted,True
FIR-2024-VIJ-0397,2024-05-08,Vijayapur,Chatterjee Zila,Theft,BNS 303,shop till theft,closed,True
FIR-2024-VIJ-0398,2024-02-13,Vijayapur,Tailor Road,Cheating,BNS 318,land document forgery,under-investigation,True
FIR-2024-MAN-0399,2024-07-23,Mandya,Nath Nagar,Rioting,BNS 191,protest escalation,under-investigation,True
FIR-2025-TUM-0400,2025-08-06,Tumakuru,Borra Chowk,NDPS,NDPS Act 20,street-level peddling,convicted,True
FIR-2025-CHI-0401,2025-05-31,Chickballapura,Soni Zila,Burglary,BNS 331,night house-break via rear entry,convicted,True
FIR-2025-VIJ-0402,2025-03-10,Vijayapur,Chatterjee Zila,Cheating,BNS 318,fake job placement racket,charge-sheeted,True
FIR-2024-UDU-0403,2024-04-28,Udupi,Agate Street,Extortion,BNS 308,digital arrest threat call,charge-sheeted,True
FIR-2025-MAN-0404,2025-05-02,Mandya,Dass Ganj,Burglary,BNS 331,terrace entry,under-investigation,True
FIR-2025-BEL-0405,2025-12-12,Belagavi,Dasgupta Circle,Cheating,BNS 318,investment ponzi scheme,under-investigation,True
FIR-2025-BAG-0406,2025-06-07,Bagalkot,Khanna Path,Rioting,BNS 191,protest escalation,under-investigation,True
FIR-2024-CHI-0407,2024-03-10,Chickballapura,Sama Street,Murder,BNS 103,property dispute,closed,True
FIR-2025-BAG-0408,2025-05-19,Bagalkot,Naik,NDPS,NDPS Act 20,courier parcel concealment,under-investigation,True
FIR-2025-HAS-0409,2025-04-05,Hassan,Bail,Cheating,BNS 318,investment ponzi scheme,charge-sheeted,True
FIR-2025-RAI-0410,2025-11-22,Raichur,Swaminathan Zila,Rioting,BNS 191,communal flashpoint clash,charge-sheeted,True
FIR-2025-MYS-0411,2025-08-27,Mysuru,Kurian Street,Murder,BNS 103,property dispute,convicted,True
FIR-2025-MAN-0412,2025-02-25,Mandya,Nath Nagar,Cyber Fraud,IT Act 66D,fake loan app extortion,court-pending,True
FIR-2025-KOL-0413,2025-08-04,Kolar,Mitra Circle,Cheating,BNS 318,land document forgery,under-investigation,True
FIR-2024-HAS-0414,2024-12-10,Hassan,Sha Zila,Burglary,BNS 331,lock-picking daytime entry,court-pending,True
FIR-2024-MYS-0415,2024-09-28,Mysuru,Merchant Chowk,Theft,BNS 303,shop till theft,closed,True
FIR-2024-KOL-0416,2024-12-10,Kolar,Mitra Circle,Rioting,BNS 191,protest escalation,charge-sheeted,True
FIR-2025-KOL-0417,2025-02-28,Kolar,Mitra Circle,Burglary,BNS 331,terrace entry,court-pending,True
FIR-2025-VIJ-0418,2025-10-03,Vijayapur,Yogi Ganj,Rioting,BNS 191,communal flashpoint clash,charge-sheeted,True
FIR-2025-VIJ-0419,2025-10-11,Vijayapur,Rama Street,Robbery,BNS 309,highway vehicle stop,under-investigation,True
FIR-2024-BAL-0420,2024-06-02,Ballari,Dubey,Robbery,BNS 309,ATM-exit targeting,charge-sheeted,True
FIR-2024-BEN-0421,2024-05-19,Bengaluru City,Zacharia Street,Theft,BNS 303,shop till theft,convicted,True
FIR-2024-TUM-0422,2024-02-26,Tumakuru,Pau Marg,Murder,BNS 103,personal enmity,court-pending,True
FIR-2024-KOL-0423,2024-04-24,Kolar,Chopra Circle,Burglary,BNS 331,terrace entry,court-pending,True
FIR-2025-BAL-0424,2025-02-03,Ballari,Chaudhary Marg,Cyber Fraud,IT Act 66D,UPI phishing call,under-investigation,True
FIR-2024-RAI-0425,2024-11-20,Raichur,Swaminathan Zila,Robbery,BNS 309,knife-point street robbery,charge-sheeted,True
FIR-2024-MYS-0426,2024-11-11,Mysuru,Mahajan Circle,Cyber Fraud,IT Act 66D,fake loan app extortion,convicted,True
FIR-2024-VIJ-0427,2024-10-31,Vijayapur,Chatterjee Zila,Burglary,BNS 331,terrace entry,closed,True
FIR-2025-DHA-0428,2025-04-27,Dharwad,Bal Zila,Extortion,BNS 308,protection money demand,convicted,True
FIR-2024-DAK-0429,2024-02-23,Dakshina Kannada,Barad Nagar,Murder,BNS 103,personal enmity,convicted,True
FIR-2025-KAL-0430,2025-12-31,Kalaburagi,Kant,NDPS,NDPS Act 20,courier parcel concealment,convicted,True
FIR-2024-MAN-0431,2024-07-22,Mandya,Dass Ganj,Rioting,BNS 191,protest escalation,charge-sheeted,True
FIR-2025-BAL-0432,2025-10-24,Ballari,Prabhakar Chowk,NDPS,NDPS Act 20,street-level peddling,closed,True
FIR-2024-KAL-0433,2024-09-23,Kalaburagi,Chokshi Path,Rioting,BNS 191,communal flashpoint clash,closed,True
FIR-2024-CHI-0434,2024-09-29,Chickballapura,Pathak Chowk,Robbery,BNS 309,ATM-exit targeting,under-investigation,True
FIR-2024-BEN-0435,2024-05-29,Bengaluru City,Zacharia Street,Cheating,BNS 318,investment ponzi scheme,closed,True
FIR-2025-VIJ-0436,2025-12-10,Vijayapur,Rama Street,Cyber Fraud,IT Act 66D,OTP social engineering,convicted,True
FIR-2025-UDU-0437,2025-05-31,Udupi,Agate Street,Theft,BNS 303,pickpocketing in transit,closed,True
FIR-2024-KOL-0438,2024-06-22,Kolar,Mitra Circle,Theft,BNS 303,shop till theft,closed,True
FIR-2024-MAN-0439,2024-10-14,Mandya,Johal Zila,Chain Snatching,BNS 304,market crowd snatching,under-investigation,True
FIR-2025-BAG-0440,2025-11-04,Bagalkot,Khanna Path,Chain Snatching,BNS 304,two-wheeler drive-by snatching,under-investigation,True
FIR-2025-KAL-0441,2025-04-13,Kalaburagi,Chokshi Path,Cyber Fraud,IT Act 66D,fake loan app extortion,charge-sheeted,True
FIR-2025-BEL-0442,2025-11-24,Belagavi,Pillay Chowk,Robbery,BNS 309,ATM-exit targeting,under-investigation,True
FIR-2024-CHI-0443,2024-01-30,Chickballapura,Pathak Chowk,Chain Snatching,BNS 304,market crowd snatching,court-pending,True
FIR-2024-MYS-0444,2024-11-26,Mysuru,Mahajan Circle,Theft,BNS 303,pickpocketing in transit,court-pending,True
FIR-2024-KAL-0445,2024-10-18,Kalaburagi,Chokshi Path,Chain Snatching,BNS 304,market crowd snatching,under-investigation,True
FIR-2024-CHI-0446,2024-07-23,Chickballapura,Pathak Chowk,NDPS,NDPS Act 20,courier parcel concealment,closed,True
FIR-2025-DHA-0447,2025-09-20,Dharwad,Zachariah Street,Cyber Fraud,IT Act 66D,OTP social engineering,under-investigation,True
FIR-2025-TUM-0448,2025-03-23,Tumakuru,Rana Zila,Extortion,BNS 308,protection money demand,charge-sheeted,True
FIR-2024-MYS-0449,2024-03-19,Mysuru,Mahajan Circle,NDPS,NDPS Act 20,courier parcel concealment,court-pending,True
FIR-2024-BEL-0450,2024-01-17,Belagavi,Raj Road,NDPS,NDPS Act 20,street-level peddling,closed,True
FIR-2024-HAS-0451,2024-09-28,Hassan,Sha Zila,Rioting,BNS 191,protest escalation,court-pending,True
FIR-2024-CHI-0452,2024-01-14,Chickballapura,Pathak Chowk,Robbery,BNS 309,ATM-exit targeting,convicted,True
FIR-2024-KAL-0453,2024-03-30,Kalaburagi,Sinha Ganj,Theft,BNS 303,pickpocketing in transit,convicted,True
FIR-2025-SHI-0454,2025-07-05,Shivamogga,Rao Nagar,Burglary,BNS 331,lock-picking daytime entry,under-investigation,True
FIR-2024-VIJ-0455,2024-09-05,Vijayapur,Yogi Ganj,Rioting,BNS 191,protest escalation,court-pending,True
FIR-2025-CHI-0456,2025-08-28,Chickballapura,Comar Circle,NDPS,NDPS Act 20,hostel network supply,convicted,True
FIR-2025-DHA-0457,2025-10-23,Dharwad,Zachariah Street,Rioting,BNS 191,communal flashpoint clash,under-investigation,True
FIR-2025-MAN-0458,2025-03-02,Mandya,Johal Zila,Cheating,BNS 318,investment ponzi scheme,convicted,True
FIR-2024-DHA-0459,2024-04-13,Dharwad,Aurora Street,Burglary,BNS 331,night house-break via rear entry,charge-sheeted,True
FIR-2025-TUM-0460,2025-05-30,Tumakuru,Pau Marg,Chain Snatching,BNS 304,two-wheeler drive-by snatching,charge-sheeted,True
FIR-2025-BAG-0461,2025-12-24,Bagalkot,Ben Road,Chain Snatching,BNS 304,two-wheeler drive-by snatching,closed,True
FIR-2024-DAK-0462,2024-04-17,Dakshina Kannada,Shetty Zila,NDPS,NDPS Act 20,courier parcel concealment,convicted,True
FIR-2024-VIJ-0463,2024-05-21,Vijayapur,Rama Street,Cyber Fraud,IT Act 66D,UPI phishing call,closed,True
FIR-2025-BAL-0464,2025-01-04,Ballari,Saini Circle,Cheating,BNS 318,land document forgery,convicted,True
FIR-2025-TUM-0465,2025-06-13,Tumakuru,Borra Chowk,Murder,BNS 103,property dispute,charge-sheeted,True
FIR-2025-RAI-0466,2025-03-05,Raichur,Sandhu Marg,Rioting,BNS 191,protest escalation,convicted,True
FIR-2025-VIJ-0467,2025-10-21,Vijayapur,Rama Street,Extortion,BNS 308,digital arrest threat call,convicted,True
FIR-2024-VIJ-0468,2024-10-17,Vijayapur,Tailor Road,Chain Snatching,BNS 304,market crowd snatching,court-pending,True
FIR-2025-DAV-0469,2025-08-29,Davanagere,Bali Road,NDPS,NDPS Act 20,courier parcel concealment,convicted,True
FIR-2024-BEL-0470,2024-12-28,Belagavi,Raj Road,Cyber Fraud,IT Act 66D,courier scam,under-investigation,True
FIR-2025-BAG-0471,2025-01-04,Bagalkot,Khanna Path,Cyber Fraud,IT Act 66D,courier scam,under-investigation,True
FIR-2025-RAI-0472,2025-02-16,Raichur,Swaminathan Zila,NDPS,NDPS Act 20,hostel network supply,convicted,True
FIR-2025-BAG-0473,2025-12-29,Bagalkot,Naik,Extortion,BNS 308,protection money demand,closed,True
FIR-2025-MAN-0474,2025-02-22,Mandya,Jha,Rioting,BNS 191,communal flashpoint clash,under-investigation,True
FIR-2024-SHI-0475,2024-11-08,Shivamogga,Pillai Zila,Murder,BNS 103,personal enmity,under-investigation,True
FIR-2025-CHI-0476,2025-01-21,Chickballapura,Comar Circle,Cyber Fraud,IT Act 66D,courier scam,convicted,True
FIR-2025-UDU-0477,2025-01-31,Udupi,Agate Street,Rioting,BNS 191,protest escalation,court-pending,True
FIR-2025-BEL-0478,2025-12-25,Belagavi,Lalla Nagar,Rioting,BNS 191,communal flashpoint clash,under-investigation,True
FIR-2024-VIJ-0479,2024-10-08,Vijayapur,Chatterjee Zila,Murder,BNS 103,gang rivalry,convicted,True
FIR-2025-DAK-0480,2025-03-23,Dakshina Kannada,Barad Nagar,Cyber Fraud,IT Act 66D,OTP social engineering,under-investigation,True
FIR-2024-DHA-0481,2024-06-06,Dharwad,Ghosh Road,Robbery,BNS 309,knife-point street robbery,under-investigation,True
FIR-2025-BEL-0482,2025-01-19,Belagavi,Lalla Nagar,Theft,BNS 303,pickpocketing in transit,under-investigation,True
FIR-2025-DHA-0483,2025-07-20,Dharwad,Zachariah Street,Extortion,BNS 308,digital arrest threat call,charge-sheeted,True
FIR-2025-KAL-0484,2025-10-29,Kalaburagi,Narang Nagar,NDPS,NDPS Act 20,courier parcel concealment,court-pending,True
FIR-2025-RAI-0485,2025-03-09,Raichur,Swaminathan Zila,Cyber Fraud,IT Act 66D,courier scam,under-investigation,True
FIR-2025-UDU-0486,2025-11-27,Udupi,Agate Street,Theft,BNS 303,vehicle theft from parking,convicted,True
FIR-2024-UDU-0487,2024-04-01,Udupi,Kalita,Theft,BNS 303,pickpocketing in transit,convicted,True
FIR-2025-BAG-0488,2025-12-25,Bagalkot,Ghosh Nagar,Theft,BNS 303,shop till theft,under-investigation,True
FIR-2024-DAK-0489,2024-01-10,Dakshina Kannada,Barad Nagar,Murder,BNS 103,gang rivalry,court-pending,True
FIR-2024-BAG-0490,2024-02-01,Bagalkot,Khanna Path,NDPS,NDPS Act 20,courier parcel concealment,charge-sheeted,True
FIR-2025-VIJ-0491,2025-04-18,Vijayapur,Rama Street,Robbery,BNS 309,ATM-exit targeting,under-investigation,True
FIR-2024-DAV-0492,2024-02-07,Davanagere,Saxena Chowk,Cyber Fraud,IT Act 66D,fake loan app extortion,closed,True
FIR-2025-DAK-0493,2025-11-06,Dakshina Kannada,Shetty Zila,Burglary,BNS 331,terrace entry,court-pending,True
FIR-2025-BEN-0494,2025-04-09,Bengaluru City,Wali Path,NDPS,NDPS Act 20,hostel network supply,court-pending,True
FIR-2025-CHI-0495,2025-04-22,Chickballapura,Soni Zila,NDPS,NDPS Act 20,street-level peddling,court-pending,True
FIR-2024-UDU-0496,2024-01-06,Udupi,Narasimhan Ganj,Cyber Fraud,IT Act 66D,UPI phishing call,charge-sheeted,True
FIR-2024-BEN-0497,2024-01-29,Bengaluru City,Zacharia Street,Robbery,BNS 309,knife-point street robbery,convicted,True
FIR-2025-BAG-0498,2025-10-02,Bagalkot,Khanna Path,Robbery,BNS 309,knife-point street robbery,under-investigation,True
FIR-2025-MYS-0499,2025-03-28,Mysuru,Merchant Chowk,Murder,BNS 103,property dispute,court-pending,True
FIR-2024-DHA-0500,2024-04-08,Dharwad,Ghosh Road,Cheating,BNS 318,land document forgery,convicted,True
FIR-2025-KOL-0501,2025-04-09,Kolar,Bassi Ganj,Murder,BNS 103,personal enmity,court-pending,True
FIR-2024-MAN-0502,2024-09-19,Mandya,Johal Zila,NDPS,NDPS Act 20,hostel network supply,charge-sheeted,True
FIR-2025-MAN-0503,2025-10-29,Mandya,Jha,NDPS,NDPS Act 20,hostel network supply,court-pending,True
FIR-2024-KOL-0504,2024-08-31,Kolar,Chopra Circle,Murder,BNS 103,personal enmity,charge-sheeted,True
FIR-2025-HAS-0505,2025-09-22,Hassan,Sha Zila,Cyber Fraud,IT Act 66D,UPI phishing call,under-investigation,True
FIR-2025-HAS-0506,2025-05-07,Hassan,Bail,Burglary,BNS 331,night house-break via rear entry,under-investigation,True
FIR-2024-KAL-0507,2024-04-27,Kalaburagi,Narang Nagar,NDPS,NDPS Act 20,hostel network supply,charge-sheeted,True
FIR-2024-DAK-0508,2024-10-17,Dakshina Kannada,Rege Road,Burglary,BNS 331,terrace entry,closed,True
FIR-2024-DAV-0509,2024-06-29,Davanagere,Reddy Chowk,Murder,BNS 103,property dispute,under-investigation,True
FIR-2025-DAK-0510,2025-11-07,Dakshina Kannada,Barad Nagar,Burglary,BNS 331,night house-break via rear entry,convicted,True
FIR-2025-MAN-0511,2025-06-29,Mandya,Jha,Burglary,BNS 331,terrace entry,court-pending,True
FIR-2025-DAV-0512,2025-10-06,Davanagere,Bali Road,Murder,BNS 103,gang rivalry,convicted,True
FIR-2024-UDU-0513,2024-03-07,Udupi,Agate Street,Rioting,BNS 191,protest escalation,charge-sheeted,True
FIR-2025-MYS-0514,2025-08-20,Mysuru,Kurian Street,Rioting,BNS 191,communal flashpoint clash,under-investigation,True
FIR-2024-MAN-0515,2024-10-29,Mandya,Dass Ganj,Cyber Fraud,IT Act 66D,courier scam,court-pending,True
FIR-2024-DAV-0516,2024-08-27,Davanagere,Reddy Chowk,Extortion,BNS 308,protection money demand,charge-sheeted,True
FIR-2025-VIJ-0517,2025-07-13,Vijayapur,Yogi Ganj,Murder,BNS 103,property dispute,under-investigation,True
FIR-2024-SHI-0518,2024-11-02,Shivamogga,Parmer Circle,Murder,BNS 103,property dispute,convicted,True
FIR-2024-BAL-0519,2024-08-21,Ballari,Saini Circle,Cheating,BNS 318,land document forgery,charge-sheeted,True
FIR-2025-DHA-0520,2025-12-15,Dharwad,Ghosh Road,Cheating,BNS 318,land document forgery,charge-sheeted,True
FIR-2025-UDU-0521,2025-12-03,Udupi,Agate Street,Cheating,BNS 318,investment ponzi scheme,charge-sheeted,True
FIR-2025-CHI-0522,2025-07-01,Chickballapura,Sama Street,Robbery,BNS 309,highway vehicle stop,charge-sheeted,True
FIR-2025-CHI-0523,2025-12-06,Chickballapura,Sama Street,Murder,BNS 103,personal enmity,under-investigation,True
FIR-2024-BAG-0524,2024-03-12,Bagalkot,Khanna Path,NDPS,NDPS Act 20,street-level peddling,charge-sheeted,True
FIR-2025-CHI-0525,2025-03-04,Chickballapura,Sama Street,NDPS,NDPS Act 20,street-level peddling,charge-sheeted,True
FIR-2024-BEN-0526,2024-07-25,Bengaluru City,Iyer Street,Theft,BNS 303,shop till theft,charge-sheeted,True
FIR-2025-SHI-0527,2025-04-12,Shivamogga,Rao Nagar,Rioting,BNS 191,communal flashpoint clash,court-pending,True
FIR-2025-MYS-0528,2025-12-16,Mysuru,Kurian Street,Cheating,BNS 318,investment ponzi scheme,closed,True
FIR-2024-MAN-0529,2024-05-04,Mandya,Nath Nagar,NDPS,NDPS Act 20,hostel network supply,convicted,True
FIR-2024-TUM-0530,2024-01-28,Tumakuru,Rana Zila,Extortion,BNS 308,digital arrest threat call,charge-sheeted,True
FIR-2025-BAG-0531,2025-05-11,Bagalkot,Khanna Path,Extortion,BNS 308,protection money demand,under-investigation,True
FIR-2025-BEL-0532,2025-09-13,Belagavi,Dasgupta Circle,Murder,BNS 103,gang rivalry,under-investigation,True
FIR-2025-VIJ-0533,2025-03-27,Vijayapur,Tailor Road,Chain Snatching,BNS 304,two-wheeler drive-by snatching,closed,True
FIR-2025-VIJ-0534,2025-01-21,Vijayapur,Chatterjee Zila,Murder,BNS 103,personal enmity,charge-sheeted,True
FIR-2024-DAK-0535,2024-04-08,Dakshina Kannada,Rege Road,Burglary,BNS 331,lock-picking daytime entry,closed,True
FIR-2024-HAS-0536,2024-12-31,Hassan,Sha Zila,Robbery,BNS 309,knife-point street robbery,under-investigation,True
FIR-2024-CHI-0537,2024-11-04,Chickballapura,Sama Street,Cheating,BNS 318,land document forgery,convicted,True
FIR-2025-HAS-0538,2025-11-13,Hassan,Gupta Road,Cyber Fraud,IT Act 66D,courier scam,court-pending,True
FIR-2024-DHA-0539,2024-05-07,Dharwad,Ghosh Road,Rioting,BNS 191,communal flashpoint clash,court-pending,True
FIR-2024-MYS-0540,2024-05-17,Mysuru,Contractor Path,Cyber Fraud,IT Act 66D,OTP social engineering,court-pending,True
FIR-2025-BAG-0541,2025-06-17,Bagalkot,Khanna Path,Burglary,BNS 331,lock-picking daytime entry,under-investigation,True
FIR-2024-TUM-0542,2024-07-28,Tumakuru,Rana Zila,Rioting,BNS 191,protest escalation,convicted,True
FIR-2025-TUM-0543,2025-05-07,Tumakuru,Pau Marg,Theft,BNS 303,vehicle theft from parking,charge-sheeted,True
FIR-2024-SHI-0544,2024-03-26,Shivamogga,Pillai Zila,Cheating,BNS 318,investment ponzi scheme,court-pending,True
FIR-2024-KOL-0545,2024-01-05,Kolar,Bassi Ganj,Burglary,BNS 331,lock-picking daytime entry,charge-sheeted,True
FIR-2024-BEL-0546,2024-02-09,Belagavi,Raj Road,Cheating,BNS 318,investment ponzi scheme,closed,True
FIR-2025-MYS-0547,2025-05-04,Mysuru,Merchant Chowk,Burglary,BNS 331,terrace entry,court-pending,True
FIR-2024-DAK-0548,2024-09-17,Dakshina Kannada,Shetty Zila,Chain Snatching,BNS 304,market crowd snatching,court-pending,True
FIR-2025-SHI-0549,2025-03-13,Shivamogga,Rao Nagar,Chain Snatching,BNS 304,market crowd snatching,court-pending,True
FIR-2024-VIJ-0550,2024-10-02,Vijayapur,Rama Street,Chain Snatching,BNS 304,two-wheeler drive-by snatching,convicted,True
FIR-2025-DHA-0551,2025-06-21,Dharwad,Bal Zila,Cheating,BNS 318,investment ponzi scheme,convicted,True
FIR-2024-VIJ-0552,2024-07-06,Vijayapur,Yogi Ganj,Murder,BNS 103,property dispute,closed,True
FIR-2024-TUM-0553,2024-10-27,Tumakuru,Rana Zila,Robbery,BNS 309,ATM-exit targeting,convicted,True
FIR-2024-KOL-0554,2024-02-12,Kolar,Chopra Circle,Rioting,BNS 191,protest escalation,charge-sheeted,True
FIR-2025-UDU-0555,2025-01-04,Udupi,Dhillon Road,Cyber Fraud,IT Act 66D,OTP social engineering,court-pending,True
FIR-2024-MAN-0556,2024-09-11,Mandya,Johal Zila,Rioting,BNS 191,protest escalation,court-pending,True
FIR-2025-MAN-0557,2025-10-10,Mandya,Nath Nagar,Murder,BNS 103,gang rivalry,closed,True
FIR-2024-VIJ-0558,2024-10-27,Vijayapur,Chatterjee Zila,Cheating,BNS 318,land document forgery,convicted,True
FIR-2025-DAK-0559,2025-04-23,Dakshina Kannada,Barad Nagar,NDPS,NDPS Act 20,courier parcel concealment,closed,True
FIR-2024-HAS-0560,2024-01-30,Hassan,Bail,Robbery,BNS 309,knife-point street robbery,convicted,True
FIR-2025-CHI-0561,2025-10-10,Chickballapura,Sama Street,NDPS,NDPS Act 20,courier parcel concealment,convicted,True
FIR-2025-RAI-0562,2025-01-25,Raichur,Swaminathan Zila,Cheating,BNS 318,investment ponzi scheme,convicted,True
FIR-2025-BEN-0563,2025-01-24,Bengaluru City,Zacharia Street,Cyber Fraud,IT Act 66D,fake loan app extortion,under-investigation,True
FIR-2024-RAI-0564,2024-01-10,Raichur,Swaminathan Zila,Cheating,BNS 318,fake job placement racket,charge-sheeted,True
FIR-2024-CHI-0565,2024-10-07,Chickballapura,Comar Circle,Robbery,BNS 309,ATM-exit targeting,charge-sheeted,True
FIR-2024-CHI-0566,2024-07-02,Chickballapura,Pathak Chowk,Murder,BNS 103,personal enmity,under-investigation,True
FIR-2024-KOL-0567,2024-03-14,Kolar,Bassi Ganj,Cheating,BNS 318,land document forgery,under-investigation,True
FIR-2025-CHI-0568,2025-08-14,Chickballapura,Soni Zila,Chain Snatching,BNS 304,two-wheeler drive-by snatching,closed,True
FIR-2024-CHI-0569,2024-04-08,Chickballapura,Comar Circle,Chain Snatching,BNS 304,two-wheeler drive-by snatching,closed,True
FIR-2024-SHI-0570,2024-09-03,Shivamogga,Pillai Zila,Robbery,BNS 309,highway vehicle stop,court-pending,True
FIR-2024-BAG-0571,2024-10-08,Bagalkot,Ghosh Nagar,Cheating,BNS 318,fake job placement racket,convicted,True
FIR-2025-CHI-0572,2025-08-30,Chickballapura,Pathak Chowk,Robbery,BNS 309,knife-point street robbery,under-investigation,True
FIR-2025-BEL-0573,2025-10-29,Belagavi,Dasgupta Circle,Robbery,BNS 309,knife-point street robbery,closed,True
FIR-2025-DAK-0574,2025-08-11,Dakshina Kannada,Shetty Zila,Chain Snatching,BNS 304,two-wheeler drive-by snatching,court-pending,True
FIR-2025-SHI-0575,2025-06-15,Shivamogga,Rao Nagar,Murder,BNS 103,property dispute,under-investigation,True
FIR-2024-MYS-0576,2024-08-30,Mysuru,Kurian Street,Murder,BNS 103,personal enmity,under-investigation,True
FIR-2024-DHA-0577,2024-05-11,Dharwad,Zachariah Street,Theft,BNS 303,shop till theft,court-pending,True
FIR-2025-DAV-0578,2025-07-02,Davanagere,Bali Road,Chain Snatching,BNS 304,two-wheeler drive-by snatching,convicted,True
FIR-2025-RAI-0579,2025-06-28,Raichur,Swaminathan Zila,Robbery,BNS 309,ATM-exit targeting,under-investigation,True
FIR-2024-BEL-0580,2024-08-15,Belagavi,Lalla Nagar,Robbery,BNS 309,highway vehicle stop,under-investigation,True
FIR-2025-BEL-0581,2025-09-14,Belagavi,Lalla Nagar,Rioting,BNS 191,protest escalation,under-investigation,True
FIR-2025-KAL-0582,2025-12-31,Kalaburagi,Sinha Ganj,NDPS,NDPS Act 20,hostel network supply,under-investigation,True
FIR-2024-BAG-0583,2024-07-06,Bagalkot,Ghosh Nagar,Extortion,BNS 308,digital arrest threat call,convicted,True
FIR-2024-MYS-0584,2024-04-05,Mysuru,Mahajan Circle,Robbery,BNS 309,ATM-exit targeting,convicted,True
FIR-2025-KOL-0585,2025-05-24,Kolar,Chopra Circle,Extortion,BNS 308,protection money demand,charge-sheeted,True
FIR-2024-DAK-0586,2024-08-18,Dakshina Kannada,Shetty Zila,NDPS,NDPS Act 20,street-level peddling,charge-sheeted,True
FIR-2024-BAL-0587,2024-12-12,Ballari,Prabhakar Chowk,Robbery,BNS 309,knife-point street robbery,closed,True
FIR-2025-CHI-0588,2025-09-24,Chickballapura,Sama Street,Extortion,BNS 308,digital arrest threat call,charge-sheeted,True
FIR-2025-VIJ-0589,2025-05-18,Vijayapur,Tailor Road,Cheating,BNS 318,investment ponzi scheme,court-pending,True
FIR-2025-SHI-0590,2025-01-18,Shivamogga,Parmer Circle,Cheating,BNS 318,investment ponzi scheme,charge-sheeted,True
FIR-2025-VIJ-0591,2025-01-02,Vijayapur,Tailor Road,Murder,BNS 103,personal enmity,under-investigation,True
FIR-2025-CHI-0592,2025-03-07,Chickballapura,Comar Circle,Robbery,BNS 309,highway vehicle stop,charge-sheeted,True
FIR-2024-BEN-0593,2024-06-08,Bengaluru City,Iyer Street,Chain Snatching,BNS 304,market crowd snatching,under-investigation,True
FIR-2025-KAL-0594,2025-03-15,Kalaburagi,Sinha Ganj,Robbery,BNS 309,knife-point street robbery,under-investigation,True
FIR-2025-BEL-0595,2025-04-30,Belagavi,Dasgupta Circle,Burglary,BNS 331,terrace entry,under-investigation,True
FIR-2024-KAL-0596,2024-07-15,Kalaburagi,Kant,Theft,BNS 303,shop till theft,convicted,True
FIR-2024-BEL-0597,2024-11-07,Belagavi,Pillay Chowk,Murder,BNS 103,property dispute,charge-sheeted,True
FIR-2024-HAS-0598,2024-02-23,Hassan,Sha Zila,Murder,BNS 103,personal enmity,court-pending,True
FIR-2024-HAS-0599,2024-05-13,Hassan,Kala Zila,NDPS,NDPS Act 20,courier parcel concealment,convicted,True
FIR-2024-BEL-0600,2024-04-18,Belagavi,Lalla Nagar,Robbery,BNS 309,ATM-exit targeting,court-pending,True
FIR-2025-VIJ-0601,2025-04-30,Vijayapur,Chatterjee Zila,Theft,BNS 303,vehicle theft from parking,under-investigation,True
FIR-2024-CHI-0602,2024-03-10,Chickballapura,Pathak Chowk,Cheating,BNS 318,land document forgery,court-pending,True
FIR-2025-RAI-0603,2025-02-11,Raichur,Balasubramanian Chowk,Burglary,BNS 331,terrace entry,under-investigation,True
FIR-2024-VIJ-0604,2024-06-12,Vijayapur,Tailor Road,Murder,BNS 103,gang rivalry,convicted,True
FIR-2024-DAK-0605,2024-05-01,Dakshina Kannada,Rege Road,NDPS,NDPS Act 20,hostel network supply,convicted,True
FIR-2025-MAN-0606,2025-10-09,Mandya,Jha,Burglary,BNS 331,terrace entry,under-investigation,True
FIR-2024-BEN-0607,2024-02-28,Bengaluru City,Zacharia Street,Cyber Fraud,IT Act 66D,fake loan app extortion,under-investigation,True
FIR-2024-UDU-0608,2024-07-27,Udupi,Narasimhan Ganj,Theft,BNS 303,pickpocketing in transit,charge-sheeted,True
FIR-2024-CHI-0609,2024-06-29,Chickballapura,Comar Circle,Chain Snatching,BNS 304,two-wheeler drive-by snatching,court-pending,True
FIR-2025-UDU-0610,2025-03-12,Udupi,Kalita,Robbery,BNS 309,knife-point street robbery,convicted,True
FIR-2024-BEN-0611,2024-04-22,Bengaluru City,Sagar Path,Murder,BNS 103,property dispute,under-investigation,True
FIR-2024-TUM-0612,2024-12-12,Tumakuru,Kara Street,Robbery,BNS 309,highway vehicle stop,under-investigation,True
FIR-2024-BEN-0613,2024-05-06,Bengaluru City,Sagar Path,NDPS,NDPS Act 20,courier parcel concealment,court-pending,True
FIR-2024-MAN-0614,2024-05-30,Mandya,Jha,Cheating,BNS 318,fake job placement racket,under-investigation,True
FIR-2024-MAN-0615,2024-10-15,Mandya,Nath Nagar,Robbery,BNS 309,knife-point street robbery,court-pending,True
FIR-2024-KOL-0616,2024-06-03,Kolar,Bassi Ganj,Rioting,BNS 191,protest escalation,court-pending,True
FIR-2025-MAN-0617,2025-05-26,Mandya,Jha,Theft,BNS 303,pickpocketing in transit,convicted,True
FIR-2024-CHI-0618,2024-05-31,Chickballapura,Sama Street,Cyber Fraud,IT Act 66D,OTP social engineering,court-pending,True
FIR-2025-BAL-0619,2025-10-13,Ballari,Chaudhary Marg,Rioting,BNS 191,protest escalation,charge-sheeted,True
FIR-2024-TUM-0620,2024-08-12,Tumakuru,Kara Street,Rioting,BNS 191,communal flashpoint clash,charge-sheeted,True
FIR-2024-KAL-0621,2024-05-22,Kalaburagi,Kant,Cyber Fraud,IT Act 66D,UPI phishing call,under-investigation,True
FIR-2025-TUM-0622,2025-11-09,Tumakuru,Rana Zila,Robbery,BNS 309,knife-point street robbery,convicted,True
FIR-2024-KAL-0623,2024-07-05,Kalaburagi,Narang Nagar,Chain Snatching,BNS 304,market crowd snatching,charge-sheeted,True
FIR-2024-DHA-0624,2024-01-12,Dharwad,Aurora Street,Chain Snatching,BNS 304,market crowd snatching,court-pending,True
FIR-2024-KOL-0625,2024-04-04,Kolar,Mitra Circle,Theft,BNS 303,vehicle theft from parking,closed,True
FIR-2025-UDU-0626,2025-04-24,Udupi,Dhillon Road,Chain Snatching,BNS 304,market crowd snatching,under-investigation,True
FIR-2024-SHI-0627,2024-12-09,Shivamogga,Pillai Zila,Rioting,BNS 191,communal flashpoint clash,court-pending,True
FIR-2025-HAS-0628,2025-05-10,Hassan,Gupta Road,Robbery,BNS 309,knife-point street robbery,closed,True
FIR-2024-KOL-0629,2024-04-09,Kolar,Chopra Circle,Cyber Fraud,IT Act 66D,fake loan app extortion,court-pending,True
FIR-2024-TUM-0630,2024-03-21,Tumakuru,Kara Street,Extortion,BNS 308,protection money demand,closed,True
FIR-2024-UDU-0631,2024-02-10,Udupi,Narasimhan Ganj,Cheating,BNS 318,investment ponzi scheme,under-investigation,True
FIR-2025-SHI-0632,2025-04-10,Shivamogga,Pillai Zila,Robbery,BNS 309,ATM-exit targeting,under-investigation,True
FIR-2025-SHI-0633,2025-05-14,Shivamogga,Rao Nagar,Chain Snatching,BNS 304,two-wheeler drive-by snatching,charge-sheeted,True
FIR-2025-BAL-0634,2025-10-21,Ballari,Prabhakar Chowk,Rioting,BNS 191,communal flashpoint clash,under-investigation,True
FIR-2025-RAI-0635,2025-04-22,Raichur,Swaminathan Zila,Cyber Fraud,IT Act 66D,fake loan app extortion,under-investigation,True
FIR-2025-CHI-0636,2025-09-10,Chickballapura,Sama Street,Cyber Fraud,IT Act 66D,UPI phishing call,under-investigation,True
FIR-2025-MAN-0637,2025-01-24,Mandya,Johal Zila,Rioting,BNS 191,communal flashpoint clash,closed,True
FIR-2024-UDU-0638,2024-05-25,Udupi,Kalita,Robbery,BNS 309,highway vehicle stop,under-investigation,True
FIR-2024-MAN-0639,2024-10-31,Mandya,Johal Zila,Cyber Fraud,IT Act 66D,fake loan app extortion,charge-sheeted,True
FIR-2025-KAL-0640,2025-09-23,Kalaburagi,Narang Nagar,Rioting,BNS 191,protest escalation,court-pending,True
FIR-2025-DHA-0641,2025-11-21,Dharwad,Bal Zila,Robbery,BNS 309,knife-point street robbery,court-pending,True
FIR-2024-VIJ-0642,2024-04-09,Vijayapur,Rama Street,Rioting,BNS 191,communal flashpoint clash,convicted,True
FIR-2025-BEN-0643,2025-01-07,Bengaluru City,Zacharia Street,Cyber Fraud,IT Act 66D,UPI phishing call,closed,True
FIR-2025-DAK-0644,2025-04-14,Dakshina Kannada,Rege Road,Cyber Fraud,IT Act 66D,courier scam,court-pending,True
FIR-2024-RAI-0645,2024-04-16,Raichur,Balasubramanian Chowk,Robbery,BNS 309,ATM-exit targeting,court-pending,True
FIR-2025-BEL-0646,2025-01-25,Belagavi,Dasgupta Circle,NDPS,NDPS Act 20,street-level peddling,convicted,True
FIR-2025-DAV-0647,2025-06-03,Davanagere,Kalla Path,Burglary,BNS 331,lock-picking daytime entry,convicted,True
FIR-2025-DAK-0648,2025-09-06,Dakshina Kannada,Barad Nagar,Cyber Fraud,IT Act 66D,courier scam,under-investigation,True
FIR-2024-UDU-0649,2024-06-26,Udupi,Agate Street,Cheating,BNS 318,fake job placement racket,court-pending,True
FIR-2025-DAK-0650,2025-07-20,Dakshina Kannada,Dey Zila,Theft,BNS 303,vehicle theft from parking,under-investigation,True
FIR-2024-BAG-0651,2024-05-13,Bagalkot,Ghosh Nagar,Murder,BNS 103,personal enmity,under-investigation,True
FIR-2025-BEN-0652,2025-10-04,Bengaluru City,Sagar Path,Chain Snatching,BNS 304,two-wheeler drive-by snatching,under-investigation,True
FIR-2025-BEN-0653,2025-02-04,Bengaluru City,Wali Path,Burglary,BNS 331,terrace entry,under-investigation,True
FIR-2024-DAK-0654,2024-07-03,Dakshina Kannada,Shetty Zila,Chain Snatching,BNS 304,market crowd snatching,closed,True
FIR-2025-KOL-0655,2025-07-02,Kolar,Thakur Chowk,Robbery,BNS 309,highway vehicle stop,under-investigation,True
FIR-2024-CHI-0656,2024-10-07,Chickballapura,Comar Circle,Theft,BNS 303,shop till theft,closed,True
FIR-2024-DAV-0657,2024-09-13,Davanagere,Saxena Chowk,Burglary,BNS 331,terrace entry,under-investigation,True
FIR-2025-UDU-0658,2025-09-29,Udupi,Dhillon Road,Cyber Fraud,IT Act 66D,OTP social engineering,under-investigation,True
FIR-2025-DHA-0659,2025-08-23,Dharwad,Bal Zila,Theft,BNS 303,pickpocketing in transit,court-pending,True
FIR-2024-MAN-0660,2024-07-09,Mandya,Dass Ganj,Cheating,BNS 318,fake job placement racket,under-investigation,True
FIR-2025-SHI-0661,2025-07-29,Shivamogga,Pillai Zila,Rioting,BNS 191,communal flashpoint clash,court-pending,True
FIR-2024-HAS-0662,2024-11-21,Hassan,Sha Zila,Cheating,BNS 318,fake job placement racket,under-investigation,True
FIR-2024-BEN-0663,2024-10-18,Bengaluru City,Sagar Path,Murder,BNS 103,property dispute,closed,True
FIR-2025-CHI-0664,2025-10-22,Chickballapura,Sama Street,Cyber Fraud,IT Act 66D,courier scam,convicted,True
FIR-2024-BAG-0665,2024-11-01,Bagalkot,Ben Road,Cheating,BNS 318,investment ponzi scheme,convicted,True
FIR-2024-BEL-0666,2024-05-22,Belagavi,Pillay Chowk,Murder,BNS 103,gang rivalry,convicted,True
FIR-2024-BEL-0667,2024-02-14,Belagavi,Lalla Nagar,Theft,BNS 303,vehicle theft from parking,closed,True
FIR-2025-HAS-0668,2025-04-16,Hassan,Sha Zila,Rioting,BNS 191,protest escalation,convicted,True
FIR-2024-HAS-0669,2024-10-14,Hassan,Bail,Extortion,BNS 308,protection money demand,closed,True
FIR-2024-VIJ-0670,2024-03-02,Vijayapur,Tailor Road,Extortion,BNS 308,digital arrest threat call,court-pending,True
FIR-2024-KAL-0671,2024-04-18,Kalaburagi,Sinha Ganj,NDPS,NDPS Act 20,courier parcel concealment,closed,True
FIR-2024-DAK-0672,2024-03-11,Dakshina Kannada,Dey Zila,Burglary,BNS 331,terrace entry,closed,True
FIR-2024-CHI-0673,2024-07-10,Chickballapura,Pathak Chowk,Burglary,BNS 331,night house-break via rear entry,charge-sheeted,True
FIR-2025-KOL-0674,2025-03-17,Kolar,Bassi Ganj,NDPS,NDPS Act 20,courier parcel concealment,under-investigation,True
FIR-2025-CHI-0675,2025-09-14,Chickballapura,Pathak Chowk,NDPS,NDPS Act 20,street-level peddling,under-investigation,True
FIR-2025-DAV-0676,2025-08-12,Davanagere,Bali Road,Murder,BNS 103,personal enmity,under-investigation,True
FIR-2025-VIJ-0677,2025-05-22,Vijayapur,Chatterjee Zila,Theft,BNS 303,shop till theft,convicted,True
FIR-2025-CHI-0678,2025-12-18,Chickballapura,Soni Zila,NDPS,NDPS Act 20,hostel network supply,convicted,True
FIR-2025-DAK-0679,2025-03-14,Dakshina Kannada,Dey Zila,Chain Snatching,BNS 304,two-wheeler drive-by snatching,closed,True
FIR-2024-MYS-0680,2024-04-22,Mysuru,Mahajan Circle,Extortion,BNS 308,digital arrest threat call,court-pending,True
FIR-2024-BAG-0681,2024-12-09,Bagalkot,Ben Road,Theft,BNS 303,pickpocketing in transit,convicted,True
FIR-2024-KOL-0682,2024-10-03,Kolar,Chopra Circle,Robbery,BNS 309,ATM-exit targeting,convicted,True
FIR-2025-BEL-0683,2025-01-21,Belagavi,Pillay Chowk,Cyber Fraud,IT Act 66D,courier scam,convicted,True
FIR-2024-SHI-0684,2024-10-09,Shivamogga,Pillai Zila,Cheating,BNS 318,land document forgery,closed,True
FIR-2024-SHI-0685,2024-06-15,Shivamogga,Patil Ganj,Chain Snatching,BNS 304,two-wheeler drive-by snatching,convicted,True
FIR-2024-DAV-0686,2024-02-21,Davanagere,Bali Road,Murder,BNS 103,property dispute,charge-sheeted,True
FIR-2024-TUM-0687,2024-07-20,Tumakuru,Pau Marg,Chain Snatching,BNS 304,two-wheeler drive-by snatching,closed,True
FIR-2025-SHI-0688,2025-09-03,Shivamogga,Pillai Zila,Theft,BNS 303,pickpocketing in transit,court-pending,True
FIR-2024-DHA-0689,2024-05-18,Dharwad,Ghosh Road,Theft,BNS 303,vehicle theft from parking,charge-sheeted,True
FIR-2025-HAS-0690,2025-12-11,Hassan,Kala Zila,Robbery,BNS 309,highway vehicle stop,charge-sheeted,True
FIR-2024-BAL-0691,2024-11-05,Ballari,Dubey,Robbery,BNS 309,highway vehicle stop,court-pending,True
FIR-2025-BAG-0692,2025-06-14,Bagalkot,Khanna Path,Extortion,BNS 308,digital arrest threat call,under-investigation,True
FIR-2024-KOL-0693,2024-05-04,Kolar,Chopra Circle,Murder,BNS 103,gang rivalry,convicted,True
FIR-2025-SHI-0694,2025-10-05,Shivamogga,Patil Ganj,Theft,BNS 303,pickpocketing in transit,convicted,True
FIR-2024-BAL-0695,2024-04-09,Ballari,Saini Circle,NDPS,NDPS Act 20,courier parcel concealment,court-pending,True
FIR-2024-BAG-0696,2024-09-23,Bagalkot,Khanna Path,NDPS,NDPS Act 20,hostel network supply,charge-sheeted,True
FIR-2024-BEL-0697,2024-10-23,Belagavi,Raj Road,Theft,BNS 303,shop till theft,charge-sheeted,True
FIR-2024-BEN-0698,2024-05-31,Bengaluru City,Zacharia Street,Cheating,BNS 318,land document forgery,charge-sheeted,True
FIR-2025-KOL-0699,2025-05-30,Kolar,Mitra Circle,Chain Snatching,BNS 304,two-wheeler drive-by snatching,court-pending,True
FIR-2024-CHI-0700,2024-03-10,Chickballapura,Pathak Chowk,Cheating,BNS 318,land document forgery,closed,True
FIR-2024-BAL-0701,2024-06-11,Ballari,Prabhakar Chowk,Murder,BNS 103,property dispute,court-pending,True
FIR-2024-TUM-0702,2024-04-27,Tumakuru,Rana Zila,Robbery,BNS 309,ATM-exit targeting,convicted,True
FIR-2025-DAV-0703,2025-07-23,Davanagere,Saxena Chowk,Rioting,BNS 191,protest escalation,charge-sheeted,True
FIR-2024-KAL-0704,2024-07-27,Kalaburagi,Chokshi Path,Robbery,BNS 309,highway vehicle stop,charge-sheeted,True
FIR-2024-UDU-0705,2024-03-09,Udupi,Kalita,Rioting,BNS 191,communal flashpoint clash,court-pending,True
FIR-2025-RAI-0706,2025-09-07,Raichur,Sandhu Marg,Murder,BNS 103,property dispute,under-investigation,True
FIR-2025-BAL-0707,2025-08-12,Ballari,Dubey,NDPS,NDPS Act 20,street-level peddling,charge-sheeted,True
FIR-2024-DHA-0708,2024-12-12,Dharwad,Bal Zila,Murder,BNS 103,personal enmity,under-investigation,True
FIR-2025-TUM-0709,2025-09-04,Tumakuru,Rana Zila,Cheating,BNS 318,fake job placement racket,closed,True
FIR-2024-UDU-0710,2024-02-23,Udupi,Narasimhan Ganj,Burglary,BNS 331,lock-picking daytime entry,charge-sheeted,True
FIR-2024-BAL-0711,2024-08-31,Ballari,Prabhakar Chowk,Murder,BNS 103,personal enmity,court-pending,True
FIR-2024-KAL-0712,2024-02-28,Kalaburagi,Kant,Burglary,BNS 331,terrace entry,closed,True
FIR-2024-RAI-0713,2024-03-19,Raichur,Srinivas Nagar,Robbery,BNS 309,ATM-exit targeting,charge-sheeted,True
FIR-2025-BAL-0714,2025-07-18,Ballari,Dubey,Cyber Fraud,IT Act 66D,UPI phishing call,charge-sheeted,True
FIR-2024-BEL-0715,2024-08-03,Belagavi,Pillay Chowk,NDPS,NDPS Act 20,street-level peddling,convicted,True
FIR-2024-UDU-0716,2024-10-11,Udupi,Agate Street,Theft,BNS 303,vehicle theft from parking,convicted,True
FIR-2025-MYS-0717,2025-03-30,Mysuru,Kurian Street,Cheating,BNS 318,investment ponzi scheme,under-investigation,True
FIR-2025-VIJ-0718,2025-08-28,Vijayapur,Tailor Road,Theft,BNS 303,pickpocketing in transit,charge-sheeted,True
FIR-2025-KOL-0719,2025-08-09,Kolar,Bassi Ganj,Cheating,BNS 318,fake job placement racket,under-investigation,True
FIR-2024-BAL-0720,2024-03-28,Ballari,Dubey,Theft,BNS 303,shop till theft,charge-sheeted,True
FIR-2024-BAG-0721,2024-07-02,Bagalkot,Ben Road,Theft,BNS 303,shop till theft,convicted,True
FIR-2024-RAI-0722,2024-03-22,Raichur,Sandhu Marg,Rioting,BNS 191,protest escalation,closed,True
FIR-2025-MYS-0723,2025-11-02,Mysuru,Kurian Street,Chain Snatching,BNS 304,two-wheeler drive-by snatching,under-investigation,True
FIR-2024-DAV-0724,2024-09-22,Davanagere,Reddy Chowk,Murder,BNS 103,property dispute,court-pending,True
FIR-2025-VIJ-0725,2025-06-07,Vijayapur,Yogi Ganj,Robbery,BNS 309,ATM-exit targeting,court-pending,True
FIR-2025-MAN-0726,2025-02-21,Mandya,Johal Zila,Cyber Fraud,IT Act 66D,OTP social engineering,closed,True
FIR-2024-KOL-0727,2024-11-16,Kolar,Bassi Ganj,Burglary,BNS 331,lock-picking daytime entry,closed,True
FIR-2025-KOL-0728,2025-09-13,Kolar,Mitra Circle,Robbery,BNS 309,knife-point street robbery,charge-sheeted,True
FIR-2024-BEL-0729,2024-08-24,Belagavi,Dasgupta Circle,Cyber Fraud,IT Act 66D,courier scam,charge-sheeted,True
FIR-2025-DHA-0730,2025-07-04,Dharwad,Ghosh Road,Chain Snatching,BNS 304,market crowd snatching,court-pending,True
FIR-2024-DAK-0731,2024-01-16,Dakshina Kannada,Shetty Zila,Extortion,BNS 308,digital arrest threat call,charge-sheeted,True
FIR-2024-RAI-0732,2024-05-10,Raichur,Srinivas Nagar,Cyber Fraud,IT Act 66D,UPI phishing call,convicted,True
FIR-2025-DHA-0733,2025-10-07,Dharwad,Bal Zila,Cyber Fraud,IT Act 66D,fake loan app extortion,convicted,True
FIR-2025-HAS-0734,2025-01-23,Hassan,Bail,Extortion,BNS 308,digital arrest threat call,under-investigation,True
FIR-2024-VIJ-0735,2024-02-12,Vijayapur,Rama Street,Cyber Fraud,IT Act 66D,OTP social engineering,court-pending,True
FIR-2025-BEL-0736,2025-11-13,Belagavi,Dasgupta Circle,Rioting,BNS 191,communal flashpoint clash,court-pending,True
FIR-2025-VIJ-0737,2025-01-13,Vijayapur,Yogi Ganj,Murder,BNS 103,gang rivalry,closed,True
FIR-2025-CHI-0738,2025-03-18,Chickballapura,Soni Zila,Extortion,BNS 308,protection money demand,under-investigation,True
FIR-2024-DAK-0739,2024-11-30,Dakshina Kannada,Dey Zila,Robbery,BNS 309,ATM-exit targeting,under-investigation,True
FIR-2024-VIJ-0740,2024-11-21,Vijayapur,Tailor Road,NDPS,NDPS Act 20,hostel network supply,closed,True
FIR-2024-KAL-0741,2024-10-16,Kalaburagi,Sinha Ganj,Extortion,BNS 308,protection money demand,court-pending,True
FIR-2025-VIJ-0742,2025-09-17,Vijayapur,Chatterjee Zila,NDPS,NDPS Act 20,hostel network supply,under-investigation,True
FIR-2024-CHI-0743,2024-10-26,Chickballapura,Pathak Chowk,Burglary,BNS 331,lock-picking daytime entry,convicted,True
FIR-2025-HAS-0744,2025-04-02,Hassan,Sha Zila,Cheating,BNS 318,investment ponzi scheme,court-pending,True
FIR-2025-DHA-0745,2025-05-15,Dharwad,Ghosh Road,Extortion,BNS 308,digital arrest threat call,under-investigation,True
FIR-2025-UDU-0746,2025-03-11,Udupi,Agate Street,Extortion,BNS 308,digital arrest threat call,closed,True
FIR-2024-MAN-0747,2024-12-07,Mandya,Nath Nagar,Robbery,BNS 309,ATM-exit targeting,court-pending,True
FIR-2024-RAI-0748,2024-12-05,Raichur,Srinivas Nagar,Cyber Fraud,IT Act 66D,UPI phishing call,closed,True
FIR-2024-BEN-0749,2024-11-04,Bengaluru City,Iyer Street,Theft,BNS 303,pickpocketing in transit,court-pending,True
FIR-2025-DHA-0750,2025-12-21,Dharwad,Zachariah Street,Robbery,BNS 309,ATM-exit targeting,under-investigation,True
FIR-2025-BEN-0751,2025-06-08,Bengaluru City,Zacharia Street,Cheating,BNS 318,investment ponzi scheme,under-investigation,True
FIR-2024-CHI-0752,2024-10-12,Chickballapura,Soni Zila,NDPS,NDPS Act 20,hostel network supply,closed,True
FIR-2024-BAL-0753,2024-01-26,Ballari,Chaudhary Marg,Rioting,BNS 191,communal flashpoint clash,charge-sheeted,True
FIR-2025-BAL-0754,2025-05-16,Ballari,Prabhakar Chowk,Burglary,BNS 331,terrace entry,under-investigation,True
FIR-2025-SHI-0755,2025-02-25,Shivamogga,Parmer Circle,Theft,BNS 303,vehicle theft from parking,convicted,True
FIR-2025-HAS-0756,2025-05-26,Hassan,Sha Zila,NDPS,NDPS Act 20,hostel network supply,charge-sheeted,True
FIR-2024-KOL-0757,2024-06-14,Kolar,Chopra Circle,Murder,BNS 103,personal enmity,convicted,True
FIR-2024-DHA-0758,2024-04-30,Dharwad,Bal Zila,Theft,BNS 303,pickpocketing in transit,convicted,True
FIR-2024-CHI-0759,2024-09-14,Chickballapura,Pathak Chowk,Rioting,BNS 191,communal flashpoint clash,court-pending,True
FIR-2025-BEN-0760,2025-04-26,Bengaluru City,Zacharia Street,Chain Snatching,BNS 304,two-wheeler drive-by snatching,convicted,True
FIR-2024-RAI-0761,2024-06-09,Raichur,Srinivas Nagar,Rioting,BNS 191,communal flashpoint clash,charge-sheeted,True
FIR-2025-RAI-0762,2025-07-28,Raichur,Srinivas Nagar,Theft,BNS 303,vehicle theft from parking,under-investigation,True
FIR-2025-BEN-0763,2025-04-29,Bengaluru City,Iyer Street,Cyber Fraud,IT Act 66D,UPI phishing call,closed,True
FIR-2024-BAG-0764,2024-02-23,Bagalkot,Ben Road,Robbery,BNS 309,highway vehicle stop,court-pending,True
FIR-2025-CHI-0765,2025-01-29,Chickballapura,Soni Zila,Cheating,BNS 318,land document forgery,charge-sheeted,True
FIR-2025-BEL-0766,2025-12-02,Belagavi,Raj Road,Theft,BNS 303,vehicle theft from parking,court-pending,True
FIR-2025-DAK-0767,2025-01-18,Dakshina Kannada,Shetty Zila,Cheating,BNS 318,fake job placement racket,under-investigation,True
FIR-2024-DAV-0768,2024-02-04,Davanagere,Saxena Chowk,Theft,BNS 303,pickpocketing in transit,charge-sheeted,True
FIR-2025-BAG-0769,2025-09-14,Bagalkot,Ben Road,Extortion,BNS 308,protection money demand,under-investigation,True
FIR-2025-MYS-0770,2025-10-14,Mysuru,Merchant Chowk,Extortion,BNS 308,digital arrest threat call,under-investigation,True
FIR-2025-MYS-0771,2025-11-11,Mysuru,Mahajan Circle,Rioting,BNS 191,communal flashpoint clash,under-investigation,True
FIR-2025-DAK-0772,2025-02-23,Dakshina Kannada,Shetty Zila,NDPS,NDPS Act 20,hostel network supply,charge-sheeted,True
FIR-2024-BEN-0773,2024-03-29,Bengaluru City,Iyer Street,Chain Snatching,BNS 304,two-wheeler drive-by snatching,convicted,True
FIR-2024-MYS-0774,2024-11-13,Mysuru,Contractor Path,Chain Snatching,BNS 304,two-wheeler drive-by snatching,convicted,True
FIR-2025-BAG-0775,2025-12-15,Bagalkot,Ghosh Nagar,Theft,BNS 303,shop till theft,under-investigation,True
FIR-2025-SHI-0776,2025-12-20,Shivamogga,Pillai Zila,Chain Snatching,BNS 304,market crowd snatching,charge-sheeted,True
FIR-2024-BAG-0777,2024-07-09,Bagalkot,Ghosh Nagar,Robbery,BNS 309,highway vehicle stop,charge-sheeted,True
FIR-2024-DHA-0778,2024-06-11,Dharwad,Aurora Street,Murder,BNS 103,gang rivalry,charge-sheeted,True
FIR-2025-BAG-0779,2025-03-25,Bagalkot,Ben Road,Murder,BNS 103,property dispute,convicted,True
FIR-2024-BAL-0780,2024-02-11,Ballari,Prabhakar Chowk,Theft,BNS 303,shop till theft,charge-sheeted,True
FIR-2025-KOL-0781,2025-09-03,Kolar,Thakur Chowk,Theft,BNS 303,pickpocketing in transit,closed,True
FIR-2024-DAK-0782,2024-12-20,Dakshina Kannada,Barad Nagar,Chain Snatching,BNS 304,market crowd snatching,convicted,True
FIR-2025-DAK-0783,2025-01-18,Dakshina Kannada,Dey Zila,Chain Snatching,BNS 304,market crowd snatching,under-investigation,True
FIR-2025-KAL-0784,2025-01-31,Kalaburagi,Kant,Robbery,BNS 309,highway vehicle stop,convicted,True
FIR-2025-DAK-0785,2025-08-23,Dakshina Kannada,Rege Road,Cyber Fraud,IT Act 66D,OTP social engineering,charge-sheeted,True
FIR-2025-TUM-0786,2025-03-21,Tumakuru,Pau Marg,Theft,BNS 303,vehicle theft from parking,charge-sheeted,True
FIR-2024-BAG-0787,2024-04-18,Bagalkot,Khanna Path,NDPS,NDPS Act 20,hostel network supply,charge-sheeted,True
FIR-2025-CHI-0788,2025-12-03,Chickballapura,Pathak Chowk,Chain Snatching,BNS 304,two-wheeler drive-by snatching,charge-sheeted,True
FIR-2025-RAI-0789,2025-03-10,Raichur,Swaminathan Zila,Cyber Fraud,IT Act 66D,UPI phishing call,convicted,True
FIR-2025-MAN-0790,2025-04-16,Mandya,Nath Nagar,Extortion,BNS 308,digital arrest threat call,closed,True
FIR-2025-MYS-0791,2025-09-02,Mysuru,Contractor Path,Cyber Fraud,IT Act 66D,UPI phishing call,under-investigation,True
FIR-2025-BAG-0792,2025-08-05,Bagalkot,Khanna Path,NDPS,NDPS Act 20,courier parcel concealment,under-investigation,True
FIR-2025-UDU-0793,2025-03-08,Udupi,Kalita,Cyber Fraud,IT Act 66D,OTP social engineering,under-investigation,True
FIR-2025-SHI-0794,2025-08-07,Shivamogga,Pillai Zila,Burglary,BNS 331,night house-break via rear entry,convicted,True
FIR-2025-SHI-0795,2025-11-25,Shivamogga,Parmer Circle,Chain Snatching,BNS 304,two-wheeler drive-by snatching,under-investigation,True
FIR-2024-SHI-0796,2024-08-14,Shivamogga,Rao Nagar,Burglary,BNS 331,terrace entry,court-pending,True
FIR-2024-CHI-0797,2024-06-04,Chickballapura,Comar Circle,Cyber Fraud,IT Act 66D,fake loan app extortion,court-pending,True
FIR-2025-SHI-0798,2025-06-26,Shivamogga,Parmer Circle,Robbery,BNS 309,highway vehicle stop,charge-sheeted,True
FIR-2025-BEN-0799,2025-03-17,Bengaluru City,Zacharia Street,Rioting,BNS 191,protest escalation,court-pending,True
FIR-2025-BEL-0800,2025-02-09,Belagavi,Pillay Chowk,Robbery,BNS 309,knife-point street robbery,under-investigation,True
FIR-2025-DAV-0801,2025-09-05,Davanagere,Kalla Path,Cheating,BNS 318,land document forgery,convicted,True
FIR-2025-DAK-0802,2025-04-05,Dakshina Kannada,Rege Road,Theft,BNS 303,vehicle theft from parking,charge-sheeted,True
FIR-2025-DHA-0803,2025-08-17,Dharwad,Aurora Street,Cheating,BNS 318,land document forgery,charge-sheeted,True
FIR-2025-TUM-0804,2025-12-01,Tumakuru,Pau Marg,Extortion,BNS 308,digital arrest threat call,under-investigation,True
FIR-2025-VIJ-0805,2025-12-30,Vijayapur,Yogi Ganj,Extortion,BNS 308,protection money demand,under-investigation,True
FIR-2024-TUM-0806,2024-06-12,Tumakuru,Borra Chowk,Chain Snatching,BNS 304,market crowd snatching,convicted,True
FIR-2024-MYS-0807,2024-01-25,Mysuru,Merchant Chowk,Rioting,BNS 191,communal flashpoint clash,convicted,True
FIR-2025-BEL-0808,2025-08-16,Belagavi,Dasgupta Circle,Theft,BNS 303,pickpocketing in transit,charge-sheeted,True
FIR-2024-BAG-0809,2024-09-23,Bagalkot,Ghosh Nagar,Robbery,BNS 309,ATM-exit targeting,convicted,True
FIR-2024-MAN-0810,2024-08-14,Mandya,Jha,Murder,BNS 103,property dispute,convicted,True
FIR-2025-SHI-0811,2025-12-12,Shivamogga,Rao Nagar,Chain Snatching,BNS 304,two-wheeler drive-by snatching,under-investigation,True
FIR-2025-KOL-0812,2025-10-21,Kolar,Bassi Ganj,Cyber Fraud,IT Act 66D,courier scam,court-pending,True
FIR-2024-TUM-0813,2024-01-15,Tumakuru,Pau Marg,Cheating,BNS 318,fake job placement racket,convicted,True
FIR-2024-MYS-0814,2024-07-26,Mysuru,Contractor Path,Rioting,BNS 191,protest escalation,court-pending,True
FIR-2024-BAG-0815,2024-09-07,Bagalkot,Naik,Chain Snatching,BNS 304,market crowd snatching,under-investigation,True
FIR-2025-CHI-0816,2025-08-18,Chickballapura,Pathak Chowk,Rioting,BNS 191,communal flashpoint clash,under-investigation,True
FIR-2024-CHI-0817,2024-03-26,Chickballapura,Comar Circle,Extortion,BNS 308,digital arrest threat call,court-pending,True
FIR-2025-DAV-0818,2025-09-07,Davanagere,Saxena Chowk,Cheating,BNS 318,fake job placement racket,court-pending,True
FIR-2025-KOL-0819,2025-05-14,Kolar,Mitra Circle,Chain Snatching,BNS 304,two-wheeler drive-by snatching,charge-sheeted,True
FIR-2024-SHI-0820,2024-08-06,Shivamogga,Parmer Circle,Burglary,BNS 331,lock-picking daytime entry,convicted,True
FIR-2024-KOL-0821,2024-06-09,Kolar,Mitra Circle,Burglary,BNS 331,lock-picking daytime entry,court-pending,True
FIR-2024-MAN-0822,2024-12-07,Mandya,Jha,Theft,BNS 303,shop till theft,charge-sheeted,True
FIR-2025-MAN-0823,2025-02-22,Mandya,Dass Ganj,Murder,BNS 103,property dispute,closed,True
FIR-2025-BEN-0824,2025-01-17,Bengaluru City,Zacharia Street,Theft,BNS 303,shop till theft,charge-sheeted,True
FIR-2024-CHI-0825,2024-06-13,Chickballapura,Pathak Chowk,Burglary,BNS 331,night house-break via rear entry,closed,True
FIR-2024-MYS-0826,2024-04-13,Mysuru,Merchant Chowk,Murder,BNS 103,personal enmity,closed,True
FIR-2025-TUM-0827,2025-08-10,Tumakuru,Rana Zila,Chain Snatching,BNS 304,market crowd snatching,under-investigation,True
FIR-2025-BAG-0828,2025-01-04,Bagalkot,Naik,Cyber Fraud,IT Act 66D,courier scam,under-investigation,True
FIR-2024-KOL-0829,2024-02-19,Kolar,Chopra Circle,Extortion,BNS 308,digital arrest threat call,closed,True
FIR-2025-RAI-0830,2025-08-01,Raichur,Balasubramanian Chowk,Robbery,BNS 309,ATM-exit targeting,court-pending,True
FIR-2024-BAG-0831,2024-10-10,Bagalkot,Ben Road,Cheating,BNS 318,land document forgery,closed,True
FIR-2025-UDU-0832,2025-09-30,Udupi,Kalita,Murder,BNS 103,property dispute,under-investigation,True
FIR-2025-KAL-0833,2025-08-13,Kalaburagi,Sinha Ganj,Rioting,BNS 191,communal flashpoint clash,convicted,True
FIR-2025-VIJ-0834,2025-11-04,Vijayapur,Chatterjee Zila,Burglary,BNS 331,lock-picking daytime entry,charge-sheeted,True
FIR-2024-BAG-0835,2024-05-20,Bagalkot,Khanna Path,Murder,BNS 103,property dispute,convicted,True
FIR-2025-UDU-0836,2025-03-25,Udupi,Narasimhan Ganj,Extortion,BNS 308,digital arrest threat call,under-investigation,True
FIR-2024-VIJ-0837,2024-11-20,Vijayapur,Tailor Road,Rioting,BNS 191,protest escalation,convicted,True
FIR-2025-SHI-0838,2025-01-04,Shivamogga,Patil Ganj,Cyber Fraud,IT Act 66D,OTP social engineering,charge-sheeted,True
FIR-2024-KOL-0839,2024-05-11,Kolar,Thakur Chowk,Burglary,BNS 331,night house-break via rear entry,convicted,True
FIR-2024-DAK-0840,2024-06-25,Dakshina Kannada,Rege Road,Cheating,BNS 318,land document forgery,convicted,True
FIR-2024-UDU-0841,2024-11-09,Udupi,Agate Street,Burglary,BNS 331,lock-picking daytime entry,closed,True
FIR-2024-RAI-0842,2024-02-17,Raichur,Swaminathan Zila,Cheating,BNS 318,land document forgery,convicted,True
FIR-2025-DHA-0843,2025-04-20,Dharwad,Aurora Street,Extortion,BNS 308,protection money demand,under-investigation,True
FIR-2025-KAL-0844,2025-06-11,Kalaburagi,Sinha Ganj,Burglary,BNS 331,terrace entry,court-pending,True
FIR-2024-BAG-0845,2024-12-02,Bagalkot,Ghosh Nagar,Theft,BNS 303,vehicle theft from parking,convicted,True
FIR-2024-DAK-0846,2024-07-21,Dakshina Kannada,Shetty Zila,Murder,BNS 103,personal enmity,convicted,True
FIR-2024-BAG-0847,2024-08-07,Bagalkot,Ghosh Nagar,Extortion,BNS 308,protection money demand,court-pending,True
FIR-2025-BEL-0848,2025-11-10,Belagavi,Pillay Chowk,Extortion,BNS 308,digital arrest threat call,convicted,True
FIR-2024-BAG-0849,2024-11-10,Bagalkot,Ben Road,Robbery,BNS 309,knife-point street robbery,court-pending,True
FIR-2025-BAL-0850,2025-11-27,Ballari,Prabhakar Chowk,Chain Snatching,BNS 304,market crowd snatching,under-investigation,True
FIR-2024-KOL-0851,2024-08-23,Kolar,Thakur Chowk,NDPS,NDPS Act 20,street-level peddling,charge-sheeted,True
FIR-2025-DHA-0852,2025-09-16,Dharwad,Ghosh Road,NDPS,NDPS Act 20,courier parcel concealment,under-investigation,True
FIR-2024-BEN-0853,2024-11-03,Bengaluru City,Sagar Path,Chain Snatching,BNS 304,two-wheeler drive-by snatching,closed,True
FIR-2024-DAK-0854,2024-05-27,Dakshina Kannada,Rege Road,Chain Snatching,BNS 304,two-wheeler drive-by snatching,charge-sheeted,True
FIR-2024-KAL-0855,2024-10-09,Kalaburagi,Kant,Robbery,BNS 309,ATM-exit targeting,under-investigation,True
FIR-2024-CHI-0856,2024-04-15,Chickballapura,Comar Circle,NDPS,NDPS Act 20,courier parcel concealment,court-pending,True
FIR-2024-UDU-0857,2024-02-11,Udupi,Agate Street,Theft,BNS 303,vehicle theft from parking,court-pending,True
FIR-2025-CHI-0858,2025-01-06,Chickballapura,Pathak Chowk,Robbery,BNS 309,ATM-exit targeting,charge-sheeted,True
FIR-2025-DAV-0859,2025-11-13,Davanagere,Kalla Path,Cheating,BNS 318,investment ponzi scheme,under-investigation,True
FIR-2025-UDU-0860,2025-07-28,Udupi,Dhillon Road,Extortion,BNS 308,protection money demand,under-investigation,True
FIR-2024-BAG-0861,2024-02-10,Bagalkot,Ben Road,Burglary,BNS 331,terrace entry,court-pending,True
FIR-2024-DHA-0862,2024-10-26,Dharwad,Zachariah Street,Robbery,BNS 309,highway vehicle stop,convicted,True
FIR-2025-DAK-0863,2025-10-12,Dakshina Kannada,Rege Road,Cyber Fraud,IT Act 66D,OTP social engineering,court-pending,True
FIR-2024-SHI-0864,2024-08-21,Shivamogga,Patil Ganj,Cyber Fraud,IT Act 66D,UPI phishing call,closed,True
FIR-2024-HAS-0865,2024-12-25,Hassan,Bail,Extortion,BNS 308,protection money demand,closed,True
FIR-2024-UDU-0866,2024-07-01,Udupi,Kalita,NDPS,NDPS Act 20,hostel network supply,court-pending,True
FIR-2025-TUM-0867,2025-08-06,Tumakuru,Pau Marg,Rioting,BNS 191,protest escalation,closed,True
FIR-2025-BAL-0868,2025-05-21,Ballari,Saini Circle,Murder,BNS 103,personal enmity,under-investigation,True
FIR-2025-BAG-0869,2025-05-09,Bagalkot,Ben Road,Burglary,BNS 331,terrace entry,court-pending,True
FIR-2025-MAN-0870,2025-01-14,Mandya,Dass Ganj,Cheating,BNS 318,fake job placement racket,charge-sheeted,True
FIR-2025-CHI-0871,2025-12-26,Chickballapura,Soni Zila,NDPS,NDPS Act 20,hostel network supply,under-investigation,True
FIR-2025-DHA-0872,2025-08-28,Dharwad,Zachariah Street,Extortion,BNS 308,protection money demand,closed,True
FIR-2025-DAV-0873,2025-08-06,Davanagere,Reddy Chowk,Theft,BNS 303,shop till theft,convicted,True
FIR-2024-RAI-0874,2024-11-13,Raichur,Sandhu Marg,Extortion,BNS 308,digital arrest threat call,charge-sheeted,True
FIR-2024-VIJ-0875,2024-06-14,Vijayapur,Chatterjee Zila,Cheating,BNS 318,investment ponzi scheme,closed,True
FIR-2024-MAN-0876,2024-07-06,Mandya,Dass Ganj,Rioting,BNS 191,protest escalation,convicted,True
FIR-2025-MYS-0877,2025-06-20,Mysuru,Mahajan Circle,Robbery,BNS 309,knife-point street robbery,convicted,True
FIR-2024-BEN-0878,2024-11-09,Bengaluru City,Zacharia Street,Cheating,BNS 318,investment ponzi scheme,convicted,True
FIR-2025-DAK-0879,2025-09-06,Dakshina Kannada,Barad Nagar,Chain Snatching,BNS 304,two-wheeler drive-by snatching,convicted,True
FIR-2024-BEL-0880,2024-10-25,Belagavi,Pillay Chowk,Theft,BNS 303,pickpocketing in transit,convicted,True
FIR-2025-RAI-0881,2025-11-05,Raichur,Swaminathan Zila,Extortion,BNS 308,protection money demand,convicted,True
FIR-2024-MAN-0882,2024-02-12,Mandya,Nath Nagar,Cheating,BNS 318,fake job placement racket,closed,True
FIR-2025-RAI-0883,2025-08-11,Raichur,Swaminathan Zila,Rioting,BNS 191,communal flashpoint clash,convicted,True
FIR-2024-CHI-0884,2024-01-25,Chickballapura,Sama Street,Extortion,BNS 308,digital arrest threat call,charge-sheeted,True
FIR-2025-RAI-0885,2025-08-24,Raichur,Srinivas Nagar,Theft,BNS 303,pickpocketing in transit,court-pending,True
FIR-2025-DAK-0886,2025-06-20,Dakshina Kannada,Dey Zila,NDPS,NDPS Act 20,street-level peddling,convicted,True
FIR-2024-VIJ-0887,2024-03-15,Vijayapur,Rama Street,Cyber Fraud,IT Act 66D,UPI phishing call,under-investigation,True
FIR-2025-KAL-0888,2025-02-15,Kalaburagi,Sinha Ganj,Burglary,BNS 331,lock-picking daytime entry,court-pending,True
FIR-2025-UDU-0889,2025-02-27,Udupi,Agate Street,Cheating,BNS 318,investment ponzi scheme,convicted,True
FIR-2024-BAL-0890,2024-05-11,Ballari,Prabhakar Chowk,Extortion,BNS 308,protection money demand,court-pending,True
FIR-2025-UDU-0891,2025-11-28,Udupi,Agate Street,Theft,BNS 303,shop till theft,court-pending,True
FIR-2024-MYS-0892,2024-07-24,Mysuru,Contractor Path,Robbery,BNS 309,knife-point street robbery,charge-sheeted,True
FIR-2025-VIJ-0893,2025-05-30,Vijayapur,Chatterjee Zila,Burglary,BNS 331,night house-break via rear entry,convicted,True
FIR-2025-MYS-0894,2025-04-18,Mysuru,Contractor Path,Cyber Fraud,IT Act 66D,OTP social engineering,charge-sheeted,True
FIR-2024-TUM-0895,2024-02-28,Tumakuru,Rana Zila,Chain Snatching,BNS 304,two-wheeler drive-by snatching,court-pending,True
FIR-2024-MYS-0896,2024-01-07,Mysuru,Contractor Path,Burglary,BNS 331,night house-break via rear entry,convicted,True
FIR-2025-CHI-0897,2025-10-26,Chickballapura,Pathak Chowk,Murder,BNS 103,gang rivalry,under-investigation,True
FIR-2024-MAN-0898,2024-09-13,Mandya,Johal Zila,Rioting,BNS 191,communal flashpoint clash,charge-sheeted,True
FIR-2024-BEN-0899,2024-06-13,Bengaluru City,Wali Path,Chain Snatching,BNS 304,two-wheeler drive-by snatching,convicted,True
FIR-2025-DHA-0900,2025-02-19,Dharwad,Aurora Street,Burglary,BNS 331,lock-picking daytime entry,convicted,True
FIR-2025-MAN-0901,2025-08-05,Mandya,Johal Zila,Burglary,BNS 331,lock-picking daytime entry,court-pending,True
FIR-2025-DHA-0902,2025-09-30,Dharwad,Zachariah Street,Theft,BNS 303,shop till theft,under-investigation,True
FIR-2025-DAK-0903,2025-08-04,Dakshina Kannada,Dey Zila,Cheating,BNS 318,land document forgery,closed,True
FIR-2025-KOL-0904,2025-05-13,Kolar,Chopra Circle,Chain Snatching,BNS 304,two-wheeler drive-by snatching,court-pending,True
FIR-2024-TUM-0905,2024-11-10,Tumakuru,Pau Marg,Burglary,BNS 331,lock-picking daytime entry,court-pending,True
FIR-2025-KAL-0906,2025-07-29,Kalaburagi,Sinha Ganj,Robbery,BNS 309,ATM-exit targeting,charge-sheeted,True
FIR-2025-KAL-0907,2025-11-10,Kalaburagi,Kant,Robbery,BNS 309,knife-point street robbery,under-investigation,True
FIR-2025-DAK-0908,2025-08-21,Dakshina Kannada,Barad Nagar,Extortion,BNS 308,digital arrest threat call,closed,True
FIR-2025-UDU-0909,2025-11-24,Udupi,Narasimhan Ganj,Theft,BNS 303,pickpocketing in transit,under-investigation,True
FIR-2025-DHA-0910,2025-09-28,Dharwad,Ghosh Road,Murder,BNS 103,property dispute,charge-sheeted,True
FIR-2024-BAG-0911,2024-09-26,Bagalkot,Ben Road,Theft,BNS 303,shop till theft,charge-sheeted,True
FIR-2025-BEN-0912,2025-10-01,Bengaluru City,Sagar Path,Chain Snatching,BNS 304,two-wheeler drive-by snatching,charge-sheeted,True
FIR-2024-MAN-0913,2024-12-09,Mandya,Johal Zila,Cheating,BNS 318,fake job placement racket,charge-sheeted,True
FIR-2024-KAL-0914,2024-01-24,Kalaburagi,Chokshi Path,Cyber Fraud,IT Act 66D,fake loan app extortion,convicted,True
FIR-2024-TUM-0915,2024-12-15,Tumakuru,Kara Street,Murder,BNS 103,property dispute,court-pending,True
FIR-2025-KAL-0916,2025-12-22,Kalaburagi,Sinha Ganj,Murder,BNS 103,personal enmity,closed,True
FIR-2024-TUM-0917,2024-08-03,Tumakuru,Rana Zila,Burglary,BNS 331,terrace entry,charge-sheeted,True
FIR-2024-KOL-0918,2024-03-03,Kolar,Chopra Circle,Rioting,BNS 191,protest escalation,under-investigation,True
FIR-2024-SHI-0919,2024-08-21,Shivamogga,Rao Nagar,Cyber Fraud,IT Act 66D,OTP social engineering,court-pending,True
FIR-2024-DHA-0920,2024-03-02,Dharwad,Zachariah Street,Cyber Fraud,IT Act 66D,courier scam,court-pending,True
FIR-2024-BAG-0921,2024-11-22,Bagalkot,Ghosh Nagar,Theft,BNS 303,shop till theft,convicted,True
FIR-2025-MAN-0922,2025-12-08,Mandya,Johal Zila,Murder,BNS 103,property dispute,charge-sheeted,True
FIR-2025-BEN-0923,2025-01-29,Bengaluru City,Iyer Street,Chain Snatching,BNS 304,market crowd snatching,convicted,True
FIR-2024-UDU-0924,2024-08-10,Udupi,Dhillon Road,Chain Snatching,BNS 304,market crowd snatching,convicted,True
FIR-2024-BEL-0925,2024-03-02,Belagavi,Lalla Nagar,Chain Snatching,BNS 304,market crowd snatching,closed,True
FIR-2024-DAK-0926,2024-11-11,Dakshina Kannada,Dey Zila,Murder,BNS 103,gang rivalry,court-pending,True
FIR-2025-KAL-0927,2025-01-17,Kalaburagi,Narang Nagar,Cyber Fraud,IT Act 66D,courier scam,court-pending,True
FIR-2024-HAS-0928,2024-12-14,Hassan,Sha Zila,NDPS,NDPS Act 20,courier parcel concealment,closed,True
FIR-2025-CHI-0929,2025-05-15,Chickballapura,Sama Street,Burglary,BNS 331,night house-break via rear entry,charge-sheeted,True
FIR-2024-DAV-0930,2024-07-16,Davanagere,Bali Road,Cheating,BNS 318,investment ponzi scheme,charge-sheeted,True
FIR-2025-BEL-0931,2025-10-23,Belagavi,Pillay Chowk,Cyber Fraud,IT Act 66D,fake loan app extortion,convicted,True
FIR-2024-DAV-0932,2024-11-01,Davanagere,Bali Road,Murder,BNS 103,gang rivalry,court-pending,True
FIR-2024-BAG-0933,2024-06-09,Bagalkot,Ghosh Nagar,NDPS,NDPS Act 20,street-level peddling,closed,True
FIR-2024-BEL-0934,2024-01-18,Belagavi,Lalla Nagar,Cyber Fraud,IT Act 66D,courier scam,convicted,True
FIR-2025-SHI-0935,2025-10-21,Shivamogga,Parmer Circle,Murder,BNS 103,gang rivalry,court-pending,True
FIR-2024-DAK-0936,2024-06-04,Dakshina Kannada,Rege Road,Chain Snatching,BNS 304,market crowd snatching,closed,True
FIR-2025-KAL-0937,2025-12-12,Kalaburagi,Chokshi Path,Cheating,BNS 318,fake job placement racket,convicted,True
FIR-2025-MYS-0938,2025-05-05,Mysuru,Mahajan Circle,Burglary,BNS 331,night house-break via rear entry,under-investigation,True
FIR-2025-UDU-0939,2025-01-31,Udupi,Kalita,Cyber Fraud,IT Act 66D,OTP social engineering,court-pending,True
FIR-2025-MAN-0940,2025-08-19,Mandya,Nath Nagar,Burglary,BNS 331,lock-picking daytime entry,court-pending,True
FIR-2024-MAN-0941,2024-10-15,Mandya,Johal Zila,Rioting,BNS 191,protest escalation,court-pending,True
FIR-2024-UDU-0942,2024-07-08,Udupi,Kalita,Burglary,BNS 331,night house-break via rear entry,convicted,True
FIR-2024-VIJ-0943,2024-09-15,Vijayapur,Tailor Road,Rioting,BNS 191,communal flashpoint clash,charge-sheeted,True
FIR-2025-SHI-0944,2025-05-18,Shivamogga,Pillai Zila,Cyber Fraud,IT Act 66D,UPI phishing call,under-investigation,True
FIR-2025-UDU-0945,2025-03-31,Udupi,Narasimhan Ganj,Theft,BNS 303,shop till theft,under-investigation,True
FIR-2024-KAL-0946,2024-11-05,Kalaburagi,Narang Nagar,Robbery,BNS 309,knife-point street robbery,charge-sheeted,True
FIR-2024-BAL-0947,2024-01-15,Ballari,Chaudhary Marg,Chain Snatching,BNS 304,market crowd snatching,convicted,True
FIR-2025-UDU-0948,2025-11-25,Udupi,Kalita,Cheating,BNS 318,fake job placement racket,under-investigation,True
FIR-2025-SHI-0949,2025-12-27,Shivamogga,Rao Nagar,Theft,BNS 303,shop till theft,under-investigation,True
FIR-2025-BAL-0950,2025-12-20,Ballari,Prabhakar Chowk,Rioting,BNS 191,communal flashpoint clash,under-investigation,True
FIR-2025-KAL-0951,2025-07-07,Kalaburagi,Narang Nagar,NDPS,NDPS Act 20,courier parcel concealment,convicted,True
FIR-2025-TUM-0952,2025-03-18,Tumakuru,Pau Marg,Cyber Fraud,IT Act 66D,OTP social engineering,closed,True
FIR-2025-DAK-0953,2025-09-05,Dakshina Kannada,Rege Road,Chain Snatching,BNS 304,two-wheeler drive-by snatching,closed,True
FIR-2024-BEN-0954,2024-04-16,Bengaluru City,Zacharia Street,NDPS,NDPS Act 20,hostel network supply,closed,True
FIR-2025-KOL-0955,2025-02-08,Kolar,Mitra Circle,NDPS,NDPS Act 20,courier parcel concealment,under-investigation,True
FIR-2025-TUM-0956,2025-05-22,Tumakuru,Pau Marg,Chain Snatching,BNS 304,market crowd snatching,under-investigation,True
FIR-2024-VIJ-0957,2024-05-03,Vijayapur,Chatterjee Zila,Theft,BNS 303,pickpocketing in transit,convicted,True
FIR-2025-MAN-0958,2025-02-01,Mandya,Dass Ganj,Cyber Fraud,IT Act 66D,courier scam,charge-sheeted,True
FIR-2025-RAI-0959,2025-01-27,Raichur,Balasubramanian Chowk,Extortion,BNS 308,digital arrest threat call,charge-sheeted,True
FIR-2025-TUM-0960,2025-05-01,Tumakuru,Borra Chowk,Robbery,BNS 309,ATM-exit targeting,under-investigation,True
FIR-2025-BAG-0961,2025-07-19,Bagalkot,Naik,Theft,BNS 303,vehicle theft from parking,court-pending,True
FIR-2024-BEL-0962,2024-02-19,Belagavi,Raj Road,Rioting,BNS 191,communal flashpoint clash,convicted,True
FIR-2024-BEN-0963,2024-09-12,Bengaluru City,Wali Path,Extortion,BNS 308,protection money demand,convicted,True
FIR-2025-BEL-0964,2025-12-18,Belagavi,Lalla Nagar,Extortion,BNS 308,protection money demand,under-investigation,True
FIR-2024-KOL-0965,2024-01-22,Kolar,Bassi Ganj,Cheating,BNS 318,investment ponzi scheme,court-pending,True
FIR-2025-BAL-0966,2025-05-01,Ballari,Saini Circle,Cyber Fraud,IT Act 66D,fake loan app extortion,under-investigation,True
FIR-2024-RAI-0967,2024-04-28,Raichur,Balasubramanian Chowk,Cheating,BNS 318,land document forgery,convicted,True
FIR-2024-BAL-0968,2024-11-23,Ballari,Chaudhary Marg,Chain Snatching,BNS 304,two-wheeler drive-by snatching,convicted,True
FIR-2025-RAI-0969,2025-07-20,Raichur,Balasubramanian Chowk,Cheating,BNS 318,investment ponzi scheme,under-investigation,True
FIR-2025-MAN-0970,2025-10-02,Mandya,Dass Ganj,Cheating,BNS 318,fake job placement racket,convicted,True
FIR-2024-CHI-0971,2024-05-10,Chickballapura,Pathak Chowk,Burglary,BNS 331,terrace entry,court-pending,True
FIR-2024-KAL-0972,2024-03-27,Kalaburagi,Chokshi Path,NDPS,NDPS Act 20,courier parcel concealment,charge-sheeted,True
FIR-2025-CHI-0973,2025-06-07,Chickballapura,Pathak Chowk,Extortion,BNS 308,protection money demand,convicted,True
FIR-2024-HAS-0974,2024-11-16,Hassan,Sha Zila,Burglary,BNS 331,lock-picking daytime entry,court-pending,True
FIR-2024-SHI-0975,2024-05-22,Shivamogga,Pillai Zila,Burglary,BNS 331,lock-picking daytime entry,convicted,True
FIR-2025-SHI-0976,2025-06-16,Shivamogga,Pillai Zila,Rioting,BNS 191,protest escalation,under-investigation,True
FIR-2025-BAG-0977,2025-08-04,Bagalkot,Ghosh Nagar,Theft,BNS 303,pickpocketing in transit,under-investigation,True
FIR-2025-BAG-0978,2025-05-21,Bagalkot,Ghosh Nagar,Theft,BNS 303,shop till theft,court-pending,True
FIR-2024-MYS-0979,2024-07-04,Mysuru,Mahajan Circle,Chain Snatching,BNS 304,market crowd snatching,convicted,True
FIR-2024-HAS-0980,2024-04-24,Hassan,Kala Zila,Murder,BNS 103,gang rivalry,convicted,True
FIR-2025-HAS-0981,2025-08-21,Hassan,Sha Zila,NDPS,NDPS Act 20,courier parcel concealment,under-investigation,True
FIR-2024-BEL-0982,2024-05-07,Belagavi,Dasgupta Circle,Extortion,BNS 308,protection money demand,convicted,True
FIR-2025-SHI-0983,2025-11-18,Shivamogga,Rao Nagar,Burglary,BNS 331,terrace entry,court-pending,True
FIR-2025-BAG-0984,2025-12-30,Bagalkot,Ben Road,Cheating,BNS 318,fake job placement racket,under-investigation,True
FIR-2025-KOL-0985,2025-03-23,Kolar,Bassi Ganj,Extortion,BNS 308,digital arrest threat call,charge-sheeted,True
FIR-2024-VIJ-0986,2024-07-31,Vijayapur,Yogi Ganj,Cheating,BNS 318,fake job placement racket,charge-sheeted,True
FIR-2025-MAN-0987,2025-02-02,Mandya,Jha,Murder,BNS 103,property dispute,charge-sheeted,True
FIR-2025-DAK-0988,2025-05-05,Dakshina Kannada,Rege Road,Theft,BNS 303,pickpocketing in transit,under-investigation,True
FIR-2025-MYS-0989,2025-01-08,Mysuru,Kurian Street,Cheating,BNS 318,investment ponzi scheme,under-investigation,True
FIR-2024-DHA-0990,2024-05-25,Dharwad,Bal Zila,Theft,BNS 303,vehicle theft from parking,convicted,True
FIR-2024-CHI-0991,2024-06-29,Chickballapura,Pathak Chowk,Rioting,BNS 191,communal flashpoint clash,closed,True
FIR-2024-RAI-0992,2024-07-02,Raichur,Balasubramanian Chowk,Theft,BNS 303,pickpocketing in transit,convicted,True
FIR-2024-DAK-0993,2024-01-09,Dakshina Kannada,Dey Zila,Burglary,BNS 331,night house-break via rear entry,court-pending,True
FIR-2024-MAN-0994,2024-05-15,Mandya,Jha,Chain Snatching,BNS 304,market crowd snatching,charge-sheeted,True
FIR-2024-KOL-0995,2024-01-01,Kolar,Mitra Circle,Chain Snatching,BNS 304,market crowd snatching,court-pending,True
FIR-2025-DHA-0996,2025-06-20,Dharwad,Ghosh Road,Theft,BNS 303,shop till theft,court-pending,True
FIR-2025-SHI-0997,2025-01-19,Shivamogga,Parmer Circle,Cheating,BNS 318,fake job placement racket,under-investigation,True
FIR-2024-BAG-0998,2024-08-20,Bagalkot,Ghosh Nagar,Murder,BNS 103,property dispute,charge-sheeted,True
FIR-2024-BAL-0999,2024-02-22,Ballari,Saini Circle,Cheating,BNS 318,investment ponzi scheme,closed,True
FIR-2025-MYS-1000,2025-05-03,Mysuru,Contractor Path,NDPS,NDPS Act 20,courier parcel concealment,under-investigation,True
FIR-2024-VIJ-1001,2024-03-02,Vijayapur,Yogi Ganj,Chain Snatching,BNS 304,market crowd snatching,court-pending,True
FIR-2025-KOL-1002,2025-08-02,Kolar,Chopra Circle,NDPS,NDPS Act 20,street-level peddling,closed,True
FIR-2024-UDU-1003,2024-04-05,Udupi,Agate Street,Burglary,BNS 331,night house-break via rear entry,charge-sheeted,True
FIR-2025-DAV-1004,2025-07-14,Davanagere,Bali Road,Cheating,BNS 318,investment ponzi scheme,under-investigation,True
FIR-2024-MAN-1005,2024-12-16,Mandya,Johal Zila,Extortion,BNS 308,digital arrest threat call,closed,True
FIR-2025-HAS-1006,2025-03-20,Hassan,Kala Zila,Burglary,BNS 331,terrace entry,charge-sheeted,True
FIR-2024-BAL-1007,2024-08-16,Ballari,Saini Circle,NDPS,NDPS Act 20,street-level peddling,charge-sheeted,True
FIR-2024-BAL-1008,2024-03-24,Ballari,Saini Circle,Theft,BNS 303,pickpocketing in transit,court-pending,True
FIR-2024-HAS-1009,2024-02-01,Hassan,Kala Zila,Extortion,BNS 308,digital arrest threat call,closed,True
FIR-2025-UDU-1010,2025-09-04,Udupi,Kalita,Chain Snatching,BNS 304,two-wheeler drive-by snatching,under-investigation,True
FIR-2024-CHI-1011,2024-01-03,Chickballapura,Comar Circle,Murder,BNS 103,gang rivalry,closed,True
FIR-2024-BEL-1012,2024-12-04,Belagavi,Lalla Nagar,Theft,BNS 303,vehicle theft from parking,closed,True
FIR-2025-BEL-1013,2025-05-17,Belagavi,Pillay Chowk,Cheating,BNS 318,land document forgery,court-pending,True
FIR-2024-CHI-1014,2024-04-08,Chickballapura,Comar Circle,NDPS,NDPS Act 20,street-level peddling,convicted,True
FIR-2024-SHI-1015,2024-08-28,Shivamogga,Parmer Circle,Cheating,BNS 318,investment ponzi scheme,court-pending,True
FIR-2024-HAS-1016,2024-10-16,Hassan,Kala Zila,Robbery,BNS 309,ATM-exit targeting,court-pending,True
FIR-2024-MAN-1017,2024-07-15,Mandya,Nath Nagar,Cheating,BNS 318,fake job placement racket,under-investigation,True
FIR-2025-HAS-1018,2025-12-25,Hassan,Sha Zila,Cyber Fraud,IT Act 66D,fake loan app extortion,under-investigation,True
FIR-2025-CHI-1019,2025-09-10,Chickballapura,Soni Zila,NDPS,NDPS Act 20,hostel network supply,closed,True
FIR-2025-KAL-1020,2025-05-28,Kalaburagi,Narang Nagar,Robbery,BNS 309,ATM-exit targeting,convicted,True
FIR-2025-RAI-1021,2025-08-28,Raichur,Sandhu Marg,Extortion,BNS 308,digital arrest threat call,court-pending,True
FIR-2025-DAV-1022,2025-08-28,Davanagere,Kalla Path,Cyber Fraud,IT Act 66D,UPI phishing call,closed,True
FIR-2024-UDU-1023,2024-09-01,Udupi,Kalita,Extortion,BNS 308,protection money demand,charge-sheeted,True
FIR-2025-RAI-1024,2025-11-08,Raichur,Sandhu Marg,NDPS,NDPS Act 20,street-level peddling,convicted,True
FIR-2024-BAL-1025,2024-12-02,Ballari,Chaudhary Marg,Robbery,BNS 309,ATM-exit targeting,court-pending,True
FIR-2024-SHI-1026,2024-06-16,Shivamogga,Parmer Circle,Burglary,BNS 331,terrace entry,closed,True
FIR-2024-DAK-1027,2024-10-03,Dakshina Kannada,Shetty Zila,Burglary,BNS 331,lock-picking daytime entry,convicted,True
FIR-2024-TUM-1028,2024-12-30,Tumakuru,Pau Marg,Robbery,BNS 309,ATM-exit targeting,under-investigation,True
FIR-2024-RAI-1029,2024-12-16,Raichur,Srinivas Nagar,Chain Snatching,BNS 304,market crowd snatching,charge-sheeted,True
FIR-2025-RAI-1030,2025-05-21,Raichur,Swaminathan Zila,Burglary,BNS 331,terrace entry,charge-sheeted,True
FIR-2025-MAN-1031,2025-08-07,Mandya,Nath Nagar,Murder,BNS 103,property dispute,closed,True
FIR-2025-RAI-1032,2025-04-29,Raichur,Sandhu Marg,Robbery,BNS 309,knife-point street robbery,under-investigation,True
FIR-2024-BEL-1033,2024-02-09,Belagavi,Lalla Nagar,Theft,BNS 303,pickpocketing in transit,closed,True
FIR-2025-CHI-1034,2025-06-27,Chickballapura,Soni Zila,Robbery,BNS 309,highway vehicle stop,convicted,True
FIR-2025-BEL-1035,2025-09-09,Belagavi,Pillay Chowk,NDPS,NDPS Act 20,courier parcel concealment,under-investigation,True
FIR-2024-DAV-1036,2024-03-21,Davanagere,Kalla Path,Rioting,BNS 191,communal flashpoint clash,convicted,True
FIR-2024-DHA-1037,2024-11-15,Dharwad,Zachariah Street,Murder,BNS 103,property dispute,court-pending,True
FIR-2025-MAN-1038,2025-04-25,Mandya,Johal Zila,Murder,BNS 103,property dispute,court-pending,True
FIR-2024-KAL-1039,2024-01-18,Kalaburagi,Sinha Ganj,Chain Snatching,BNS 304,two-wheeler drive-by snatching,convicted,True
FIR-2025-VIJ-1040,2025-03-16,Vijayapur,Rama Street,Murder,BNS 103,gang rivalry,under-investigation,True
FIR-2025-CHI-1041,2025-10-25,Chickballapura,Sama Street,Theft,BNS 303,shop till theft,closed,True
FIR-2024-KAL-1042,2024-09-11,Kalaburagi,Chokshi Path,Rioting,BNS 191,communal flashpoint clash,convicted,True
FIR-2025-BEN-1043,2025-12-13,Bengaluru City,Wali Path,Robbery,BNS 309,knife-point street robbery,under-investigation,True
FIR-2025-VIJ-1044,2025-11-10,Vijayapur,Chatterjee Zila,Extortion,BNS 308,digital arrest threat call,under-investigation,True
FIR-2024-DHA-1045,2024-01-04,Dharwad,Aurora Street,Theft,BNS 303,vehicle theft from parking,under-investigation,True
FIR-2024-SHI-1046,2024-05-24,Shivamogga,Parmer Circle,Theft,BNS 303,shop till theft,under-investigation,True
FIR-2024-DAV-1047,2024-07-24,Davanagere,Saxena Chowk,Extortion,BNS 308,digital arrest threat call,closed,True
FIR-2025-KAL-1048,2025-10-19,Kalaburagi,Chokshi Path,NDPS,NDPS Act 20,courier parcel concealment,under-investigation,True
FIR-2024-BEL-1049,2024-03-05,Belagavi,Dasgupta Circle,Murder,BNS 103,property dispute,closed,True
FIR-2024-KAL-1050,2024-01-04,Kalaburagi,Chokshi Path,NDPS,NDPS Act 20,hostel network supply,charge-sheeted,True
FIR-2024-DHA-1051,2024-11-09,Dharwad,Bal Zila,Robbery,BNS 309,highway vehicle stop,convicted,True
FIR-2024-MYS-1052,2024-11-28,Mysuru,Merchant Chowk,Burglary,BNS 331,night house-break via rear entry,charge-sheeted,True
FIR-2024-MYS-1053,2024-08-24,Mysuru,Kurian Street,Robbery,BNS 309,ATM-exit targeting,charge-sheeted,True
FIR-2025-DAV-1054,2025-01-14,Davanagere,Reddy Chowk,Burglary,BNS 331,lock-picking daytime entry,closed,True
FIR-2024-DAV-1055,2024-09-03,Davanagere,Bali Road,Robbery,BNS 309,ATM-exit targeting,court-pending,True
FIR-2024-BAL-1056,2024-04-12,Ballari,Dubey,Cyber Fraud,IT Act 66D,OTP social engineering,under-investigation,True
FIR-2024-DAK-1057,2024-07-16,Dakshina Kannada,Rege Road,Theft,BNS 303,vehicle theft from parking,convicted,True
FIR-2024-VIJ-1058,2024-04-30,Vijayapur,Yogi Ganj,Murder,BNS 103,property dispute,court-pending,True
FIR-2025-BEN-1059,2025-01-22,Bengaluru City,Iyer Street,Extortion,BNS 308,protection money demand,charge-sheeted,True
FIR-2025-BAL-1060,2025-03-01,Ballari,Saini Circle,Chain Snatching,BNS 304,market crowd snatching,under-investigation,True
FIR-2025-DAV-1061,2025-03-31,Davanagere,Bali Road,Chain Snatching,BNS 304,two-wheeler drive-by snatching,closed,True
FIR-2024-RAI-1062,2024-04-25,Raichur,Swaminathan Zila,Burglary,BNS 331,terrace entry,charge-sheeted,True
FIR-2024-KAL-1063,2024-08-25,Kalaburagi,Sinha Ganj,NDPS,NDPS Act 20,hostel network supply,closed,True
FIR-2024-RAI-1064,2024-09-22,Raichur,Srinivas Nagar,Cyber Fraud,IT Act 66D,UPI phishing call,convicted,True
FIR-2025-BAG-1065,2025-10-01,Bagalkot,Khanna Path,Chain Snatching,BNS 304,two-wheeler drive-by snatching,charge-sheeted,True
FIR-2024-MYS-1066,2024-01-31,Mysuru,Mahajan Circle,Cyber Fraud,IT Act 66D,UPI phishing call,convicted,True
FIR-2025-BEL-1067,2025-05-07,Belagavi,Raj Road,Burglary,BNS 331,terrace entry,convicted,True
FIR-2024-BEL-1068,2024-11-16,Belagavi,Pillay Chowk,Cyber Fraud,IT Act 66D,OTP social engineering,convicted,True
FIR-2025-MYS-1069,2025-05-28,Mysuru,Merchant Chowk,Theft,BNS 303,vehicle theft from parking,charge-sheeted,True
FIR-2025-HAS-1070,2025-01-21,Hassan,Gupta Road,Burglary,BNS 331,terrace entry,charge-sheeted,True
FIR-2025-BAL-1071,2025-06-07,Ballari,Dubey,Theft,BNS 303,vehicle theft from parking,charge-sheeted,True
FIR-2024-DHA-1072,2024-02-24,Dharwad,Ghosh Road,Extortion,BNS 308,digital arrest threat call,under-investigation,True
FIR-2024-MYS-1073,2024-10-01,Mysuru,Mahajan Circle,Murder,BNS 103,property dispute,convicted,True
FIR-2024-BAL-1074,2024-03-06,Ballari,Saini Circle,Chain Snatching,BNS 304,two-wheeler drive-by snatching,court-pending,True
FIR-2024-DAK-1075,2024-10-31,Dakshina Kannada,Shetty Zila,Cheating,BNS 318,investment ponzi scheme,court-pending,True
FIR-2025-SHI-1076,2025-02-03,Shivamogga,Rao Nagar,Murder,BNS 103,property dispute,under-investigation,True
FIR-2025-MAN-1077,2025-11-22,Mandya,Jha,Burglary,BNS 331,night house-break via rear entry,court-pending,True
FIR-2025-SHI-1078,2025-01-21,Shivamogga,Rao Nagar,Extortion,BNS 308,digital arrest threat call,convicted,True
FIR-2025-DAV-1079,2025-06-15,Davanagere,Kalla Path,Burglary,BNS 331,night house-break via rear entry,convicted,True
FIR-2024-MYS-1080,2024-10-23,Mysuru,Merchant Chowk,Murder,BNS 103,personal enmity,under-investigation,True
FIR-2024-BAL-1081,2024-05-05,Ballari,Saini Circle,Rioting,BNS 191,communal flashpoint clash,convicted,True
FIR-2025-VIJ-1082,2025-05-19,Vijayapur,Chatterjee Zila,Burglary,BNS 331,lock-picking daytime entry,charge-sheeted,True
FIR-2024-UDU-1083,2024-12-01,Udupi,Kalita,Robbery,BNS 309,ATM-exit targeting,charge-sheeted,True
FIR-2024-RAI-1084,2024-04-24,Raichur,Srinivas Nagar,Burglary,BNS 331,terrace entry,convicted,True
FIR-2024-BEL-1085,2024-10-17,Belagavi,Raj Road,Theft,BNS 303,pickpocketing in transit,closed,True
FIR-2025-SHI-1086,2025-08-11,Shivamogga,Patil Ganj,Rioting,BNS 191,communal flashpoint clash,court-pending,True
FIR-2024-TUM-1087,2024-05-31,Tumakuru,Kara Street,Burglary,BNS 331,lock-picking daytime entry,charge-sheeted,True
FIR-2025-BEN-1088,2025-01-10,Bengaluru City,Zacharia Street,Murder,BNS 103,property dispute,under-investigation,True
FIR-2024-BEN-1089,2024-05-11,Bengaluru City,Sagar Path,Robbery,BNS 309,knife-point street robbery,closed,True
FIR-2024-BAG-1090,2024-06-06,Bagalkot,Khanna Path,Cheating,BNS 318,land document forgery,charge-sheeted,True
FIR-2025-RAI-1091,2025-06-05,Raichur,Srinivas Nagar,Cheating,BNS 318,investment ponzi scheme,charge-sheeted,True
FIR-2024-BAL-1092,2024-04-28,Ballari,Dubey,Murder,BNS 103,personal enmity,closed,True
FIR-2025-RAI-1093,2025-05-03,Raichur,Srinivas Nagar,Burglary,BNS 331,night house-break via rear entry,charge-sheeted,True
FIR-2025-BEN-1094,2025-12-08,Bengaluru City,Sagar Path,Extortion,BNS 308,protection money demand,court-pending,True
FIR-2025-DHA-1095,2025-10-02,Dharwad,Aurora Street,Chain Snatching,BNS 304,market crowd snatching,convicted,True
FIR-2025-BAL-1096,2025-08-05,Ballari,Saini Circle,Rioting,BNS 191,communal flashpoint clash,charge-sheeted,True
FIR-2024-KAL-1097,2024-08-16,Kalaburagi,Kant,Robbery,BNS 309,ATM-exit targeting,charge-sheeted,True
FIR-2024-RAI-1098,2024-11-12,Raichur,Srinivas Nagar,Chain Snatching,BNS 304,two-wheeler drive-by snatching,court-pending,True
FIR-2024-SHI-1099,2024-01-18,Shivamogga,Patil Ganj,NDPS,NDPS Act 20,courier parcel concealment,closed,True
FIR-2025-MAN-1100,2025-08-27,Mandya,Dass Ganj,Cheating,BNS 318,fake job placement racket,charge-sheeted,True
FIR-2025-BEL-1101,2025-03-12,Belagavi,Dasgupta Circle,Extortion,BNS 308,digital arrest threat call,convicted,True
FIR-2024-KOL-1102,2024-11-14,Kolar,Bassi Ganj,Chain Snatching,BNS 304,two-wheeler drive-by snatching,court-pending,True
FIR-2024-KOL-1103,2024-01-07,Kolar,Mitra Circle,Murder,BNS 103,property dispute,court-pending,True
FIR-2024-TUM-1104,2024-01-27,Tumakuru,Rana Zila,Rioting,BNS 191,protest escalation,court-pending,True
FIR-2025-DHA-1105,2025-04-09,Dharwad,Ghosh Road,Murder,BNS 103,gang rivalry,convicted,True
FIR-2025-DAV-1106,2025-10-14,Davanagere,Kalla Path,Burglary,BNS 331,lock-picking daytime entry,under-investigation,True
FIR-2025-KAL-1107,2025-11-18,Kalaburagi,Sinha Ganj,Cheating,BNS 318,land document forgery,charge-sheeted,True
FIR-2024-BEN-1108,2024-09-26,Bengaluru City,Wali Path,Rioting,BNS 191,protest escalation,closed,True
FIR-2025-DAK-1109,2025-01-01,Dakshina Kannada,Rege Road,Cyber Fraud,IT Act 66D,courier scam,charge-sheeted,True
FIR-2024-BEL-1110,2024-06-16,Belagavi,Dasgupta Circle,Rioting,BNS 191,communal flashpoint clash,convicted,True
FIR-2024-VIJ-1111,2024-05-04,Vijayapur,Chatterjee Zila,Cheating,BNS 318,land document forgery,charge-sheeted,True
FIR-2024-KOL-1112,2024-10-28,Kolar,Chopra Circle,Cheating,BNS 318,investment ponzi scheme,closed,True
FIR-2024-DAK-1113,2024-03-17,Dakshina Kannada,Shetty Zila,Robbery,BNS 309,ATM-exit targeting,convicted,True
FIR-2025-BEL-1114,2025-07-06,Belagavi,Dasgupta Circle,Chain Snatching,BNS 304,market crowd snatching,court-pending,True
FIR-2025-CHI-1115,2025-02-16,Chickballapura,Comar Circle,Murder,BNS 103,gang rivalry,closed,True
FIR-2025-KAL-1116,2025-07-07,Kalaburagi,Chokshi Path,Cheating,BNS 318,investment ponzi scheme,court-pending,True
FIR-2025-KAL-1117,2025-02-18,Kalaburagi,Chokshi Path,Cyber Fraud,IT Act 66D,fake loan app extortion,court-pending,True
FIR-2025-RAI-1118,2025-09-15,Raichur,Sandhu Marg,Rioting,BNS 191,communal flashpoint clash,convicted,True
FIR-2025-BAL-1119,2025-09-11,Ballari,Chaudhary Marg,Murder,BNS 103,gang rivalry,closed,True
FIR-2024-RAI-1120,2024-10-17,Raichur,Swaminathan Zila,Rioting,BNS 191,communal flashpoint clash,closed,True
FIR-2025-CHI-1121,2025-02-03,Chickballapura,Comar Circle,Extortion,BNS 308,protection money demand,court-pending,True
FIR-2025-UDU-1122,2025-05-19,Udupi,Narasimhan Ganj,NDPS,NDPS Act 20,hostel network supply,convicted,True
FIR-2024-RAI-1123,2024-02-09,Raichur,Sandhu Marg,Cyber Fraud,IT Act 66D,UPI phishing call,convicted,True
FIR-2025-UDU-1124,2025-02-03,Udupi,Agate Street,Cyber Fraud,IT Act 66D,UPI phishing call,convicted,True
FIR-2025-BAG-1125,2025-02-06,Bagalkot,Ben Road,NDPS,NDPS Act 20,courier parcel concealment,under-investigation,True
FIR-2025-RAI-1126,2025-11-30,Raichur,Sandhu Marg,Chain Snatching,BNS 304,two-wheeler drive-by snatching,convicted,True
FIR-2024-HAS-1127,2024-09-23,Hassan,Sha Zila,Chain Snatching,BNS 304,market crowd snatching,court-pending,True
FIR-2024-DAK-1128,2024-06-20,Dakshina Kannada,Barad Nagar,Cheating,BNS 318,investment ponzi scheme,closed,True
FIR-2025-DAV-1129,2025-06-15,Davanagere,Saxena Chowk,Extortion,BNS 308,digital arrest threat call,closed,True
FIR-2025-KOL-1130,2025-11-22,Kolar,Chopra Circle,Robbery,BNS 309,knife-point street robbery,closed,True
FIR-2025-HAS-1131,2025-12-22,Hassan,Sha Zila,NDPS,NDPS Act 20,street-level peddling,under-investigation,True
FIR-2024-DAK-1132,2024-07-26,Dakshina Kannada,Dey Zila,Cyber Fraud,IT Act 66D,fake loan app extortion,court-pending,True
FIR-2024-DAV-1133,2024-01-17,Davanagere,Bali Road,Murder,BNS 103,gang rivalry,convicted,True
FIR-2025-KOL-1134,2025-04-12,Kolar,Chopra Circle,Chain Snatching,BNS 304,market crowd snatching,convicted,True
FIR-2024-MAN-1135,2024-10-05,Mandya,Dass Ganj,Murder,BNS 103,property dispute,court-pending,True
FIR-2024-DAK-1136,2024-10-13,Dakshina Kannada,Rege Road,Cyber Fraud,IT Act 66D,OTP social engineering,charge-sheeted,True
FIR-2024-KAL-1137,2024-10-21,Kalaburagi,Narang Nagar,Cyber Fraud,IT Act 66D,UPI phishing call,closed,True
FIR-2024-MAN-1138,2024-11-10,Mandya,Dass Ganj,Chain Snatching,BNS 304,two-wheeler drive-by snatching,court-pending,True
FIR-2025-VIJ-1139,2025-05-07,Vijayapur,Rama Street,Cyber Fraud,IT Act 66D,fake loan app extortion,court-pending,True
FIR-2025-BAG-1140,2025-03-09,Bagalkot,Ghosh Nagar,Burglary,BNS 331,night house-break via rear entry,court-pending,True
FIR-2024-TUM-1141,2024-08-02,Tumakuru,Kara Street,Theft,BNS 303,vehicle theft from parking,convicted,True
FIR-2024-KAL-1142,2024-03-05,Kalaburagi,Chokshi Path,Burglary,BNS 331,terrace entry,court-pending,True
FIR-2024-VIJ-1143,2024-06-12,Vijayapur,Rama Street,Extortion,BNS 308,protection money demand,charge-sheeted,True
FIR-2024-HAS-1144,2024-12-24,Hassan,Kala Zila,Chain Snatching,BNS 304,market crowd snatching,convicted,True
FIR-2024-TUM-1145,2024-02-03,Tumakuru,Rana Zila,Rioting,BNS 191,communal flashpoint clash,charge-sheeted,True
FIR-2025-CHI-1146,2025-10-22,Chickballapura,Comar Circle,Robbery,BNS 309,ATM-exit targeting,under-investigation,True
FIR-2024-VIJ-1147,2024-07-05,Vijayapur,Rama Street,Cyber Fraud,IT Act 66D,UPI phishing call,closed,True
FIR-2024-BAL-1148,2024-05-27,Ballari,Saini Circle,NDPS,NDPS Act 20,courier parcel concealment,charge-sheeted,True
FIR-2025-BEL-1149,2025-03-03,Belagavi,Raj Road,Theft,BNS 303,shop till theft,convicted,True
FIR-2024-BEN-1150,2024-09-10,Bengaluru City,Zacharia Street,Theft,BNS 303,pickpocketing in transit,closed,True
FIR-2024-DAK-1151,2024-06-27,Dakshina Kannada,Shetty Zila,Rioting,BNS 191,protest escalation,charge-sheeted,True
FIR-2025-KAL-1152,2025-06-15,Kalaburagi,Chokshi Path,Cyber Fraud,IT Act 66D,UPI phishing call,convicted,True
FIR-2025-BAG-1153,2025-05-15,Bagalkot,Ben Road,NDPS,NDPS Act 20,street-level peddling,charge-sheeted,True
FIR-2025-MYS-1154,2025-02-07,Mysuru,Mahajan Circle,NDPS,NDPS Act 20,courier parcel concealment,under-investigation,True
FIR-2025-DAK-1155,2025-04-16,Dakshina Kannada,Rege Road,Robbery,BNS 309,ATM-exit targeting,convicted,True
FIR-2025-MAN-1156,2025-08-23,Mandya,Nath Nagar,Rioting,BNS 191,communal flashpoint clash,under-investigation,True
FIR-2025-DHA-1157,2025-08-13,Dharwad,Aurora Street,Murder,BNS 103,gang rivalry,under-investigation,True
FIR-2024-DAK-1158,2024-06-04,Dakshina Kannada,Shetty Zila,Chain Snatching,BNS 304,market crowd snatching,convicted,True
FIR-2025-BEL-1159,2025-11-20,Belagavi,Raj Road,Rioting,BNS 191,communal flashpoint clash,charge-sheeted,True
FIR-2024-VIJ-1160,2024-09-11,Vijayapur,Tailor Road,Cyber Fraud,IT Act 66D,OTP social engineering,closed,True
FIR-2024-BEN-1161,2024-10-18,Bengaluru City,Wali Path,Robbery,BNS 309,knife-point street robbery,court-pending,True
FIR-2024-BEN-1162,2024-05-11,Bengaluru City,Iyer Street,Cheating,BNS 318,fake job placement racket,convicted,True
FIR-2025-MAN-1163,2025-09-02,Mandya,Dass Ganj,Rioting,BNS 191,protest escalation,convicted,True
FIR-2024-VIJ-1164,2024-10-09,Vijayapur,Rama Street,Chain Snatching,BNS 304,market crowd snatching,closed,True
FIR-2024-KAL-1165,2024-03-17,Kalaburagi,Chokshi Path,Theft,BNS 303,shop till theft,convicted,True
FIR-2024-BEN-1166,2024-03-28,Bengaluru City,Wali Path,Chain Snatching,BNS 304,two-wheeler drive-by snatching,closed,True
FIR-2024-MYS-1167,2024-09-12,Mysuru,Mahajan Circle,Murder,BNS 103,property dispute,closed,True
FIR-2024-MAN-1168,2024-03-07,Mandya,Jha,Rioting,BNS 191,communal flashpoint clash,under-investigation,True
FIR-2025-BEN-1169,2025-03-20,Bengaluru City,Sagar Path,Extortion,BNS 308,protection money demand,under-investigation,True
FIR-2025-BAL-1170,2025-07-21,Ballari,Prabhakar Chowk,Cheating,BNS 318,fake job placement racket,charge-sheeted,True
FIR-2025-BEN-1171,2025-04-03,Bengaluru City,Sagar Path,Cyber Fraud,IT Act 66D,UPI phishing call,closed,True
FIR-2024-MAN-1172,2024-10-21,Mandya,Jha,Robbery,BNS 309,knife-point street robbery,charge-sheeted,True
FIR-2025-RAI-1173,2025-03-21,Raichur,Sandhu Marg,Rioting,BNS 191,protest escalation,charge-sheeted,True
FIR-2025-DAV-1174,2025-03-26,Davanagere,Saxena Chowk,Cyber Fraud,IT Act 66D,courier scam,closed,True
FIR-2024-MYS-1175,2024-01-20,Mysuru,Mahajan Circle,Extortion,BNS 308,digital arrest threat call,closed,True
FIR-2024-DAV-1176,2024-02-08,Davanagere,Bali Road,Rioting,BNS 191,communal flashpoint clash,court-pending,True
FIR-2024-DAK-1177,2024-11-20,Dakshina Kannada,Shetty Zila,Robbery,BNS 309,knife-point street robbery,under-investigation,True
FIR-2025-TUM-1178,2025-10-25,Tumakuru,Kara Street,Burglary,BNS 331,lock-picking daytime entry,charge-sheeted,True
FIR-2024-KAL-1179,2024-04-11,Kalaburagi,Sinha Ganj,Cheating,BNS 318,investment ponzi scheme,charge-sheeted,True
FIR-2025-SHI-1180,2025-11-16,Shivamogga,Patil Ganj,NDPS,NDPS Act 20,courier parcel concealment,closed,True
FIR-2024-BAG-1181,2024-08-07,Bagalkot,Khanna Path,Murder,BNS 103,gang rivalry,court-pending,True
FIR-2025-DAV-1182,2025-10-07,Davanagere,Reddy Chowk,Murder,BNS 103,gang rivalry,convicted,True
FIR-2024-BAG-1183,2024-04-24,Bagalkot,Khanna Path,Chain Snatching,BNS 304,market crowd snatching,convicted,True
FIR-2024-RAI-1184,2024-11-07,Raichur,Srinivas Nagar,Theft,BNS 303,pickpocketing in transit,closed,True
FIR-2024-MYS-1185,2024-06-25,Mysuru,Mahajan Circle,NDPS,NDPS Act 20,courier parcel concealment,closed,True
FIR-2025-TUM-1186,2025-10-25,Tumakuru,Kara Street,Robbery,BNS 309,highway vehicle stop,court-pending,True
FIR-2025-KAL-1187,2025-05-31,Kalaburagi,Kant,NDPS,NDPS Act 20,courier parcel concealment,convicted,True
FIR-2024-BEL-1188,2024-12-29,Belagavi,Pillay Chowk,Rioting,BNS 191,communal flashpoint clash,closed,True
FIR-2025-RAI-1189,2025-05-14,Raichur,Srinivas Nagar,Chain Snatching,BNS 304,market crowd snatching,charge-sheeted,True
FIR-2025-DHA-1190,2025-09-11,Dharwad,Bal Zila,Murder,BNS 103,property dispute,convicted,True
FIR-2024-KAL-1191,2024-11-15,Kalaburagi,Chokshi Path,NDPS,NDPS Act 20,street-level peddling,charge-sheeted,True
FIR-2024-DHA-1192,2024-09-05,Dharwad,Bal Zila,Rioting,BNS 191,communal flashpoint clash,court-pending,True
FIR-2025-KOL-1193,2025-12-14,Kolar,Thakur Chowk,NDPS,NDPS Act 20,courier parcel concealment,court-pending,True
FIR-2024-TUM-1194,2024-03-05,Tumakuru,Kara Street,Rioting,BNS 191,communal flashpoint clash,closed,True
FIR-2025-VIJ-1195,2025-02-21,Vijayapur,Rama Street,Burglary,BNS 331,night house-break via rear entry,convicted,True
FIR-2025-HAS-1196,2025-02-14,Hassan,Gupta Road,Cyber Fraud,IT Act 66D,OTP social engineering,closed,True
FIR-2025-VIJ-1197,2025-10-27,Vijayapur,Yogi Ganj,Cyber Fraud,IT Act 66D,courier scam,under-investigation,True
FIR-2024-BEL-1198,2024-05-28,Belagavi,Pillay Chowk,NDPS,NDPS Act 20,street-level peddling,court-pending,True
FIR-2024-RAI-1199,2024-09-28,Raichur,Swaminathan Zila,Cheating,BNS 318,land document forgery,court-pending,True
FIR-2024-HAS-1200,2024-12-01,Hassan,Kala Zila,Robbery,BNS 309,ATM-exit targeting,closed,True
